transaction_id,items,date
1,"tomato, rice, yogurt, apple",2024-07-10
2,"oil, eggs, onion, orange",2024-03-24
3,"cheese, yogurt, onion, oil, banana",2024-07-11
4,"bread, pasta, yogurt, milk",2025-08-03
5,"chicken, sugar",2024-01-05
6,"potato, oil, milk",2025-04-26
7,"cheese, orange, cereal, rice",2024-02-01
8,"oil, yogurt, pasta, tomato",2024-08-28
9,"eggs, banana, apple, bread",2025-12-17
10,"milk, yogurt, eggs, sugar",2024-05-18
11,"milk, orange, tomato",2024-12-21
12,"chicken, tomato",2024-02-20
13,"cereal, yogurt, banana, sugar, tomato",2024-09-09
14,"sugar, banana, tomato",2024-01-07
15,"beef, pasta, apple, yogurt, rice",2025-07-31
16,"cereal, butter, orange, salt, yogurt",2024-02-26
17,"chicken, beef, potato, pasta",2025-03-28
18,"sugar, cheese, chicken",2025-04-08
19,"chicken, salt, potato",2024-05-01
20,"yogurt, beef, pasta",2025-12-16
21,"salt, oil, eggs, milk, rice",2025-03-02
22,"potato, bread",2025-12-11
23,"onion, orange, rice",2024-09-18
24,"salt, cereal, bread, orange",2024-10-28
25,"tomato, cereal, pasta, chicken, orange",2024-05-21
26,"apple, onion, salt, beef, milk, bread",2024-11-04
27,"chicken, onion, salt",2025-02-12
28,"banana, onion, tomato, beef",2024-12-13
29,"bread, cheese, salt",2025-06-24
30,"cheese, salt, oil, tomato",2024-11-07
31,"rice, oil, cheese",2025-07-01
32,"bread, butter",2025-06-14
33,"yogurt, rice, orange, butter",2024-04-29
34,"salt, pasta, tomato",2024-09-29
35,"yogurt, bread, oil, cereal, beef, salt",2025-10-05
36,"chicken, orange, beef",2025-06-20
37,"oil, cereal, bread, beef",2024-12-12
38,"beef, onion, orange, sugar, rice",2025-09-07
39,"oil, cereal, pasta",2025-08-14
40,"oil, salt",2024-01-29
41,"yogurt, banana, onion, rice, orange",2024-10-29
42,"onion, pasta, yogurt, cheese",2024-01-24
43,"cereal, rice, banana, chicken, onion",2025-10-11
44,"oil, sugar",2024-05-30
45,"cereal, rice, eggs, yogurt",2025-12-05
46,"eggs, sugar, bread, orange",2025-02-17
47,"bread, yogurt, apple, sugar, pasta",2024-11-10
48,"banana, orange, yogurt, potato",2025-07-10
49,"sugar, butter, milk, bread, apple, oil",2025-03-12
50,"orange, onion",2024-02-27
51,"butter, rice, tomato",2025-05-11
52,"bread, salt, tomato, orange, milk",2025-10-28
53,"rice, yogurt, butter, potato, tomato, apple",2024-10-31
54,"cheese, pasta",2025-09-03
55,"pasta, cereal, yogurt, onion",2024-04-08
56,"yogurt, salt, eggs, rice, cereal, banana",2025-03-23
57,"beef, cheese",2024-04-07
58,"rice, salt",2025-10-25
59,"rice, orange, pasta, onion",2024-02-06
60,"milk, butter, apple, potato, oil, beef",2025-06-29
61,"apple, butter",2024-08-21
62,"rice, oil, beef, potato, milk",2024-07-18
63,"banana, apple, potato",2025-09-05
64,"banana, cheese, tomato",2024-05-23
65,"beef, potato, pasta, banana, orange, bread",2024-12-01
66,"rice, chicken",2024-04-18
67,"onion, rice, butter, sugar, banana, eggs",2025-06-28
68,"sugar, eggs, bread, beef, yogurt, banana",2025-10-14
69,"bread, eggs",2024-09-26
70,"cereal, yogurt, milk, cheese, bread, oil",2024-01-24
71,"cereal, potato, bread, orange, milk, tomato",2025-11-23
72,"sugar, banana, salt, chicken, onion",2025-02-04
73,"rice, orange, cheese, milk",2025-12-11
74,"beef, bread, butter",2024-01-10
75,"tomato, yogurt, pasta, beef",2025-10-03
76,"banana, oil, orange, cheese, salt",2024-09-20
77,"oil, rice, potato, onion, pasta",2025-02-05
78,"chicken, potato, tomato, salt, cheese, bread",2024-12-17
79,"salt, sugar, chicken, beef, cereal, oil",2025-08-25
80,"salt, butter, orange, sugar, milk, bread",2024-05-19
81,"rice, cheese, pasta, bread, eggs, oil",2025-07-08
82,"orange, butter, chicken, rice, onion, beef",2024-08-20
83,"tomato, yogurt, pasta, eggs, sugar",2025-05-14
84,"yogurt, orange, beef, bread, potato",2025-04-08
85,"rice, onion, sugar, salt, butter",2025-07-11
86,"orange, rice",2025-08-31
87,"rice, pasta, yogurt, chicken, orange",2025-10-10
88,"orange, beef, potato, banana, rice",2025-02-25
89,"potato, onion, beef",2025-09-02
90,"salt, rice, milk, potato, onion, butter",2024-02-29
91,"beef, tomato, milk, pasta, sugar",2024-10-19
92,"apple, chicken, butter, potato, pasta, sugar",2025-07-27
93,"sugar, eggs, cheese, tomato, potato",2025-10-25
94,"butter, cereal, chicken, onion, potato, salt",2025-05-23
95,"apple, butter",2025-03-18
96,"milk, salt, chicken, sugar, butter, orange",2025-02-24
97,"cheese, potato, pasta, cereal",2024-04-24
98,"cereal, butter, orange, eggs, cheese, onion",2025-02-23
99,"onion, cereal, eggs, sugar, milk",2025-02-28
100,"butter, bread, apple, sugar, pasta",2025-11-04
101,"sugar, bread",2025-08-15
102,"oil, chicken, yogurt",2025-01-26
103,"eggs, salt, cheese, beef",2025-04-10
104,"beef, oil, sugar",2025-03-10
105,"banana, eggs, salt",2025-11-01
106,"beef, apple, pasta, eggs, rice",2025-10-20
107,"orange, potato",2024-08-25
108,"cheese, banana",2024-01-04
109,"salt, eggs, cheese, milk",2024-06-21
110,"butter, eggs, orange, chicken, bread",2025-11-13
111,"banana, cheese",2024-03-10
112,"banana, potato, orange, salt",2025-06-22
113,"apple, milk, onion, oil",2024-01-30
114,"tomato, salt, onion, bread, milk",2025-03-29
115,"oil, eggs, yogurt, cheese",2024-04-11
116,"sugar, apple",2025-04-20
117,"orange, potato, bread, beef",2025-07-25
118,"eggs, onion",2024-07-15
119,"butter, beef, cereal, potato",2025-03-13
120,"butter, milk, apple, chicken",2024-09-01
121,"sugar, cheese, milk, oil",2025-01-27
122,"tomato, bread, milk, onion",2025-03-28
123,"chicken, orange, salt, rice, milk",2025-06-25
124,"banana, rice, onion, oil",2024-06-07
125,"onion, chicken, rice, tomato, potato, bread",2025-10-08
126,"bread, beef, apple",2024-10-17
127,"chicken, bread, potato, beef, apple",2024-08-01
128,"cheese, butter, potato, salt",2024-06-14
129,"tomato, cereal, onion, pasta, oil, eggs",2025-06-05
130,"sugar, rice, tomato, banana, chicken",2024-07-28
131,"beef, salt, butter, eggs, sugar, cheese",2025-08-18
132,"apple, rice, pasta, butter, eggs",2024-05-15
133,"butter, sugar",2024-07-25
134,"beef, yogurt, tomato, apple, eggs",2024-06-29
135,"cereal, apple",2025-09-25
136,"beef, cereal, rice",2025-05-13
137,"eggs, orange, yogurt, cheese, butter",2025-06-28
138,"milk, bread, orange, butter",2025-07-26
139,"cheese, onion, chicken, cereal, pasta",2025-01-06
140,"banana, rice",2024-04-23
141,"cereal, oil, potato",2024-04-10
142,"cereal, chicken, cheese, sugar, banana, potato",2024-12-30
143,"butter, bread",2024-07-24
144,"sugar, eggs, pasta",2024-12-14
145,"potato, orange, milk, sugar, cheese",2024-03-27
146,"orange, apple, salt",2024-02-21
147,"sugar, beef, orange, tomato, oil, rice",2024-07-01
148,"banana, orange, eggs",2025-08-14
149,"chicken, sugar",2025-10-18
150,"pasta, cereal, milk, rice, banana, butter",2025-11-17
151,"butter, bread, apple, salt, milk",2024-11-20
152,"eggs, onion, rice, salt, apple, oil",2025-09-20
153,"orange, salt, cereal, potato, milk",2025-06-23
154,"orange, tomato, salt, sugar, butter",2024-01-15
155,"cereal, apple, rice",2025-02-26
156,"tomato, banana, pasta, orange",2025-06-02
157,"chicken, oil",2025-06-06
158,"butter, pasta, beef, potato, apple, cereal",2025-12-03
159,"chicken, onion, apple, tomato, butter, cereal",2024-07-22
160,"banana, potato, sugar, tomato, onion",2025-02-11
161,"chicken, beef, rice, oil, tomato",2025-01-24
162,"apple, rice, chicken, eggs",2024-11-14
163,"milk, apple, eggs, orange, tomato",2025-02-05
164,"salt, yogurt",2025-01-07
165,"apple, potato, banana",2025-07-21
166,"banana, potato",2024-09-13
167,"sugar, banana, yogurt, tomato",2025-01-09
168,"salt, yogurt, chicken, bread",2025-09-21
169,"banana, tomato, chicken, salt, milk, sugar",2025-02-26
170,"sugar, onion, milk, banana",2024-05-12
171,"sugar, beef, oil, potato, pasta, orange",2025-09-15
172,"rice, potato, butter, sugar, tomato",2024-01-20
173,"beef, cereal",2025-10-19
174,"sugar, eggs, cereal, rice, oil",2025-02-09
175,"yogurt, apple, bread, beef, chicken, onion",2024-10-17
176,"tomato, chicken, beef, pasta",2025-01-09
177,"oil, eggs",2025-09-27
178,"potato, cheese, tomato, rice, butter",2024-11-18
179,"eggs, banana",2025-10-02
180,"sugar, apple",2025-06-10
181,"yogurt, milk, orange, salt, beef",2024-04-25
182,"butter, cereal, bread, orange",2025-11-30
183,"milk, orange, banana",2024-08-23
184,"oil, orange, beef, eggs",2025-12-04
185,"cheese, yogurt, salt, sugar, beef, rice",2024-06-28
186,"bread, potato, milk",2025-01-25
187,"onion, milk, rice, potato",2025-11-27
188,"bread, oil, apple, yogurt",2025-07-19
189,"eggs, bread, oil, yogurt",2024-01-06
190,"potato, cheese, tomato, oil, banana",2024-08-01
191,"milk, rice, beef, apple",2025-04-24
192,"rice, potato",2024-10-16
193,"chicken, butter",2025-03-10
194,"orange, banana, eggs, yogurt",2025-08-28
195,"salt, banana, cheese, milk, oil",2025-05-16
196,"bread, onion, apple, oil, tomato, butter",2024-04-27
197,"cheese, milk, sugar, cereal, oil",2024-02-04
198,"pasta, banana",2024-06-28
199,"potato, onion",2025-08-26
200,"yogurt, apple, banana, cereal, eggs, pasta",2024-06-10
201,"sugar, chicken, pasta, onion, tomato, apple",2025-05-24
202,"apple, beef",2024-05-18
203,"oil, potato",2025-12-27
204,"cheese, sugar, tomato, orange, pasta, oil",2025-10-08
205,"cereal, sugar, yogurt",2025-08-11
206,"orange, eggs, bread, cereal, salt",2025-02-21
207,"onion, chicken, bread, apple, rice",2024-06-09
208,"cereal, bread",2024-05-26
209,"milk, orange",2025-04-03
210,"potato, yogurt, eggs",2025-12-08
211,"apple, chicken, onion",2025-02-25
212,"banana, orange, eggs, rice, sugar",2024-02-10
213,"orange, rice",2024-09-02
214,"tomato, cereal",2025-10-10
215,"orange, onion, beef, cereal",2024-08-11
216,"oil, butter, beef, yogurt, eggs",2024-12-28
217,"sugar, tomato, milk, beef",2024-04-26
218,"onion, salt, eggs",2025-06-13
219,"oil, rice, butter, milk",2024-04-19
220,"oil, rice, tomato, butter, eggs, potato",2025-03-17
221,"eggs, tomato, orange, pasta",2025-11-17
222,"bread, beef, yogurt, salt, eggs, milk",2025-12-07
223,"butter, rice, pasta, salt, chicken",2024-09-03
224,"banana, tomato, rice, potato, apple, pasta",2025-06-24
225,"pasta, onion, tomato, orange",2025-03-22
226,"cheese, oil, eggs, onion, sugar, rice",2025-10-09
227,"apple, rice, cereal, cheese, beef, eggs",2025-03-18
228,"cereal, salt, tomato, milk, butter, chicken",2025-09-02
229,"beef, eggs, chicken, orange",2024-09-29
230,"eggs, sugar, potato",2025-04-18
231,"pasta, sugar, cereal, butter, cheese, bread",2025-02-16
232,"beef, eggs, sugar, cereal, rice, chicken",2025-06-11
233,"orange, yogurt",2024-09-20
234,"tomato, cheese, banana, butter",2024-02-04
235,"tomato, chicken, butter",2024-06-27
236,"salt, eggs, rice",2025-01-12
237,"yogurt, beef, apple, salt, chicken, onion",2024-01-25
238,"butter, banana, tomato, pasta, oil, cheese",2024-10-08
239,"beef, eggs, bread, tomato, banana, oil",2025-06-25
240,"beef, butter, cheese, eggs, yogurt",2025-04-25
241,"chicken, cheese, sugar",2024-02-06
242,"rice, sugar",2025-03-23
243,"eggs, banana, milk, potato",2025-03-03
244,"pasta, banana, salt, orange, beef",2025-06-27
245,"cereal, tomato, yogurt, beef, cheese",2025-07-11
246,"bread, milk, sugar, salt",2025-07-21
247,"eggs, oil",2024-06-05
248,"tomato, potato, bread",2025-05-06
249,"tomato, banana, oil, cheese, pasta, chicken",2024-12-14
250,"chicken, banana, potato, cereal, eggs, rice",2024-01-06
251,"tomato, pasta",2024-11-19
252,"salt, pasta",2025-12-29
253,"bread, chicken, oil, eggs, orange, pasta",2024-08-09
254,"sugar, salt",2025-08-11
255,"butter, beef, potato, salt, tomato",2025-02-05
256,"potato, beef, apple, bread, orange",2025-07-29
257,"tomato, oil, orange, cheese, butter, cereal",2025-05-08
258,"rice, sugar, apple, eggs",2025-08-12
259,"milk, potato, cereal, onion, chicken",2025-05-18
260,"orange, cheese",2025-10-31
261,"butter, sugar, beef, orange",2024-02-28
262,"pasta, milk, chicken, salt, cereal, tomato",2024-04-24
263,"potato, bread, oil, chicken",2025-09-24
264,"banana, apple, yogurt, chicken, milk",2024-06-03
265,"potato, oil, butter, cereal",2024-01-25
266,"rice, salt, chicken, onion, sugar, apple",2025-09-26
267,"oil, onion, beef, sugar",2025-03-14
268,"butter, onion, cereal, cheese, tomato",2024-05-01
269,"yogurt, rice, banana, salt, eggs, pasta",2025-05-25
270,"rice, bread, yogurt, banana, cereal",2024-02-22
271,"eggs, onion, pasta, orange, tomato, yogurt",2025-11-02
272,"beef, banana",2025-10-09
273,"sugar, bread, cereal",2025-03-21
274,"butter, cheese, yogurt, beef, orange, salt",2024-03-07
275,"chicken, beef, cereal",2024-11-09
276,"milk, tomato, cereal",2024-12-07
277,"banana, sugar, potato, pasta",2025-01-18
278,"rice, eggs, beef",2024-10-27
279,"chicken, rice, beef, pasta",2025-05-13
280,"yogurt, butter, banana, rice, cheese",2024-12-31
281,"apple, pasta, milk, oil",2024-03-14
282,"butter, banana, cereal",2025-10-20
283,"eggs, butter, potato, orange",2025-02-18
284,"bread, beef, chicken",2024-04-10
285,"beef, tomato",2025-08-09
286,"orange, beef, apple",2025-02-06
287,"salt, sugar, butter",2024-09-19
288,"chicken, cheese, butter",2024-01-06
289,"cereal, rice",2025-03-03
290,"sugar, rice",2024-11-02
291,"oil, onion, cereal, chicken",2024-07-31
292,"cereal, orange, sugar, chicken, onion, apple",2024-05-03
293,"yogurt, cheese, bread, cereal, tomato",2025-10-26
294,"banana, salt, rice, milk, onion, yogurt",2024-12-25
295,"tomato, rice, oil",2025-01-25
296,"cereal, apple, pasta",2025-11-17
297,"oil, potato",2025-07-11
298,"chicken, pasta, apple, cheese, beef",2025-10-25
299,"pasta, salt, cheese, bread, rice",2025-06-22
300,"bread, milk, sugar",2024-08-11
301,"pasta, bread",2025-02-13
302,"beef, eggs",2024-11-22
303,"butter, potato, bread, oil, salt, rice",2025-10-18
304,"cereal, cheese",2025-07-15
305,"oil, beef, bread, potato, milk",2025-01-18
306,"yogurt, sugar, eggs",2024-02-11
307,"butter, cereal, yogurt, onion, bread, tomato",2025-12-28
308,"tomato, orange, onion, salt, apple, chicken",2024-06-23
309,"oil, rice, orange, cheese, tomato",2025-11-07
310,"beef, oil, sugar, banana, pasta",2024-05-17
311,"rice, chicken, tomato, milk, banana",2025-07-07
312,"sugar, salt, banana",2025-04-18
313,"orange, butter, beef, apple, salt",2024-10-27
314,"tomato, potato, cheese, bread, beef, rice",2025-02-11
315,"eggs, tomato, pasta, oil",2024-12-30
316,"cheese, eggs, sugar",2024-11-09
317,"tomato, yogurt, pasta, rice, bread",2025-04-16
318,"chicken, sugar",2024-09-25
319,"orange, tomato, cheese, potato, salt",2025-05-26
320,"banana, bread, sugar, onion, oil",2024-11-16
321,"tomato, oil, butter, cheese, banana",2025-03-03
322,"salt, apple, rice, potato, cheese",2025-09-21
323,"cereal, banana, pasta",2024-10-01
324,"yogurt, onion, butter, orange, pasta",2024-01-10
325,"cereal, potato, chicken, tomato, cheese",2024-05-09
326,"milk, apple, beef, yogurt, butter, cereal",2024-06-08
327,"beef, pasta, banana, sugar, oil, chicken",2025-03-17
328,"cereal, pasta, butter, apple, beef",2025-02-21
329,"butter, sugar, beef, rice, cheese, tomato",2025-03-27
330,"yogurt, orange, milk, rice, sugar, chicken",2024-11-20
331,"yogurt, tomato, butter, eggs, orange, banana",2024-03-24
332,"yogurt, apple, potato",2025-05-15
333,"cheese, orange, cereal",2025-01-31
334,"potato, bread",2024-11-19
335,"oil, banana, tomato",2024-09-30
336,"yogurt, onion, rice, salt",2025-11-12
337,"tomato, milk, butter",2024-03-01
338,"apple, pasta, eggs, banana, potato",2024-07-31
339,"cheese, pasta, cereal",2024-12-26
340,"eggs, pasta, yogurt, banana, cheese, potato",2025-11-04
341,"banana, oil, potato, cheese, butter",2024-06-07
342,"tomato, cereal, beef, banana, milk",2024-08-21
343,"orange, salt, apple, beef",2025-09-14
344,"beef, potato",2024-01-09
345,"oil, sugar, orange, banana, yogurt, rice",2025-01-04
346,"salt, rice",2024-11-01
347,"potato, salt, sugar, rice",2024-05-27
348,"tomato, yogurt, potato, butter",2024-10-31
349,"butter, banana, pasta, beef, orange",2024-02-02
350,"banana, pasta, milk, salt, cheese",2025-05-13
351,"orange, salt, milk, cereal",2025-01-04
352,"beef, bread, oil",2024-12-01
353,"milk, salt",2024-12-06
354,"banana, apple",2025-02-08
355,"tomato, orange, banana, pasta, salt",2025-01-12
356,"apple, orange, cheese",2024-06-30
357,"milk, oil, bread",2025-05-18
358,"oil, potato",2024-09-18
359,"chicken, milk, pasta",2024-05-03
360,"onion, milk, orange, sugar, cereal, bread",2025-08-24
361,"banana, onion, potato",2025-04-30
362,"banana, sugar, cereal, yogurt, apple, oil",2024-03-17
363,"chicken, milk, potato, rice, apple",2025-03-13
364,"yogurt, potato, beef, rice, cereal, chicken",2024-03-26
365,"apple, butter, onion, bread, orange, oil",2024-01-29
366,"onion, potato, tomato",2024-08-11
367,"rice, cheese, milk, bread",2025-04-20
368,"salt, orange, butter",2025-01-31
369,"banana, salt, yogurt",2024-04-06
370,"bread, butter, yogurt",2025-12-28
371,"chicken, sugar, rice, pasta, potato, beef",2025-05-11
372,"tomato, bread",2024-03-03
373,"orange, pasta, yogurt, eggs, chicken",2025-04-18
374,"onion, salt, cereal, chicken, butter, pasta",2024-03-15
375,"oil, cheese, butter, bread, tomato",2025-08-31
376,"rice, orange, oil",2024-04-22
377,"bread, rice",2025-09-15
378,"tomato, beef, milk, oil, chicken, banana",2025-06-11
379,"salt, milk, oil, apple",2024-09-02
380,"cheese, salt, yogurt, onion",2025-01-15
381,"milk, bread",2025-05-08
382,"cereal, yogurt",2025-12-18
383,"yogurt, onion, banana, oil, eggs, apple",2024-04-11
384,"potato, apple, milk, orange",2024-01-20
385,"sugar, bread, pasta",2024-04-05
386,"rice, yogurt, tomato, bread",2025-08-25
387,"sugar, tomato, onion, salt, apple",2025-06-14
388,"yogurt, milk, oil, tomato, pasta",2024-12-22
389,"bread, orange",2025-07-24
390,"eggs, beef",2024-05-15
391,"rice, potato, apple, cheese, milk, beef",2024-06-28
392,"yogurt, beef, salt, milk",2024-04-09
393,"onion, eggs, yogurt, cheese, sugar, oil",2024-11-25
394,"orange, sugar, milk, banana, rice",2025-11-17
395,"orange, beef, pasta, tomato, apple, rice",2024-03-05
396,"yogurt, eggs, onion",2025-05-03
397,"milk, salt, eggs",2025-07-23
398,"potato, apple",2025-05-13
399,"pasta, cheese",2025-09-14
400,"sugar, salt, pasta",2024-05-17
401,"banana, onion, chicken, potato",2025-04-22
402,"beef, apple, orange, sugar",2024-04-16
403,"oil, apple, beef, banana, chicken, orange",2024-05-12
404,"orange, pasta, yogurt, potato, milk, rice",2025-08-22
405,"salt, tomato",2024-05-17
406,"butter, tomato, potato, yogurt, sugar, orange",2024-09-22
407,"beef, yogurt, butter, chicken, onion",2025-01-20
408,"cheese, beef",2024-12-26
409,"yogurt, eggs",2025-03-21
410,"onion, milk",2025-07-04
411,"beef, sugar, bread",2025-09-23
412,"cheese, butter",2025-05-08
413,"onion, eggs, bread, orange",2025-05-11
414,"banana, salt, oil",2024-12-11
415,"salt, rice, beef, milk",2025-06-08
416,"milk, salt, onion, cheese, chicken",2024-10-18
417,"banana, cereal, milk",2024-10-17
418,"orange, sugar, cheese, apple, beef",2025-01-31
419,"cereal, beef, bread, oil, yogurt",2024-05-26
420,"chicken, oil, apple, yogurt, cereal, beef",2025-05-05
421,"banana, cereal, beef",2024-07-02
422,"oil, apple",2024-05-10
423,"butter, milk, chicken, cheese, onion",2024-05-07
424,"onion, orange, eggs, cereal, cheese",2024-04-21
425,"oil, bread, cereal",2024-09-05
426,"eggs, chicken, potato",2024-10-24
427,"cheese, eggs, beef, salt, milk",2024-08-29
428,"tomato, oil, milk, yogurt, apple, beef",2025-12-28
429,"eggs, onion, pasta",2025-09-09
430,"eggs, sugar, orange",2025-02-17
431,"eggs, banana, butter",2025-02-19
432,"apple, bread, sugar, butter, chicken",2025-01-19
433,"potato, eggs, butter, tomato, salt",2024-05-24
434,"onion, beef, apple",2025-07-03
435,"milk, rice, banana",2025-11-12
436,"onion, tomato, orange",2024-06-29
437,"orange, onion",2024-03-15
438,"butter, orange, chicken, potato",2024-02-08
439,"pasta, yogurt",2025-12-22
440,"cheese, tomato, potato",2024-01-30
441,"eggs, bread",2024-02-02
442,"salt, potato, yogurt, beef",2024-11-06
443,"onion, chicken, orange, apple, tomato",2024-01-28
444,"yogurt, bread, potato, oil",2025-08-19
445,"potato, rice",2024-04-03
446,"cereal, cheese, sugar, yogurt",2025-09-02
447,"milk, butter",2024-04-10
448,"bread, cereal",2025-07-05
449,"cereal, pasta, cheese, banana, orange",2024-06-05
450,"onion, eggs, orange, bread",2024-11-10
451,"salt, oil, pasta, chicken, orange, tomato",2025-04-28
452,"cereal, potato, tomato, yogurt, sugar",2024-11-13
453,"oil, rice, cheese, onion, pasta, orange",2025-11-05
454,"cheese, tomato, butter, cereal",2024-07-15
455,"apple, yogurt, eggs, orange",2025-10-01
456,"potato, cereal, orange, tomato",2025-08-25
457,"pasta, chicken, eggs, banana, yogurt",2025-08-21
458,"apple, bread, oil",2025-12-10
459,"sugar, rice, onion, butter, beef",2024-04-27
460,"tomato, eggs, bread, apple, pasta, oil",2024-04-11
461,"sugar, milk, bread",2025-08-04
462,"cheese, chicken, pasta, oil",2024-09-01
463,"cheese, chicken, tomato, cereal",2024-12-18
464,"orange, apple, oil",2024-11-30
465,"yogurt, cereal, tomato",2024-12-03
466,"yogurt, orange, oil",2024-06-12
467,"bread, chicken, oil, orange",2024-11-23
468,"eggs, apple, rice, oil",2024-03-18
469,"apple, bread, cheese",2024-05-27
470,"oil, beef",2024-07-07
471,"cheese, orange, bread, salt",2024-10-23
472,"cheese, chicken, salt, banana",2025-07-28
473,"cheese, tomato, butter, apple, pasta, salt",2025-04-14
474,"tomato, apple, oil, butter, cereal",2024-03-09
475,"oil, butter, pasta, onion, cereal, bread",2024-11-07
476,"apple, cheese, cereal, salt",2024-03-07
477,"rice, banana, yogurt, sugar, apple",2024-10-04
478,"orange, beef",2024-11-24
479,"beef, milk, sugar, orange, onion",2024-11-04
480,"rice, beef, tomato",2025-03-12
481,"tomato, milk, oil",2024-10-17
482,"chicken, milk",2024-02-18
483,"chicken, eggs, orange, cheese",2025-11-25
484,"tomato, orange, oil, beef",2024-06-06
485,"oil, cheese, yogurt, bread",2025-04-10
486,"potato, beef, orange, chicken",2025-03-18
487,"bread, butter",2024-12-25
488,"oil, apple, tomato, pasta",2024-01-23
489,"apple, banana, sugar, oil, potato",2024-02-25
490,"cereal, beef",2024-02-09
491,"chicken, salt, tomato, eggs, pasta, bread",2024-09-15
492,"butter, eggs, beef, sugar, pasta, banana",2025-03-11
493,"sugar, orange, bread",2025-07-23
494,"yogurt, cereal, beef, chicken, rice",2025-08-23
495,"sugar, cheese, onion, rice, tomato",2025-07-05
496,"apple, tomato, pasta, bread, chicken, butter",2024-08-14
497,"beef, chicken, milk",2025-02-12
498,"yogurt, butter, cheese",2025-01-25
499,"eggs, onion, orange",2024-12-22
500,"cheese, rice",2025-12-21
501,"oil, banana, butter, potato",2024-01-16
502,"banana, oil, chicken, salt, pasta, yogurt",2025-08-15
503,"cereal, cheese",2025-03-28
504,"potato, cereal, salt, rice",2025-10-30
505,"eggs, chicken, oil",2024-05-07
506,"sugar, oil, beef, chicken",2024-04-11
507,"eggs, milk, apple, rice, potato",2024-11-23
508,"cereal, butter, eggs, milk, chicken, pasta",2024-06-25
509,"potato, chicken",2025-04-12
510,"orange, cheese",2025-04-23
511,"pasta, milk, sugar, salt, eggs",2024-02-19
512,"potato, sugar, yogurt, rice",2025-11-18
513,"potato, oil, beef",2025-02-04
514,"sugar, apple, butter, potato, yogurt",2024-04-25
515,"butter, yogurt",2024-09-13
516,"butter, banana, chicken, potato, bread, eggs",2024-12-13
517,"potato, banana, rice, pasta, yogurt",2024-12-20
518,"potato, salt",2024-02-19
519,"chicken, milk, salt, onion, yogurt, cheese",2025-10-27
520,"beef, oil, pasta, butter, yogurt",2025-03-13
521,"rice, sugar",2025-10-26
522,"yogurt, salt, beef, chicken",2026-01-01
523,"apple, potato",2024-12-04
524,"orange, cereal, pasta, tomato, onion, cheese",2025-01-07
525,"eggs, cheese, salt",2025-06-21
526,"butter, banana, beef, apple, chicken, tomato",2024-02-17
527,"salt, tomato",2025-03-12
528,"beef, salt, sugar",2024-09-06
529,"apple, tomato",2025-06-16
530,"onion, beef, cheese, potato, tomato, yogurt",2025-09-08
531,"onion, potato",2025-03-13
532,"beef, chicken, yogurt",2024-10-26
533,"cheese, orange, eggs, bread",2024-04-03
534,"apple, orange, eggs, chicken",2025-09-23
535,"butter, bread, apple",2024-04-14
536,"tomato, bread",2025-04-12
537,"orange, beef",2025-11-08
538,"cereal, sugar, chicken, oil",2024-02-19
539,"cheese, sugar, orange, potato",2025-01-05
540,"butter, milk, yogurt",2024-06-18
541,"sugar, eggs, oil, banana, yogurt",2024-10-05
542,"cereal, pasta, beef",2025-10-16
543,"tomato, sugar, rice, oil",2025-05-30
544,"banana, orange, milk",2025-12-29
545,"potato, sugar, rice, pasta, yogurt",2024-09-28
546,"chicken, milk, cheese",2024-12-04
547,"beef, yogurt, chicken, tomato, butter",2025-02-22
548,"beef, orange, apple, rice",2024-12-20
549,"sugar, rice, bread",2024-12-28
550,"potato, butter, cereal",2024-01-06
551,"cereal, chicken, sugar",2024-04-16
552,"onion, pasta, apple, salt",2024-11-26
553,"salt, tomato",2024-10-23
554,"milk, beef",2024-10-02
555,"chicken, oil",2025-02-06
556,"milk, beef, cereal, sugar, cheese, yogurt",2024-01-28
557,"cereal, rice, orange, eggs, butter",2025-05-22
558,"butter, onion, pasta",2024-07-20
559,"banana, orange, chicken, cereal, onion, cheese",2024-05-30
560,"butter, chicken, cereal",2025-11-03
561,"bread, rice, oil",2025-11-28
562,"pasta, tomato",2024-07-23
563,"sugar, banana, rice, cereal, orange, bread",2025-05-15
564,"cereal, butter, bread, pasta, yogurt",2025-04-13
565,"orange, cheese, apple, cereal, potato",2024-02-17
566,"yogurt, salt, potato",2025-05-25
567,"bread, eggs, salt, potato, milk, chicken",2025-08-06
568,"beef, potato, onion",2024-12-09
569,"tomato, sugar, salt, yogurt, rice",2024-11-30
570,"milk, yogurt, sugar",2025-07-20
571,"potato, orange, pasta",2025-03-08
572,"cereal, onion, bread, pasta",2024-01-09
573,"cheese, orange, eggs, cereal",2025-07-09
574,"orange, sugar, banana, salt, rice",2025-03-04
575,"onion, apple",2025-04-14
576,"cereal, milk, yogurt, oil, salt",2024-07-15
577,"potato, rice, chicken",2025-05-07
578,"eggs, milk",2025-02-13
579,"bread, rice",2025-03-27
580,"banana, bread, onion, salt, yogurt, pasta",2025-10-01
581,"beef, banana, pasta, milk",2024-08-23
582,"eggs, chicken, cheese, banana, orange",2024-06-11
583,"cheese, potato, butter, apple, milk, orange",2025-09-29
584,"milk, orange, chicken, onion, rice",2025-11-28
585,"butter, beef, banana, orange, bread, pasta",2024-12-19
586,"potato, banana, orange, pasta",2025-12-21
587,"salt, rice, banana, bread, potato, butter",2025-10-10
588,"cereal, oil, potato",2025-05-07
589,"oil, sugar, butter, potato, beef",2025-01-26
590,"orange, beef, yogurt, bread",2024-12-29
591,"milk, oil, banana, yogurt, cereal, potato",2025-02-01
592,"sugar, cereal, eggs, cheese, salt, yogurt",2025-04-18
593,"cereal, apple, eggs, beef, banana",2025-08-18
594,"bread, cereal, orange",2025-03-10
595,"cereal, yogurt, salt",2024-10-23
596,"banana, cereal",2024-10-25
597,"banana, tomato, pasta, butter",2024-04-21
598,"rice, banana, eggs, bread",2025-10-30
599,"yogurt, oil, onion, tomato",2024-05-12
600,"bread, banana, chicken, orange, yogurt",2024-11-30
601,"bread, eggs",2024-04-27
602,"oil, chicken, yogurt",2024-01-05
603,"potato, milk",2024-06-24
604,"potato, pasta, orange, banana, onion",2025-09-04
605,"butter, orange, potato, pasta",2025-10-09
606,"butter, sugar",2025-02-10
607,"potato, banana, oil, onion",2024-02-11
608,"pasta, beef, onion, orange, eggs",2024-08-26
609,"oil, cheese, chicken, potato",2025-03-05
610,"butter, onion, oil, eggs",2025-06-12
611,"pasta, eggs, bread, rice",2024-12-05
612,"yogurt, apple, chicken, eggs, banana",2024-03-02
613,"oil, tomato",2024-08-26
614,"bread, milk, eggs, beef, apple, salt",2024-01-19
615,"yogurt, salt, cheese, eggs, onion",2024-09-10
616,"milk, orange, eggs, pasta, onion",2025-05-30
617,"butter, salt, rice, cereal, onion, oil",2025-11-11
618,"banana, pasta, milk, cheese",2024-03-06
619,"orange, sugar, cereal, chicken, butter",2025-04-03
620,"bread, yogurt, eggs, chicken, pasta, beef",2025-05-06
621,"salt, yogurt, rice, tomato, pasta, oil",2024-03-07
622,"cereal, milk",2025-01-09
623,"bread, butter, eggs, orange",2024-03-27
624,"tomato, cheese, yogurt",2024-05-30
625,"potato, cheese, cereal, yogurt, orange",2025-02-19
626,"orange, banana, onion, milk, salt",2025-12-08
627,"orange, potato, cereal",2025-04-25
628,"orange, oil",2025-06-04
629,"cereal, sugar, chicken",2024-02-05
630,"onion, orange",2024-07-13
631,"salt, yogurt",2025-07-09
632,"chicken, pasta",2025-07-20
633,"butter, chicken",2024-12-03
634,"yogurt, apple, onion, tomato, cereal",2026-01-01
635,"potato, cheese",2025-05-26
636,"potato, tomato, chicken, onion, beef, milk",2024-03-07
637,"cheese, butter, sugar, onion, pasta, rice",2024-08-09
638,"tomato, apple, orange, potato, salt",2024-09-05
639,"chicken, yogurt, orange, oil",2025-09-20
640,"chicken, oil",2024-01-20
641,"banana, milk, orange, butter",2024-08-24
642,"beef, cereal, orange, potato",2024-03-26
643,"bread, pasta, banana, tomato, butter",2025-05-13
644,"chicken, salt, potato",2025-06-12
645,"oil, cheese, eggs, milk, tomato, sugar",2024-04-08
646,"butter, bread",2024-11-07
647,"eggs, sugar",2025-07-24
648,"potato, tomato, apple, orange",2024-11-01
649,"banana, bread, butter",2025-09-08
650,"milk, orange, tomato, sugar, onion",2025-01-24
651,"butter, onion, banana, yogurt",2024-09-11
652,"apple, sugar, bread, beef, potato, orange",2025-11-13
653,"butter, rice",2024-06-23
654,"oil, bread",2025-04-29
655,"pasta, chicken, onion, eggs, milk",2024-03-25
656,"butter, beef, chicken",2025-12-27
657,"rice, sugar, tomato, butter",2024-02-08
658,"salt, oil, sugar, bread, yogurt",2024-01-14
659,"onion, chicken, sugar, orange",2024-01-21
660,"rice, eggs, beef, butter, sugar, milk",2025-05-10
661,"beef, yogurt, orange, salt, rice, oil",2025-07-14
662,"banana, milk",2024-12-02
663,"butter, beef, rice, orange",2025-12-02
664,"tomato, orange, butter",2025-06-26
665,"orange, potato",2024-09-21
666,"potato, chicken, cereal, milk, cheese",2025-04-14
667,"tomato, bread, banana, chicken, eggs",2025-05-26
668,"potato, bread",2025-08-26
669,"yogurt, potato, cheese, apple",2024-03-16
670,"milk, beef, yogurt",2025-11-22
671,"apple, butter, beef, banana",2025-04-26
672,"orange, rice, cereal",2025-02-08
673,"chicken, eggs, apple, potato",2024-02-03
674,"orange, eggs, potato, salt, beef, bread",2025-12-12
675,"oil, chicken, pasta, orange, yogurt",2024-04-01
676,"cheese, orange",2024-06-06
677,"onion, apple, sugar",2025-09-26
678,"chicken, potato, cheese, cereal, milk",2025-08-10
679,"pasta, sugar, beef, apple, tomato, cheese",2025-03-11
680,"salt, sugar, beef, tomato, cereal, milk",2024-02-21
681,"rice, chicken",2024-11-29
682,"bread, rice, apple",2025-04-15
683,"chicken, potato, cheese, cereal, tomato",2025-10-06
684,"chicken, butter, rice, cereal, banana, bread",2024-09-09
685,"bread, sugar, cheese",2025-09-23
686,"bread, banana, onion, cheese",2025-11-30
687,"onion, pasta, orange, banana, chicken, sugar",2025-01-04
688,"onion, sugar",2025-04-22
689,"apple, rice, beef",2025-10-11
690,"salt, beef, orange, oil, cheese",2024-08-21
691,"chicken, beef, cheese, orange",2025-07-04
692,"tomato, salt",2025-05-04
693,"cheese, oil",2024-05-21
694,"cheese, sugar, chicken, potato, beef",2025-05-31
695,"yogurt, rice, onion, potato",2025-07-29
696,"bread, eggs, cereal, onion",2025-03-12
697,"chicken, cereal",2024-02-16
698,"cereal, eggs, bread, tomato",2024-04-07
699,"onion, apple",2024-11-03
700,"beef, eggs, pasta, onion",2025-09-14
701,"pasta, onion, orange, butter",2025-10-22
702,"tomato, banana, cheese, onion, butter, apple",2024-04-14
703,"cereal, pasta, oil, butter, rice",2025-04-10
704,"orange, milk, butter",2024-03-18
705,"beef, salt, butter, apple, chicken, milk",2025-02-24
706,"bread, pasta, chicken, oil, rice, yogurt",2024-06-14
707,"orange, yogurt, potato, cereal, sugar, eggs",2025-10-02
708,"salt, oil, milk, butter",2024-07-05
709,"cereal, potato, eggs, orange",2024-05-09
710,"yogurt, chicken, tomato, salt",2025-01-04
711,"beef, chicken, yogurt, tomato, milk, bread",2024-07-06
712,"onion, bread",2025-05-26
713,"banana, milk, salt, pasta, oil",2024-08-28
714,"rice, beef, orange, oil, banana",2024-03-31
715,"pasta, salt",2025-01-10
716,"yogurt, potato",2024-10-02
717,"tomato, oil, yogurt",2025-02-16
718,"pasta, onion",2024-05-09
719,"rice, yogurt, tomato, orange, oil, apple",2024-04-08
720,"potato, chicken, onion, apple, cereal",2024-09-30
721,"yogurt, beef, chicken, butter, sugar, apple",2024-04-25
722,"milk, oil, salt, cereal, bread",2024-05-21
723,"orange, eggs, onion, yogurt, tomato, apple",2024-09-20
724,"chicken, apple, potato, banana, sugar",2025-03-10
725,"apple, chicken, beef",2025-08-29
726,"eggs, orange, sugar",2024-06-04
727,"oil, onion, salt",2024-07-09
728,"cheese, sugar, yogurt",2025-04-06
729,"apple, beef, onion",2024-06-07
730,"apple, eggs, potato, beef, bread",2025-11-30
731,"pasta, butter",2025-05-31
732,"rice, banana",2024-10-03
733,"tomato, oil, yogurt",2025-01-03
734,"apple, onion, beef, tomato, banana",2024-12-04
735,"bread, onion, pasta",2024-05-18
736,"eggs, orange",2025-08-21
737,"bread, apple, butter, salt, chicken, tomato",2025-05-22
738,"pasta, onion, sugar, bread",2024-03-04
739,"chicken, yogurt, cheese",2025-11-28
740,"orange, beef, onion, pasta, milk, apple",2025-02-17
741,"cheese, yogurt, eggs, butter, pasta, banana",2024-07-31
742,"eggs, pasta",2025-08-08
743,"yogurt, oil, orange",2025-07-23
744,"bread, onion, pasta, sugar",2024-08-31
745,"apple, yogurt",2025-06-21
746,"yogurt, orange, potato, butter",2024-01-23
747,"cheese, salt, orange, potato, chicken, sugar",2024-07-29
748,"chicken, sugar, milk, cheese, banana, potato",2024-07-17
749,"potato, onion, pasta, apple, oil",2025-02-03
750,"cheese, banana, salt, pasta",2025-12-28
751,"apple, eggs, oil",2025-06-16
752,"bread, butter",2024-09-06
753,"potato, tomato, butter",2025-04-28
754,"onion, potato, apple, sugar, banana, eggs",2024-10-30
755,"salt, tomato, sugar, oil, orange, onion",2024-08-09
756,"sugar, rice",2024-04-13
757,"milk, butter, yogurt, banana",2024-03-01
758,"rice, tomato, butter",2025-11-23
759,"salt, chicken",2025-04-11
760,"bread, cereal, apple, oil, yogurt, banana",2025-12-04
761,"cheese, rice, onion, banana",2025-01-07
762,"potato, cheese, onion, oil, salt",2025-10-28
763,"butter, salt, potato, pasta, oil, banana",2025-04-22
764,"salt, chicken, milk, cheese, yogurt, banana",2025-07-21
765,"orange, butter, oil, rice, cheese",2025-02-17
766,"cereal, salt, pasta, tomato, oil",2025-08-29
767,"cereal, milk, chicken",2024-01-20
768,"milk, bread, orange, onion, salt, pasta",2025-09-17
769,"cereal, onion, cheese, potato, bread",2025-12-12
770,"potato, tomato, beef, yogurt",2025-01-11
771,"potato, salt, cereal, onion, butter, banana",2025-02-22
772,"chicken, sugar",2025-06-30
773,"pasta, orange, salt, cereal",2024-07-11
774,"potato, banana, beef, sugar, tomato",2024-04-01
775,"onion, milk, sugar, oil, tomato, butter",2025-10-07
776,"pasta, bread, cereal",2024-03-06
777,"yogurt, beef, sugar, tomato, milk",2024-04-28
778,"cereal, apple, onion, yogurt",2025-11-02
779,"salt, banana, butter",2025-07-31
780,"butter, eggs",2024-10-20
781,"sugar, cheese, onion, cereal, milk, apple",2025-02-12
782,"beef, milk, sugar, salt",2024-04-30
783,"tomato, chicken, butter",2025-03-04
784,"onion, apple, chicken, tomato, cheese",2025-05-14
785,"butter, yogurt, pasta, onion, orange, beef",2025-03-23
786,"salt, bread, cereal",2024-08-12
787,"tomato, chicken, beef, eggs",2025-05-30
788,"oil, sugar",2025-06-17
789,"cereal, milk",2025-11-07
790,"cereal, potato, apple, beef",2025-04-03
791,"cereal, tomato, salt, eggs, beef",2025-12-21
792,"onion, oil, eggs, rice",2025-03-02
793,"apple, cheese, chicken, potato, pasta, orange",2025-07-29
794,"banana, salt",2025-07-09
795,"beef, yogurt, oil, chicken, tomato",2025-03-31
796,"eggs, tomato, cereal, apple",2024-04-06
797,"onion, potato, beef, eggs, cheese, cereal",2024-01-30
798,"tomato, banana, orange, pasta, oil",2024-09-25
799,"oil, tomato, orange, onion, banana",2025-08-27
800,"salt, bread, potato",2024-05-03
801,"chicken, orange, beef, eggs",2024-02-29
802,"onion, apple",2024-10-09
803,"salt, bread, pasta, beef, sugar, yogurt",2025-02-19
804,"apple, orange, pasta",2025-07-29
805,"rice, milk, oil",2024-08-30
806,"rice, sugar",2025-06-06
807,"butter, chicken, pasta, tomato, cheese",2024-10-09
808,"oil, cereal, bread, rice, orange, pasta",2025-05-20
809,"apple, butter",2024-05-04
810,"chicken, beef",2024-03-07
811,"cereal, banana, orange, bread, apple, eggs",2024-03-17
812,"bread, pasta, beef, milk, salt, yogurt",2024-11-09
813,"chicken, cereal, cheese",2024-06-19
814,"pasta, onion, yogurt, sugar, bread",2024-01-03
815,"potato, tomato, sugar, yogurt",2025-09-28
816,"banana, sugar, onion, milk, rice, potato",2025-03-12
817,"sugar, chicken, milk",2025-10-18
818,"butter, milk, beef, chicken, salt, bread",2025-10-05
819,"pasta, cheese, milk, tomato, rice, beef",2024-08-25
820,"butter, tomato, orange",2025-09-14
821,"onion, sugar, cheese, bread, banana",2025-08-30
822,"banana, tomato, cereal",2024-02-02
823,"bread, butter, pasta, potato, sugar, eggs",2024-02-14
824,"rice, yogurt",2024-08-26
825,"onion, orange, pasta, potato",2025-11-08
826,"oil, potato, cereal, bread, rice, pasta",2025-10-31
827,"pasta, orange, bread, onion, potato",2025-04-05
828,"onion, pasta, chicken, oil",2025-08-10
829,"eggs, apple, sugar, orange, yogurt, milk",2025-04-14
830,"rice, banana, potato",2025-01-08
831,"orange, eggs, bread, chicken",2025-04-19
832,"apple, onion, banana, pasta, beef",2025-01-27
833,"cheese, rice, butter, beef, pasta",2025-01-31
834,"sugar, cereal, eggs",2025-12-08
835,"onion, tomato, orange, banana",2024-03-25
836,"potato, pasta, milk, yogurt, eggs",2025-11-25
837,"butter, beef, orange, tomato, chicken",2024-04-26
838,"chicken, orange, butter, milk",2024-11-25
839,"eggs, salt, bread, cereal",2024-08-06
840,"cheese, pasta",2025-06-18
841,"pasta, chicken",2024-10-18
842,"rice, pasta, orange, tomato",2025-11-20
843,"bread, beef",2025-07-25
844,"rice, salt, apple",2025-01-01
845,"eggs, beef, sugar, banana",2025-01-19
846,"chicken, banana",2025-11-14
847,"milk, oil, salt, orange",2025-04-27
848,"orange, sugar",2025-08-16
849,"orange, cheese, rice",2025-12-23
850,"chicken, cheese, banana, sugar, orange",2024-05-05
851,"cheese, sugar",2024-03-30
852,"chicken, beef, pasta",2024-11-12
853,"apple, butter, yogurt, milk, onion",2025-05-24
854,"onion, oil, banana, tomato, sugar",2025-09-25
855,"potato, milk, apple, pasta, bread, eggs",2025-06-26
856,"orange, banana, cereal, oil, cheese",2024-08-10
857,"banana, tomato, bread",2025-06-29
858,"sugar, orange",2024-09-27
859,"chicken, butter",2024-06-05
860,"beef, potato, yogurt, cheese, oil, cereal",2024-08-27
861,"beef, butter",2024-01-08
862,"oil, cereal, onion, orange, tomato",2025-08-23
863,"bread, milk, apple, yogurt, onion, sugar",2025-06-08
864,"orange, salt, cereal, tomato",2024-11-12
865,"apple, salt",2024-08-29
866,"cheese, salt, butter",2024-03-07
867,"orange, cheese, yogurt, banana, beef, chicken",2025-02-15
868,"eggs, rice, onion",2024-09-02
869,"salt, cheese, beef",2025-01-15
870,"salt, rice, pasta, milk",2024-12-12
871,"salt, eggs, butter, banana",2025-11-19
872,"pasta, sugar, milk, orange, bread, butter",2025-07-06
873,"yogurt, onion, potato, sugar, chicken",2025-08-24
874,"yogurt, beef, onion, cheese",2025-04-07
875,"yogurt, sugar, banana, cheese, tomato",2025-06-14
876,"yogurt, bread, butter, rice, potato",2025-04-10
877,"apple, banana, potato, bread",2024-04-29
878,"rice, salt, sugar",2025-08-27
879,"yogurt, orange, banana",2025-03-25
880,"apple, cheese, potato, salt",2024-05-19
881,"eggs, apple, onion",2024-05-18
882,"sugar, onion, cheese, rice, pasta, butter",2024-02-27
883,"potato, eggs, pasta, milk",2025-11-07
884,"chicken, sugar",2025-12-16
885,"orange, butter, beef, chicken, tomato",2024-11-05
886,"milk, eggs, potato, bread",2024-01-16
887,"orange, potato, banana, butter, apple, bread",2024-04-30
888,"sugar, onion, apple, oil, milk, cheese",2024-07-20
889,"potato, banana, tomato, butter, bread, rice",2024-05-21
890,"salt, cheese",2025-01-12
891,"butter, oil, yogurt, eggs, tomato, apple",2025-07-22
892,"butter, cheese, bread, cereal",2024-07-20
893,"chicken, tomato",2024-11-19
894,"apple, yogurt, pasta, potato, onion",2024-08-08
895,"potato, bread, sugar",2025-09-30
896,"onion, milk, pasta",2025-03-28
897,"yogurt, beef, pasta, milk",2024-03-02
898,"cereal, yogurt, apple, salt",2024-01-06
899,"eggs, potato, butter, chicken, onion, pasta",2025-01-27
900,"cheese, yogurt",2024-07-29
901,"banana, cheese",2025-05-11
902,"chicken, milk, banana, sugar, potato, salt",2025-03-29
903,"rice, onion, sugar",2024-11-03
904,"cheese, salt, milk, beef",2025-11-28
905,"apple, rice, sugar, potato, cheese",2024-12-12
906,"beef, onion, bread, cereal, apple",2025-08-28
907,"tomato, chicken",2025-05-25
908,"apple, oil, milk",2024-02-05
909,"eggs, yogurt, cheese, chicken, pasta, milk",2025-01-24
910,"bread, apple, sugar",2024-05-09
911,"butter, salt, cereal, yogurt, banana, pasta",2025-06-12
912,"cheese, bread",2025-07-09
913,"banana, onion, chicken, salt, cereal",2025-05-28
914,"salt, yogurt, chicken, oil, banana",2024-07-15
915,"orange, pasta, yogurt, banana, cereal",2025-05-28
916,"rice, yogurt, tomato, bread, milk, chicken",2025-10-13
917,"chicken, rice, oil",2024-01-28
918,"sugar, eggs, butter, oil, tomato, milk",2024-08-13
919,"potato, beef, eggs, tomato, apple",2024-02-09
920,"apple, orange, chicken",2024-07-28
921,"cheese, beef, pasta",2024-03-06
922,"onion, rice, cereal",2025-07-14
923,"onion, cereal",2024-11-28
924,"banana, cheese, yogurt",2024-11-22
925,"butter, chicken, pasta, cereal",2025-12-07
926,"sugar, onion",2024-04-02
927,"chicken, orange, oil",2025-10-15
928,"oil, beef",2025-12-07
929,"potato, tomato",2025-08-14
930,"sugar, onion",2024-01-29
931,"bread, oil",2025-01-25
932,"cereal, onion, salt",2025-04-01
933,"rice, apple, orange, butter, cereal",2025-04-05
934,"tomato, milk, potato, yogurt, bread",2024-02-09
935,"pasta, yogurt, rice, apple, cheese",2025-04-28
936,"apple, cereal, rice, bread, eggs, milk",2025-03-07
937,"yogurt, orange",2025-08-07
938,"rice, eggs, sugar, onion",2024-01-13
939,"eggs, tomato, salt, cheese, milk",2025-07-29
940,"banana, cereal, beef",2025-11-19
941,"chicken, pasta, sugar",2025-12-07
942,"sugar, milk, banana, yogurt, oil",2024-10-29
943,"chicken, orange, butter",2024-11-09
944,"cereal, milk, potato, tomato, orange",2025-11-05
945,"butter, beef, salt, banana, orange",2025-05-22
946,"pasta, cereal",2024-09-28
947,"potato, sugar, cheese, eggs, tomato, banana",2024-09-05
948,"cereal, bread, milk, onion, pasta",2024-05-24
949,"apple, tomato, sugar",2025-10-05
950,"beef, eggs, yogurt",2025-06-24
951,"oil, rice",2024-05-21
952,"pasta, apple, sugar, cheese",2025-03-05
953,"cheese, sugar, apple, butter, bread, pasta",2024-03-01
954,"butter, orange",2024-08-17
955,"orange, cereal, yogurt",2025-12-18
956,"onion, beef, orange, salt",2025-11-06
957,"milk, eggs, banana, rice",2025-05-01
958,"onion, orange, salt, cheese",2024-01-04
959,"apple, banana, potato, onion, yogurt, eggs",2025-01-04
960,"onion, cheese, apple, beef, cereal",2024-02-11
961,"beef, oil, milk, butter, tomato",2024-06-11
962,"potato, apple, pasta",2024-06-04
963,"milk, cheese, tomato, bread, banana",2024-03-18
964,"onion, rice",2024-04-04
965,"eggs, orange",2024-05-27
966,"rice, cereal",2024-02-05
967,"tomato, eggs, oil, orange, pasta, rice",2024-04-29
968,"rice, cereal, orange",2024-02-01
969,"oil, banana",2024-12-20
970,"beef, tomato, orange",2025-12-07
971,"sugar, cheese, chicken, orange, onion",2025-09-28
972,"beef, rice, milk, cereal, onion, salt",2024-05-31
973,"sugar, butter, chicken, bread, salt",2024-12-21
974,"eggs, milk, orange, sugar",2025-02-15
975,"tomato, chicken",2024-08-18
976,"cheese, orange, chicken, oil, potato",2024-01-03
977,"beef, yogurt",2025-11-15
978,"rice, sugar, banana, orange, bread, eggs",2025-12-09
979,"salt, apple, rice, chicken, potato, orange",2025-11-18
980,"banana, rice, pasta, cereal, apple",2025-10-15
981,"potato, orange, apple",2025-08-09
982,"rice, beef, butter, oil",2024-08-28
983,"onion, butter, cheese, potato",2024-02-22
984,"milk, chicken, yogurt, orange, sugar, beef",2024-08-02
985,"milk, rice, banana",2024-09-03
986,"yogurt, oil",2024-07-10
987,"orange, eggs",2025-07-26
988,"rice, pasta",2025-04-02
989,"onion, sugar, cheese",2025-06-14
990,"apple, tomato, chicken, eggs, potato, cheese",2025-08-28
991,"cereal, yogurt, milk, pasta, tomato, butter",2025-10-20
992,"butter, beef",2024-09-05
993,"yogurt, rice, pasta",2024-09-16
994,"chicken, onion, milk, tomato, apple, butter",2024-12-02
995,"cereal, oil, pasta, chicken",2025-11-22
996,"onion, oil, apple",2024-10-23
997,"oil, milk, beef",2025-05-24
998,"sugar, tomato, beef, eggs",2024-06-11
999,"oil, chicken, salt",2025-07-05
1000,"banana, onion, chicken, oil",2024-06-20
1001,"pasta, chicken, oil, potato, sugar, yogurt",2025-10-09
1002,"orange, potato, apple, milk, onion",2024-04-13
1003,"cereal, oil, bread",2025-12-07
1004,"butter, oil, onion",2025-03-13
1005,"cereal, pasta, apple, rice, beef, eggs",2025-09-20
1006,"apple, tomato, eggs, oil",2024-08-18
1007,"cereal, oil",2025-11-12
1008,"salt, yogurt",2024-11-05
1009,"tomato, beef, eggs, banana, sugar",2025-07-24
1010,"salt, yogurt, sugar, eggs, potato, pasta",2024-09-08
1011,"rice, chicken, pasta, oil, milk, beef",2024-02-04
1012,"bread, onion, milk, yogurt, pasta, beef",2024-02-03
1013,"eggs, beef",2024-07-13
1014,"chicken, sugar, orange",2025-09-15
1015,"oil, salt, onion, cheese",2025-04-28
1016,"tomato, sugar, bread, salt, cheese",2024-04-17
1017,"sugar, bread, cereal, orange, pasta",2025-02-17
1018,"sugar, pasta, cheese, rice",2025-02-21
1019,"pasta, oil, apple",2024-03-08
1020,"onion, bread, oil, banana, beef, cheese",2024-11-30
1021,"pasta, butter, chicken, salt, apple",2025-04-16
1022,"bread, sugar, oil",2025-08-22
1023,"oil, orange, potato, onion",2025-06-17
1024,"butter, beef, bread, yogurt, apple, potato",2024-04-14
1025,"yogurt, butter",2025-11-16
1026,"eggs, salt, cereal",2024-07-08
1027,"oil, onion, yogurt",2024-02-27
1028,"yogurt, pasta",2024-01-10
1029,"yogurt, chicken, rice, butter, potato, oil",2024-07-09
1030,"salt, chicken, cereal, sugar, yogurt",2024-05-09
1031,"beef, banana, sugar, oil, rice",2024-02-19
1032,"onion, salt, orange",2024-08-06
1033,"salt, pasta",2024-08-12
1034,"orange, tomato, banana, sugar, milk, cheese",2024-12-10
1035,"salt, rice",2025-11-04
1036,"cereal, rice, banana",2024-01-08
1037,"yogurt, pasta",2025-02-21
1038,"orange, oil, cheese, salt, sugar",2024-03-23
1039,"yogurt, chicken, beef",2024-12-13
1040,"tomato, apple, cereal, rice",2025-02-19
1041,"milk, oil",2024-05-16
1042,"banana, cheese",2025-12-03
1043,"onion, butter, rice, apple, beef",2024-08-31
1044,"pasta, tomato, bread",2024-09-02
1045,"oil, tomato, apple, cereal, cheese, banana",2024-01-17
1046,"rice, pasta",2024-09-06
1047,"banana, chicken, potato",2024-10-07
1048,"sugar, pasta, orange",2025-04-13
1049,"cheese, pasta, salt, onion",2024-03-30
1050,"salt, sugar, banana, yogurt",2025-07-13
1051,"salt, eggs",2024-08-01
1052,"salt, chicken, eggs, beef, orange",2025-10-25
1053,"sugar, bread, yogurt",2025-01-31
1054,"onion, beef, potato, yogurt, orange",2025-02-20
1055,"yogurt, salt, bread, cheese, butter",2025-02-01
1056,"milk, beef, butter",2025-08-06
1057,"tomato, rice, banana",2024-09-13
1058,"bread, cheese, chicken",2024-04-05
1059,"apple, salt, sugar, beef, banana, oil",2024-08-13
1060,"apple, orange, cereal, bread, butter, onion",2025-01-21
1061,"onion, cheese, rice, apple, cereal, potato",2025-12-29
1062,"cereal, potato, rice",2025-08-03
1063,"milk, pasta",2025-10-19
1064,"cheese, rice, bread",2024-06-15
1065,"chicken, butter, cheese, apple, pasta, eggs",2024-03-25
1066,"banana, cheese, tomato, yogurt, cereal",2024-02-13
1067,"oil, sugar, onion, rice, banana, yogurt",2024-10-07
1068,"orange, apple, salt",2025-07-11
1069,"pasta, banana, oil",2025-02-23
1070,"potato, milk, oil",2025-02-05
1071,"cereal, milk, apple, potato, yogurt, orange",2025-06-22
1072,"cheese, banana, milk, yogurt",2024-11-10
1073,"milk, apple, eggs",2025-11-30
1074,"milk, tomato, cheese, apple",2025-06-09
1075,"rice, butter, banana, orange, milk, salt",2025-07-22
1076,"yogurt, rice, cheese, beef",2025-04-22
1077,"pasta, potato, oil, chicken",2025-06-24
1078,"chicken, yogurt, salt, bread, eggs",2025-08-16
1079,"rice, onion, sugar, oil, pasta, beef",2025-06-26
1080,"salt, chicken, butter, milk",2024-03-07
1081,"yogurt, apple, milk, cheese, oil, onion",2025-08-30
1082,"cheese, butter, cereal, sugar",2024-05-19
1083,"yogurt, oil, rice",2025-07-03
1084,"eggs, bread",2025-11-01
1085,"cheese, orange, apple",2025-10-16
1086,"sugar, cheese, potato, butter",2025-08-23
1087,"potato, eggs, rice",2025-04-08
1088,"beef, pasta",2024-03-22
1089,"orange, banana",2024-03-16
1090,"cereal, chicken, cheese",2025-06-06
1091,"banana, rice, cheese, orange, yogurt",2024-02-23
1092,"milk, chicken, banana, yogurt",2025-01-20
1093,"cereal, onion, cheese",2025-09-28
1094,"eggs, orange, pasta, cheese, tomato",2024-04-14
1095,"orange, apple, milk, beef",2025-02-05
1096,"potato, oil, sugar, orange, milk",2024-02-13
1097,"salt, banana, pasta",2024-11-03
1098,"oil, potato, cereal, cheese, onion",2024-08-02
1099,"salt, butter, chicken, yogurt, sugar",2025-08-10
1100,"orange, potato, pasta, bread, salt, beef",2024-01-28
1101,"banana, tomato, cheese, chicken, onion, butter",2025-01-28
1102,"cereal, potato",2025-06-25
1103,"bread, beef, cheese, chicken, rice",2024-09-15
1104,"salt, cereal, butter, pasta",2024-01-25
1105,"chicken, yogurt, sugar",2025-03-04
1106,"orange, milk, apple, sugar, tomato",2024-06-04
1107,"potato, beef, onion, tomato",2024-07-03
1108,"pasta, apple, sugar, tomato, cheese, beef",2024-09-18
1109,"cheese, onion, yogurt, tomato, rice, sugar",2025-10-14
1110,"butter, yogurt, onion, chicken",2025-10-12
1111,"milk, rice, tomato, bread, apple, pasta",2025-05-12
1112,"oil, cheese, tomato, apple, butter",2024-08-06
1113,"eggs, tomato",2024-02-18
1114,"cheese, apple",2025-05-28
1115,"milk, tomato, orange, pasta",2025-08-14
1116,"cereal, tomato, butter, milk, onion",2024-08-08
1117,"pasta, cheese, sugar",2025-06-08
1118,"cereal, cheese, yogurt, onion, chicken, rice",2025-04-16
1119,"onion, chicken, eggs, rice, banana, bread",2025-12-27
1120,"eggs, pasta, milk",2025-10-02
1121,"cheese, cereal, milk",2024-08-07
1122,"chicken, yogurt, orange, cheese",2025-05-16
1123,"oil, milk",2024-07-06
1124,"pasta, onion, salt, sugar, milk",2025-08-05
1125,"orange, sugar, yogurt, banana",2024-08-04
1126,"oil, bread, pasta, orange, milk",2025-03-03
1127,"yogurt, banana, beef, bread",2025-08-06
1128,"banana, chicken",2024-11-26
1129,"onion, sugar, eggs",2025-05-02
1130,"potato, cereal, eggs, oil, bread, onion",2024-06-29
1131,"milk, banana, yogurt",2024-07-29
1132,"onion, chicken, sugar, rice, cheese, bread",2024-01-04
1133,"pasta, onion, milk, cereal, orange",2025-09-12
1134,"milk, rice, oil, eggs",2025-10-07
1135,"tomato, cereal, pasta, salt",2025-04-10
1136,"banana, yogurt, chicken, beef, salt",2024-05-29
1137,"tomato, oil, cheese, onion, rice, banana",2025-10-01
1138,"chicken, apple, butter, cheese, beef, onion",2025-12-11
1139,"apple, sugar, salt",2025-08-28
1140,"apple, butter, banana, salt, milk",2025-09-14
1141,"cereal, butter, banana, beef",2024-02-22
1142,"rice, eggs, milk, oil, orange",2024-01-08
1143,"onion, cereal, potato",2025-10-20
1144,"rice, apple, bread, sugar",2025-11-21
1145,"tomato, yogurt, onion, oil",2025-04-25
1146,"milk, bread, chicken, eggs",2024-02-16
1147,"beef, chicken, salt, milk, yogurt, bread",2025-11-01
1148,"sugar, yogurt, orange, cheese, eggs, onion",2024-08-25
1149,"salt, rice",2025-02-27
1150,"tomato, banana, pasta, eggs",2024-03-08
1151,"pasta, eggs, salt",2025-08-12
1152,"potato, onion, cheese, banana, eggs, beef",2025-02-19
1153,"rice, sugar, bread, beef, banana",2024-01-12
1154,"cereal, oil, orange",2024-10-26
1155,"onion, milk",2025-04-10
1156,"potato, onion",2025-06-07
1157,"orange, banana, chicken, yogurt, cereal, bread",2024-10-10
1158,"salt, orange",2024-03-17
1159,"onion, sugar",2025-11-12
1160,"rice, chicken, salt",2025-01-04
1161,"cheese, potato, rice, milk",2024-04-21
1162,"salt, yogurt, banana, tomato, rice, bread",2024-06-24
1163,"oil, sugar",2024-03-20
1164,"onion, milk, apple",2024-07-17
1165,"oil, butter, cereal, apple, beef",2025-12-03
1166,"eggs, butter",2025-04-26
1167,"chicken, oil, pasta, onion, milk, sugar",2025-04-21
1168,"salt, sugar, chicken, banana, potato",2024-03-17
1169,"pasta, cereal, bread, yogurt, orange",2024-06-11
1170,"cereal, salt, orange",2025-12-21
1171,"apple, tomato, potato",2025-01-01
1172,"cereal, yogurt, eggs",2024-01-28
1173,"oil, sugar, salt, bread, rice",2024-04-03
1174,"orange, salt, onion, eggs, banana, milk",2024-07-26
1175,"sugar, potato, rice, orange, chicken, milk",2025-06-11
1176,"yogurt, cheese, bread",2024-07-09
1177,"potato, rice, milk",2025-07-21
1178,"eggs, pasta",2024-05-04
1179,"rice, chicken",2024-10-08
1180,"potato, yogurt, milk, apple",2024-08-18
1181,"banana, chicken",2024-03-24
1182,"sugar, milk",2025-12-07
1183,"apple, banana, potato, tomato",2024-06-09
1184,"chicken, yogurt, beef, eggs, bread, sugar",2025-01-13
1185,"banana, chicken, salt, butter",2024-01-29
1186,"pasta, eggs, cheese",2025-09-20
1187,"potato, cereal, bread, sugar, banana, salt",2024-05-04
1188,"rice, orange, pasta",2024-03-26
1189,"sugar, cereal, butter, beef, bread",2025-10-29
1190,"tomato, cereal, potato",2024-11-22
1191,"onion, rice, oil, pasta",2025-04-06
1192,"oil, cereal",2024-10-07
1193,"yogurt, potato",2025-08-08
1194,"milk, butter, cheese, banana, yogurt, onion",2025-06-01
1195,"banana, potato, milk, beef, pasta, onion",2025-06-15
1196,"cereal, apple",2024-01-23
1197,"pasta, sugar, banana, cheese, apple, salt",2024-08-13
1198,"chicken, orange",2025-10-10
1199,"butter, beef, cheese, eggs, chicken",2024-09-27
1200,"orange, beef",2024-08-15
1201,"potato, eggs, rice, tomato, apple",2025-05-08
1202,"chicken, banana",2024-02-27
1203,"banana, potato, chicken, rice, onion",2025-08-27
1204,"pasta, oil",2025-06-18
1205,"tomato, apple, onion, beef, banana",2024-01-22
1206,"yogurt, oil, cereal, rice",2024-02-02
1207,"chicken, potato, cheese, tomato, beef",2025-06-02
1208,"butter, salt, cereal",2025-03-15
1209,"sugar, eggs, banana, cereal, tomato",2025-02-09
1210,"cheese, chicken, milk, eggs, onion, orange",2025-10-27
1211,"onion, banana",2024-06-29
1212,"milk, sugar, oil",2024-08-26
1213,"onion, rice, orange, yogurt, potato",2025-10-16
1214,"beef, chicken, onion, apple, bread",2024-04-19
1215,"onion, milk, butter, salt",2025-01-25
1216,"sugar, beef, apple, chicken, salt",2025-06-04
1217,"bread, orange",2024-04-23
1218,"milk, apple",2024-08-01
1219,"bread, milk, chicken",2024-07-31
1220,"pasta, beef, cheese, orange, sugar",2025-09-11
1221,"apple, rice, oil",2024-03-23
1222,"cereal, onion, potato, banana, tomato",2024-10-13
1223,"orange, apple, chicken, oil",2024-06-15
1224,"eggs, butter, beef, bread, chicken, milk",2025-04-19
1225,"yogurt, cereal, sugar",2024-09-25
1226,"cheese, pasta, yogurt, milk",2024-06-15
1227,"cereal, beef",2024-02-07
1228,"chicken, pasta, bread, eggs",2024-09-08
1229,"tomato, butter, cheese",2024-05-31
1230,"chicken, tomato, banana, yogurt, potato",2024-10-12
1231,"banana, bread, chicken",2025-06-20
1232,"salt, banana, chicken, onion, tomato, sugar",2025-05-11
1233,"bread, orange",2025-02-11
1234,"orange, sugar, eggs",2025-11-19
1235,"milk, bread, rice, salt",2025-09-22
1236,"yogurt, eggs, milk, banana",2025-03-25
1237,"tomato, yogurt, cereal, cheese",2025-02-23
1238,"banana, oil, salt, yogurt, onion, orange",2025-12-12
1239,"banana, beef",2024-01-31
1240,"potato, cereal, eggs, tomato, salt",2024-02-28
1241,"eggs, onion",2025-10-25
1242,"beef, cheese, tomato, bread",2024-03-22
1243,"rice, apple, potato",2024-06-16
1244,"eggs, chicken, cereal, salt, rice, sugar",2024-01-01
1245,"cereal, banana",2024-10-14
1246,"butter, salt, eggs, bread, onion, apple",2024-02-19
1247,"cereal, pasta, rice, apple, onion",2024-02-17
1248,"pasta, cereal",2024-06-21
1249,"orange, bread, tomato",2025-02-17
1250,"bread, chicken, beef, cheese, banana",2024-08-17
1251,"oil, chicken",2025-01-01
1252,"apple, oil",2024-02-10
1253,"cheese, milk",2025-01-16
1254,"banana, yogurt, pasta, eggs",2025-01-23
1255,"chicken, rice, yogurt",2025-05-17
1256,"cheese, cereal, chicken, salt",2024-04-16
1257,"butter, pasta, banana, apple, oil",2024-08-31
1258,"bread, butter, banana, cereal, eggs",2024-06-15
1259,"orange, beef",2024-06-03
1260,"bread, butter, milk, sugar, pasta",2024-03-14
1261,"banana, milk, salt",2024-07-09
1262,"beef, onion, banana, milk, salt",2025-07-21
1263,"butter, salt",2024-10-25
1264,"oil, orange, milk, eggs, apple",2024-03-11
1265,"banana, oil, beef, potato, sugar",2025-03-26
1266,"chicken, beef, orange, sugar, potato, oil",2025-02-25
1267,"potato, cheese, chicken, milk, rice",2025-10-12
1268,"milk, chicken, butter, banana, tomato, pasta",2025-03-27
1269,"beef, butter, eggs, onion",2024-12-31
1270,"apple, milk, oil, beef",2024-12-07
1271,"rice, yogurt, banana",2024-09-05
1272,"eggs, pasta",2025-02-11
1273,"milk, salt, potato, orange",2025-01-22
1274,"orange, rice",2025-07-02
1275,"eggs, salt, rice, bread, beef",2024-08-27
1276,"tomato, orange",2024-10-15
1277,"onion, apple, potato, milk, orange",2024-02-03
1278,"cereal, milk, potato, cheese, apple, chicken",2025-08-21
1279,"rice, banana, butter, chicken, oil",2025-07-02
1280,"pasta, bread, salt, chicken",2025-03-16
1281,"milk, cheese",2024-07-06
1282,"apple, sugar",2025-07-16
1283,"orange, sugar, eggs, tomato, pasta, cereal",2024-12-05
1284,"beef, rice, tomato",2024-11-15
1285,"eggs, oil, salt, chicken, rice, cereal",2024-03-25
1286,"onion, potato, sugar, banana",2025-09-22
1287,"tomato, rice, apple, salt, eggs, onion",2024-07-08
1288,"butter, cheese, cereal",2025-04-24
1289,"beef, chicken, onion, bread, cheese, potato",2025-11-24
1290,"potato, yogurt, milk, butter, oil, salt",2024-02-01
1291,"bread, eggs, milk, oil, tomato, yogurt",2025-11-30
1292,"oil, potato, eggs, sugar, beef, yogurt",2025-06-10
1293,"bread, tomato, potato",2024-05-21
1294,"rice, banana, yogurt, oil, apple, eggs",2024-06-28
1295,"cereal, onion",2024-12-06
1296,"rice, butter",2025-05-22
1297,"pasta, apple, cereal, salt",2025-11-25
1298,"orange, salt",2025-12-29
1299,"butter, cereal, potato, banana, eggs, orange",2024-05-01
1300,"orange, cheese, onion, potato, cereal",2024-08-24
1301,"banana, orange, yogurt",2025-02-16
1302,"banana, eggs, milk, sugar, beef, orange",2025-05-26
1303,"yogurt, onion, chicken, pasta",2025-07-18
1304,"orange, apple, yogurt, cheese, oil, chicken",2025-10-08
1305,"milk, bread, onion, orange, pasta",2024-08-31
1306,"rice, chicken, apple, cheese, yogurt",2025-06-21
1307,"potato, salt, oil, cereal, orange, milk",2025-04-05
1308,"rice, apple, butter, oil, tomato, milk",2024-03-19
1309,"salt, onion, sugar, apple",2024-12-16
1310,"potato, cereal",2024-08-22
1311,"onion, apple, tomato",2025-04-24
1312,"bread, sugar",2024-04-06
1313,"eggs, onion, yogurt",2024-07-01
1314,"bread, milk, butter, cereal",2025-06-29
1315,"cereal, potato",2025-11-28
1316,"sugar, eggs, beef, pasta",2025-10-08
1317,"eggs, rice, cereal, tomato, onion, bread",2024-04-27
1318,"orange, pasta, cereal, bread",2024-01-21
1319,"rice, milk, salt, orange, potato, cheese",2025-12-27
1320,"salt, pasta, rice, onion",2025-08-27
1321,"salt, chicken, pasta, tomato, rice, oil",2025-10-04
1322,"cereal, yogurt, bread, salt, sugar, pasta",2024-01-08
1323,"eggs, pasta",2025-06-04
1324,"beef, orange, tomato",2025-11-05
1325,"eggs, orange, chicken, sugar, apple",2025-03-02
1326,"banana, pasta",2025-11-30
1327,"banana, oil, butter",2024-06-24
1328,"butter, cereal, apple, yogurt, onion",2025-08-27
1329,"salt, apple, banana",2025-01-13
1330,"salt, beef, orange, yogurt, banana",2024-07-31
1331,"milk, rice",2024-06-04
1332,"cheese, tomato, rice",2025-05-05
1333,"oil, apple, butter, eggs, sugar",2024-03-23
1334,"orange, butter, tomato, salt, chicken, rice",2024-09-30
1335,"banana, rice, oil, eggs, pasta",2024-05-07
1336,"apple, potato, onion, yogurt, salt, oil",2025-10-01
1337,"oil, potato, banana",2025-02-24
1338,"oil, yogurt, cereal, pasta, bread",2024-04-26
1339,"banana, chicken",2024-02-18
1340,"apple, milk",2024-05-05
1341,"cheese, pasta, potato, tomato",2025-03-10
1342,"bread, tomato, potato, orange",2024-07-30
1343,"potato, chicken, pasta, apple, orange",2025-02-16
1344,"orange, chicken, beef, potato, cereal",2024-01-08
1345,"rice, bread, tomato",2024-07-19
1346,"cereal, chicken, butter, oil",2024-08-08
1347,"oil, banana, salt, yogurt, beef",2024-04-16
1348,"salt, beef",2025-03-15
1349,"sugar, tomato, bread",2025-04-26
1350,"onion, milk, potato, cereal, apple",2024-02-04
1351,"orange, apple, oil",2025-02-12
1352,"yogurt, potato",2024-02-14
1353,"pasta, oil, potato, beef, tomato, onion",2025-03-21
1354,"milk, eggs, cereal, rice, banana",2025-11-02
1355,"tomato, cereal, bread",2025-07-01
1356,"eggs, milk, rice",2024-02-28
1357,"beef, rice, sugar, pasta",2024-07-08
1358,"orange, yogurt, cheese",2024-03-22
1359,"milk, cereal, onion, oil, salt",2025-03-28
1360,"bread, rice, butter",2025-06-29
1361,"oil, orange, cereal, potato, pasta",2024-04-08
1362,"banana, potato, sugar, onion, cereal, apple",2024-07-16
1363,"oil, orange, pasta",2024-06-11
1364,"onion, sugar, cereal",2025-08-03
1365,"apple, pasta, cheese, beef, tomato, milk",2024-02-07
1366,"banana, cereal, salt, onion, cheese",2024-06-03
1367,"onion, banana",2024-11-30
1368,"oil, yogurt, sugar, orange",2024-10-15
1369,"orange, eggs, salt",2024-12-28
1370,"cheese, rice, bread, orange",2024-07-11
1371,"cheese, beef, yogurt, onion",2025-09-07
1372,"butter, banana, chicken",2024-02-03
1373,"cheese, eggs, apple",2024-04-21
1374,"salt, rice, potato, eggs, bread",2025-03-09
1375,"banana, eggs, milk, orange, yogurt, beef",2025-02-24
1376,"potato, yogurt",2024-07-16
1377,"cheese, cereal, apple, oil",2025-02-27
1378,"oil, orange, banana, rice, beef, salt",2025-11-16
1379,"tomato, oil, eggs, pasta, banana, yogurt",2025-02-02
1380,"beef, cheese",2025-09-03
1381,"cereal, apple, beef, potato",2024-03-13
1382,"yogurt, salt",2024-08-05
1383,"butter, potato, salt, apple, sugar",2025-06-28
1384,"onion, cheese, salt, orange, butter",2024-03-03
1385,"milk, yogurt, eggs, onion",2024-04-21
1386,"yogurt, banana, onion, oil, sugar",2025-09-30
1387,"tomato, rice, cheese",2025-06-12
1388,"pasta, eggs",2024-09-01
1389,"butter, salt",2024-06-09
1390,"yogurt, salt",2025-08-28
1391,"rice, tomato, butter, pasta",2025-05-01
1392,"banana, onion, orange",2024-12-06
1393,"oil, cereal, eggs, bread",2025-10-05
1394,"tomato, salt",2024-06-01
1395,"eggs, apple, orange, sugar, chicken, banana",2024-07-08
1396,"pasta, salt, eggs, cheese, butter",2024-08-16
1397,"salt, beef",2025-11-13
1398,"sugar, yogurt, milk, onion",2024-08-26
1399,"onion, rice, oil, yogurt, banana, butter",2025-04-20
1400,"chicken, eggs, salt, cereal",2024-01-22
1401,"eggs, orange, onion, cheese",2025-11-23
1402,"rice, butter, pasta",2024-07-05
1403,"oil, rice, sugar, cereal, yogurt",2025-01-11
1404,"yogurt, onion, cereal, apple, potato, oil",2025-03-23
1405,"chicken, sugar, salt, cereal, yogurt, tomato",2024-07-28
1406,"onion, yogurt, banana",2025-04-30
1407,"potato, beef, cheese",2025-01-10
1408,"orange, rice, milk, bread",2024-05-07
1409,"milk, rice, cereal, pasta",2024-09-14
1410,"cheese, potato, rice",2024-03-28
1411,"sugar, rice",2025-08-17
1412,"yogurt, cheese, rice, cereal, banana, bread",2025-06-16
1413,"cereal, milk, oil",2024-06-07
1414,"eggs, onion",2025-03-29
1415,"pasta, onion, apple",2024-06-15
1416,"banana, eggs, pasta, oil, potato",2025-12-21
1417,"apple, beef, orange",2025-01-05
1418,"salt, chicken",2025-02-01
1419,"chicken, potato, orange, sugar",2025-11-27
1420,"potato, salt",2024-11-06
1421,"tomato, pasta, cereal",2024-02-20
1422,"cereal, apple",2025-02-27
1423,"cereal, milk",2025-07-28
1424,"oil, eggs, butter, banana, beef",2025-01-17
1425,"cheese, cereal, rice, chicken, oil",2024-07-24
1426,"banana, oil",2025-11-02
1427,"pasta, potato",2025-03-02
1428,"rice, orange, pasta",2025-10-16
1429,"banana, orange, butter, sugar, oil, rice",2025-04-07
1430,"milk, rice, orange, tomato, chicken",2025-01-20
1431,"potato, chicken",2024-06-25
1432,"chicken, yogurt",2024-10-30
1433,"eggs, chicken, butter, onion",2025-04-16
1434,"milk, potato, bread",2024-04-03
1435,"chicken, cheese, bread, pasta, onion",2024-08-31
1436,"cereal, tomato, cheese",2024-07-18
1437,"banana, milk, sugar",2024-05-29
1438,"beef, rice, onion, cheese, yogurt",2024-01-23
1439,"orange, oil, sugar",2024-06-04
1440,"salt, chicken, butter, cereal, cheese",2025-05-14
1441,"sugar, yogurt, potato, orange, banana, salt",2025-08-14
1442,"beef, cereal, potato, oil, salt",2025-04-30
1443,"oil, salt, rice, sugar, orange",2025-04-09
1444,"bread, eggs, cheese",2024-07-18
1445,"bread, milk, salt, chicken, tomato",2025-02-06
1446,"rice, tomato, yogurt",2025-09-16
1447,"bread, milk",2025-04-20
1448,"butter, eggs, pasta, banana",2025-09-25
1449,"potato, cheese, apple, orange, butter, salt",2025-02-08
1450,"butter, milk, eggs, beef, cereal, onion",2024-06-27
1451,"yogurt, bread, banana, apple, eggs, rice",2024-01-18
1452,"eggs, orange, cheese",2025-05-15
1453,"banana, milk",2025-10-28
1454,"pasta, butter, salt, sugar, rice, beef",2024-12-03
1455,"sugar, beef, eggs, tomato, cheese",2024-05-05
1456,"yogurt, potato, onion, tomato",2025-11-13
1457,"tomato, potato, apple, pasta, salt, cereal",2025-08-27
1458,"yogurt, pasta, beef",2024-03-02
1459,"oil, potato, eggs, rice",2025-09-23
1460,"oil, eggs",2024-02-28
1461,"oil, salt, rice, onion",2025-11-15
1462,"cereal, pasta, banana, bread, beef",2025-12-12
1463,"beef, tomato, potato",2025-03-01
1464,"beef, banana",2025-01-08
1465,"eggs, yogurt, cereal, rice, cheese, oil",2025-01-17
1466,"potato, pasta, butter, milk, apple, tomato",2024-10-19
1467,"salt, oil, cereal, orange",2024-08-10
1468,"chicken, sugar, rice, salt",2024-10-08
1469,"butter, yogurt, eggs, onion, beef, chicken",2025-07-15
1470,"apple, banana, sugar, milk, butter, orange",2024-06-22
1471,"sugar, cheese, apple",2025-09-19
1472,"sugar, milk, potato",2025-09-17
1473,"oil, banana, potato, sugar",2024-03-21
1474,"chicken, salt, banana, yogurt",2025-03-16
1475,"bread, sugar, cheese, salt, banana",2024-01-02
1476,"cereal, potato",2025-03-28
1477,"onion, beef, milk",2025-01-24
1478,"salt, yogurt",2025-10-16
1479,"salt, eggs, bread, apple, milk, sugar",2025-01-31
1480,"chicken, rice, tomato",2024-12-15
1481,"butter, banana, cereal",2024-08-25
1482,"tomato, bread, rice, sugar, banana, eggs",2024-06-12
1483,"salt, rice, bread, sugar, potato",2025-02-03
1484,"cereal, bread, potato, banana, salt",2024-08-01
1485,"beef, yogurt, cereal, apple, rice, pasta",2025-02-05
1486,"sugar, potato",2025-11-22
1487,"oil, orange",2024-11-13
1488,"butter, sugar, salt, beef, yogurt, milk",2024-06-01
1489,"cereal, bread, chicken, milk, butter, beef",2024-08-26
1490,"oil, rice, apple",2024-01-01
1491,"orange, cereal, pasta",2025-05-07
1492,"tomato, butter, apple, sugar, chicken, eggs",2025-06-13
1493,"potato, yogurt, tomato",2025-01-25
1494,"milk, cheese",2024-05-26
1495,"eggs, chicken, potato, sugar, tomato",2025-11-16
1496,"apple, beef",2025-03-15
1497,"cereal, yogurt, salt, tomato, orange, cheese",2024-06-13
1498,"sugar, yogurt, beef, tomato, eggs, oil",2025-12-07
1499,"salt, bread",2024-08-09
1500,"cereal, beef, sugar, onion",2024-05-25
1501,"pasta, banana",2025-07-31
1502,"apple, yogurt, oil, beef",2025-11-25
1503,"pasta, eggs",2024-09-12
1504,"chicken, rice, banana",2024-08-04
1505,"apple, rice, cereal, salt",2025-05-10
1506,"orange, chicken, salt",2025-03-04
1507,"cheese, onion, tomato, butter, bread",2024-06-11
1508,"onion, milk, sugar, potato, eggs, chicken",2024-06-24
1509,"bread, cheese, butter, apple",2024-03-02
1510,"eggs, oil",2025-05-07
1511,"milk, rice, cheese",2025-09-15
1512,"cereal, potato, apple, sugar",2024-02-29
1513,"orange, salt, pasta, tomato, butter, rice",2025-06-13
1514,"chicken, potato",2025-04-24
1515,"potato, beef, chicken, eggs",2025-03-19
1516,"oil, butter, rice, orange, beef",2024-10-15
1517,"eggs, salt",2024-02-18
1518,"apple, onion, cheese, potato",2024-05-11
1519,"chicken, apple, rice",2024-12-09
1520,"pasta, cereal, milk",2024-01-29
1521,"cheese, bread, sugar, potato, apple, chicken",2024-10-30
1522,"cheese, eggs, onion, oil, chicken, milk",2025-12-25
1523,"cereal, apple, oil, pasta",2025-08-25
1524,"onion, potato, chicken, sugar, oil, tomato",2025-02-12
1525,"yogurt, orange, beef, butter",2025-07-18
1526,"salt, bread, apple, beef",2025-04-05
1527,"onion, chicken, eggs, milk",2024-07-10
1528,"onion, orange, milk, salt",2024-01-19
1529,"rice, milk, cereal",2025-05-13
1530,"chicken, tomato, cereal",2025-01-04
1531,"salt, bread, yogurt, milk",2024-10-12
1532,"bread, cereal",2025-10-17
1533,"rice, salt, potato",2025-01-30
1534,"potato, butter",2024-05-23
1535,"rice, sugar, eggs, onion, salt",2024-10-03
1536,"yogurt, cereal",2024-02-10
1537,"banana, butter, potato",2025-11-04
1538,"eggs, cereal",2024-01-01
1539,"chicken, potato, banana, butter",2025-07-02
1540,"onion, pasta, milk",2025-09-22
1541,"banana, rice, bread, eggs",2025-12-23
1542,"chicken, cereal, orange, pasta, salt, eggs",2025-07-01
1543,"onion, banana, sugar, apple, cheese, chicken",2024-11-01
1544,"banana, chicken, pasta, onion, orange, bread",2024-04-24
1545,"beef, oil, milk, cheese, orange, salt",2025-09-20
1546,"eggs, cereal, butter, pasta",2025-12-01
1547,"apple, cereal, eggs",2024-07-10
1548,"rice, banana",2024-10-12
1549,"pasta, cheese, potato, banana",2024-08-11
1550,"rice, apple, orange",2024-03-31
1551,"oil, eggs, milk, bread, cheese, sugar",2025-02-27
1552,"sugar, tomato, rice",2025-05-09
1553,"bread, butter",2024-07-06
1554,"salt, yogurt, pasta, beef, tomato",2024-10-22
1555,"eggs, chicken",2025-11-11
1556,"milk, rice, banana, cereal",2024-04-13
1557,"sugar, chicken, onion, salt",2025-12-24
1558,"oil, butter, apple, cereal, rice, onion",2025-03-13
1559,"beef, yogurt, banana, sugar",2024-02-01
1560,"eggs, oil, banana, tomato",2024-10-29
1561,"tomato, cheese, apple, potato, salt",2024-06-17
1562,"oil, pasta, potato",2024-04-06
1563,"oil, eggs, orange, bread",2024-06-08
1564,"cereal, orange, sugar, bread, potato, apple",2024-02-11
1565,"yogurt, rice, chicken, eggs",2025-01-18
1566,"orange, banana, milk, oil, eggs, onion",2024-12-11
1567,"potato, bread, rice, butter, apple",2025-10-31
1568,"cheese, rice, banana, pasta, salt, butter",2024-05-07
1569,"oil, beef",2024-03-09
1570,"chicken, sugar, pasta, cereal, rice",2025-09-07
1571,"orange, apple, rice, cheese, tomato",2025-05-12
1572,"oil, potato, onion",2025-09-01
1573,"pasta, butter, chicken",2024-12-13
1574,"eggs, cheese, potato, beef, salt, tomato",2025-10-19
1575,"orange, cereal, potato, oil, butter",2024-10-01
1576,"salt, oil, orange, banana, butter, bread",2025-01-20
1577,"potato, rice, pasta, sugar, yogurt",2025-01-10
1578,"oil, tomato, orange, rice",2025-08-31
1579,"orange, eggs, potato, rice, beef, apple",2025-03-08
1580,"butter, sugar, cereal, eggs, apple, cheese",2025-08-03
1581,"banana, apple, eggs",2025-05-28
1582,"beef, butter, pasta, yogurt",2024-01-18
1583,"cheese, salt, onion, tomato, eggs",2025-06-06
1584,"banana, bread, milk, oil, cheese",2024-06-13
1585,"onion, milk, eggs, cereal",2024-01-24
1586,"bread, eggs",2025-09-08
1587,"chicken, rice, cheese, salt, apple, butter",2024-07-27
1588,"beef, eggs, orange, milk",2025-04-27
1589,"oil, chicken, onion, bread, sugar, salt",2025-12-27
1590,"potato, salt",2025-08-25
1591,"salt, sugar, apple, chicken, beef",2025-12-13
1592,"sugar, eggs, rice, pasta, banana, tomato",2025-08-13
1593,"cheese, oil, apple, bread, potato",2024-09-09
1594,"sugar, apple, onion, eggs, oil, pasta",2025-01-17
1595,"rice, sugar",2025-07-12
1596,"cheese, potato",2024-12-22
1597,"cereal, eggs, bread",2024-01-16
1598,"milk, apple, onion, eggs, pasta",2024-12-16
1599,"cheese, milk, potato, rice, banana, yogurt",2025-12-20
1600,"rice, cereal, cheese, chicken",2024-05-24
1601,"bread, yogurt, oil, cereal, onion",2025-06-18
1602,"banana, apple, milk, salt, sugar",2025-08-12
1603,"banana, apple",2025-04-06
1604,"butter, yogurt, chicken, beef, cheese",2025-05-16
1605,"potato, bread, salt, cereal, chicken",2025-10-06
1606,"onion, apple, eggs",2025-08-08
1607,"butter, milk, pasta, beef",2025-07-03
1608,"chicken, banana, apple, cereal",2024-08-23
1609,"oil, tomato",2025-06-15
1610,"milk, eggs, banana, tomato",2025-04-25
1611,"butter, rice, eggs, salt, apple",2024-05-05
1612,"tomato, bread",2025-01-25
1613,"chicken, sugar, salt, tomato, apple",2024-03-22
1614,"beef, salt, tomato, milk, rice",2024-10-03
1615,"tomato, rice, butter, cheese, chicken",2024-02-21
1616,"apple, chicken, orange",2024-01-06
1617,"chicken, orange, sugar, potato",2024-08-19
1618,"tomato, orange, yogurt, banana, bread, milk",2025-03-09
1619,"oil, salt, rice",2024-07-22
1620,"orange, eggs",2024-11-09
1621,"eggs, potato, orange",2025-04-28
1622,"butter, beef",2024-02-03
1623,"tomato, cereal, orange, chicken, salt",2025-12-07
1624,"bread, yogurt, chicken, potato, cereal",2025-07-03
1625,"salt, cheese, onion, tomato",2024-10-18
1626,"oil, sugar, eggs, apple",2024-10-25
1627,"chicken, oil, cheese",2025-06-22
1628,"tomato, milk, chicken, oil",2024-04-30
1629,"bread, pasta, salt, orange, cheese",2024-08-17
1630,"orange, yogurt, banana",2025-05-07
1631,"pasta, banana",2024-10-06
1632,"eggs, yogurt, tomato, milk",2025-03-21
1633,"cereal, apple, beef",2024-11-30
1634,"potato, banana, beef",2024-07-21
1635,"sugar, rice, milk",2025-07-07
1636,"cheese, chicken, banana, apple, bread",2025-12-07
1637,"oil, butter, cereal",2024-04-15
1638,"banana, milk, beef, rice, apple",2025-07-11
1639,"butter, tomato, cheese",2024-06-28
1640,"oil, beef, cereal",2025-08-02
1641,"eggs, salt, oil, pasta",2025-01-07
1642,"cheese, apple, oil, beef, chicken, salt",2024-12-20
1643,"eggs, bread",2025-11-14
1644,"chicken, beef, milk, yogurt",2024-10-30
1645,"chicken, oil, pasta",2024-06-02
1646,"beef, cereal, chicken",2024-07-04
1647,"beef, bread, butter",2025-12-06
1648,"oil, orange, salt, cheese, banana",2024-08-15
1649,"bread, pasta, sugar, tomato, orange, oil",2024-09-26
1650,"cereal, cheese, butter, chicken",2024-10-13
1651,"pasta, salt",2024-05-03
1652,"butter, tomato",2024-08-13
1653,"tomato, cereal, chicken, butter, orange",2025-08-12
1654,"milk, cereal, butter, potato, apple, salt",2024-11-04
1655,"eggs, cereal",2024-11-30
1656,"salt, butter",2024-03-18
1657,"onion, cheese",2025-05-25
1658,"yogurt, beef, butter, potato",2024-12-24
1659,"butter, orange, salt, onion, cereal, bread",2024-08-12
1660,"pasta, rice, potato, banana",2025-01-27
1661,"yogurt, beef, butter",2024-07-05
1662,"pasta, sugar, onion, chicken, cereal",2024-06-14
1663,"apple, orange",2025-10-17
1664,"apple, rice, bread",2025-07-15
1665,"bread, eggs, pasta, rice, beef",2024-07-10
1666,"cereal, banana, yogurt, oil, apple, bread",2024-07-11
1667,"milk, chicken, apple, butter, beef",2025-10-27
1668,"milk, salt, yogurt",2025-09-08
1669,"rice, cheese, bread, sugar",2024-08-14
1670,"oil, apple, milk, banana, sugar",2025-03-07
1671,"bread, orange, apple, onion",2024-12-25
1672,"pasta, milk, salt, chicken, tomato",2024-04-13
1673,"bread, yogurt, pasta, potato, chicken",2025-09-02
1674,"beef, rice, bread",2024-10-05
1675,"oil, orange, banana, sugar, butter, beef",2024-12-15
1676,"potato, banana, apple",2025-07-31
1677,"cheese, butter",2024-02-27
1678,"bread, milk, potato, beef, oil, cheese",2025-12-13
1679,"apple, pasta, bread",2024-06-29
1680,"pasta, apple, onion, tomato, yogurt",2025-04-14
1681,"potato, orange",2025-02-19
1682,"cheese, milk, salt, pasta, yogurt",2024-06-27
1683,"tomato, yogurt, apple, orange, oil",2025-03-11
1684,"oil, onion, milk, pasta",2025-07-09
1685,"pasta, onion, rice, salt",2025-05-05
1686,"cereal, chicken, beef, yogurt, orange, butter",2024-07-17
1687,"eggs, oil, sugar, apple, yogurt, beef",2024-11-28
1688,"onion, potato",2024-11-02
1689,"butter, eggs, onion, cereal",2024-12-23
1690,"milk, beef, cereal, salt, cheese, pasta",2024-03-16
1691,"sugar, onion, chicken, butter",2025-11-04
1692,"milk, rice, cheese, beef, oil, cereal",2024-01-29
1693,"onion, pasta, beef, banana, sugar",2024-10-03
1694,"sugar, tomato, rice, banana, butter, cheese",2024-08-04
1695,"sugar, onion, apple, rice, cereal",2024-08-23
1696,"cereal, beef, oil, salt",2024-04-01
1697,"milk, eggs, banana, onion, beef, sugar",2025-05-25
1698,"rice, cereal, yogurt, eggs",2025-04-07
1699,"butter, pasta, onion, orange, eggs",2024-07-16
1700,"chicken, sugar, salt",2024-06-21
1701,"butter, salt, chicken, pasta, banana, onion",2024-03-29
1702,"cereal, onion, apple, milk, sugar",2025-04-01
1703,"sugar, bread, butter, onion, tomato",2024-04-13
1704,"orange, eggs, onion, cheese",2025-03-09
1705,"banana, eggs, butter",2024-08-06
1706,"potato, apple, bread, pasta",2024-11-07
1707,"beef, salt, milk, yogurt",2025-03-22
1708,"rice, apple, eggs",2024-12-25
1709,"beef, orange, tomato",2024-11-13
1710,"cheese, yogurt, beef, banana, cereal",2025-07-02
1711,"milk, cheese, banana, beef",2024-04-21
1712,"oil, cereal, pasta, yogurt",2025-05-08
1713,"onion, banana, bread, beef",2025-02-22
1714,"cereal, apple, beef, eggs",2025-07-08
1715,"sugar, yogurt",2024-06-23
1716,"apple, bread, potato, salt, cereal, orange",2024-12-02
1717,"pasta, oil, onion, tomato, rice, apple",2025-02-24
1718,"eggs, oil, rice",2025-12-29
1719,"potato, sugar, beef, cheese",2025-10-05
1720,"rice, tomato, eggs, bread, cheese",2024-06-18
1721,"potato, oil",2024-12-26
1722,"bread, apple, cereal",2024-10-03
1723,"yogurt, sugar, eggs, tomato",2025-09-17
1724,"onion, pasta",2025-07-21
1725,"potato, oil",2024-07-05
1726,"apple, potato, tomato, onion, banana",2024-11-22
1727,"yogurt, cheese, banana, milk, orange",2025-11-11
1728,"pasta, potato, sugar, oil",2025-12-18
1729,"onion, orange, milk",2025-04-22
1730,"sugar, banana, pasta, apple",2024-12-01
1731,"yogurt, cheese, eggs, orange",2025-01-20
1732,"onion, rice, tomato, banana, cereal, salt",2025-01-24
1733,"milk, potato, banana",2024-07-12
1734,"eggs, salt, oil, apple, sugar",2025-03-26
1735,"yogurt, oil, orange",2024-11-02
1736,"salt, sugar, tomato, cereal, eggs",2025-04-20
1737,"chicken, rice, pasta, milk, bread",2024-05-18
1738,"oil, pasta, apple",2025-05-16
1739,"yogurt, cheese",2024-10-01
1740,"apple, banana",2024-07-07
1741,"oil, sugar, orange, yogurt",2025-02-13
1742,"pasta, yogurt, beef, eggs",2025-01-13
1743,"banana, cheese, rice, yogurt, sugar, onion",2024-03-21
1744,"apple, yogurt, pasta, oil",2025-10-12
1745,"potato, pasta",2024-05-25
1746,"pasta, beef",2025-02-28
1747,"butter, tomato",2024-06-11
1748,"salt, chicken, onion, pasta, apple",2025-05-16
1749,"salt, orange, beef",2025-02-13
1750,"bread, orange, tomato, onion, milk, cereal",2025-02-21
1751,"milk, onion, cheese",2025-06-09
1752,"oil, sugar",2024-10-24
1753,"bread, apple",2024-04-22
1754,"butter, tomato, apple, salt",2024-03-19
1755,"orange, milk",2025-06-07
1756,"sugar, orange, butter, cereal",2024-04-26
1757,"tomato, rice",2024-08-11
1758,"potato, onion",2025-05-04
1759,"bread, cheese, beef",2025-01-27
1760,"tomato, butter, cereal, beef, sugar",2024-08-04
1761,"banana, pasta",2024-06-28
1762,"sugar, salt, chicken, butter, rice, pasta",2024-09-04
1763,"oil, onion",2025-06-04
1764,"eggs, tomato, apple, sugar",2025-04-15
1765,"butter, salt",2024-09-12
1766,"pasta, eggs, oil, chicken, banana",2024-04-14
1767,"milk, eggs, bread",2025-01-01
1768,"butter, potato, eggs, oil",2024-07-13
1769,"milk, cereal, butter, apple, pasta, orange",2025-05-20
1770,"orange, butter, apple",2025-06-12
1771,"rice, potato, pasta",2024-08-24
1772,"milk, rice",2025-04-17
1773,"cheese, cereal, sugar, beef, bread",2025-07-08
1774,"beef, orange, cereal, bread",2025-01-08
1775,"bread, milk, chicken, butter, orange, yogurt",2024-02-11
1776,"banana, salt, chicken, bread, butter",2025-03-14
1777,"cereal, potato, sugar, apple, beef, orange",2025-10-14
1778,"chicken, cheese, tomato, yogurt",2024-06-24
1779,"chicken, milk, rice",2025-12-08
1780,"milk, banana, bread",2024-07-08
1781,"tomato, milk, pasta, potato, eggs, oil",2025-04-17
1782,"pasta, potato, cereal, beef",2025-10-10
1783,"milk, beef, butter, yogurt",2024-08-23
1784,"butter, tomato, sugar",2024-09-11
1785,"cereal, chicken, eggs, beef, pasta, bread",2024-10-13
1786,"cheese, beef",2024-10-15
1787,"rice, salt, apple",2024-04-10
1788,"chicken, sugar, potato",2025-01-12
1789,"cheese, apple, orange, beef, tomato, onion",2025-08-18
1790,"eggs, cereal, tomato, butter, onion, orange",2024-11-25
1791,"apple, eggs, onion, oil",2025-03-12
1792,"sugar, oil, apple, cereal",2024-08-22
1793,"oil, cereal, cheese",2025-06-06
1794,"butter, apple, sugar, beef, bread, salt",2025-05-31
1795,"tomato, oil, sugar, bread, milk, banana",2024-01-20
1796,"banana, onion, beef, salt",2025-07-05
1797,"bread, potato, sugar, rice, oil, beef",2025-03-19
1798,"potato, milk",2024-04-15
1799,"apple, tomato",2024-12-09
1800,"apple, cereal, cheese, butter, banana, yogurt",2025-05-07
1801,"tomato, rice",2024-05-23
1802,"milk, orange, salt",2024-05-15
1803,"rice, eggs, cereal",2025-06-13
1804,"banana, onion",2024-01-23
1805,"cheese, beef, sugar, yogurt, salt, chicken",2025-09-27
1806,"oil, bread, salt, milk",2025-02-06
1807,"rice, cheese, cereal, milk",2024-05-05
1808,"bread, banana",2025-05-19
1809,"cheese, tomato",2024-08-08
1810,"bread, oil, cereal, orange",2025-04-24
1811,"rice, oil, salt, milk",2024-12-01
1812,"bread, cheese, banana, sugar, oil",2024-09-15
1813,"cheese, apple, onion, orange, eggs, potato",2024-12-08
1814,"oil, salt, cheese, sugar, rice, eggs",2024-12-10
1815,"sugar, apple, banana, eggs",2024-12-15
1816,"bread, onion",2024-07-13
1817,"cheese, pasta",2024-11-15
1818,"banana, bread, cheese, onion, rice, yogurt",2024-11-24
1819,"cheese, orange, cereal, milk",2024-05-05
1820,"orange, eggs, sugar",2025-08-08
1821,"salt, yogurt, rice",2024-10-22
1822,"salt, cereal, eggs",2024-09-13
1823,"banana, rice",2025-12-29
1824,"cereal, orange",2025-03-16
1825,"eggs, chicken, butter, beef, tomato",2024-12-19
1826,"salt, sugar, butter, bread",2025-10-25
1827,"oil, bread, sugar, tomato, chicken, potato",2024-11-29
1828,"salt, cereal, potato, onion",2025-12-25
1829,"chicken, milk, orange",2024-06-14
1830,"beef, rice, chicken, salt, oil",2025-03-04
1831,"beef, rice, pasta, orange, potato",2025-03-21
1832,"pasta, oil, bread, orange",2024-01-01
1833,"banana, potato",2024-11-14
1834,"chicken, sugar, oil",2024-03-11
1835,"banana, potato, sugar, tomato",2025-06-22
1836,"potato, orange, pasta, bread, banana, sugar",2025-01-08
1837,"potato, salt, yogurt, sugar",2024-04-11
1838,"yogurt, banana",2025-05-26
1839,"onion, orange, cheese, potato",2025-08-23
1840,"bread, banana, tomato, beef, cheese, orange",2024-01-13
1841,"cereal, potato, eggs, tomato, beef",2024-08-02
1842,"bread, yogurt, butter, banana, chicken, milk",2025-05-12
1843,"oil, eggs",2025-11-09
1844,"beef, yogurt",2025-05-06
1845,"rice, pasta, oil, milk",2024-03-31
1846,"cereal, bread",2025-07-18
1847,"potato, chicken, tomato, banana, butter",2024-06-15
1848,"cheese, apple, rice, chicken, pasta",2024-07-11
1849,"apple, beef, oil, sugar, pasta, yogurt",2025-01-15
1850,"cereal, cheese, rice, banana, tomato, apple",2024-06-20
1851,"orange, cereal, bread",2024-11-20
1852,"apple, yogurt",2024-02-12
1853,"yogurt, onion, cheese, sugar, salt",2025-08-18
1854,"onion, orange, eggs, potato",2024-04-01
1855,"rice, yogurt, milk, apple, cheese",2025-10-12
1856,"beef, milk, tomato",2024-12-10
1857,"apple, onion, eggs, oil, pasta, salt",2025-05-24
1858,"bread, oil, orange, cheese, pasta",2024-07-06
1859,"bread, butter, chicken",2024-05-09
1860,"beef, chicken, sugar",2024-09-04
1861,"butter, beef, pasta, cheese",2024-08-31
1862,"eggs, butter, cereal, tomato, oil",2025-11-19
1863,"chicken, butter, oil",2024-09-27
1864,"cereal, oil, bread, banana, apple, yogurt",2025-01-07
1865,"oil, butter",2025-11-04
1866,"rice, cereal",2024-10-02
1867,"apple, orange, butter",2024-06-12
1868,"cheese, oil, potato",2024-01-11
1869,"potato, sugar, pasta, orange, chicken",2025-08-22
1870,"apple, bread, sugar, rice, milk",2024-03-20
1871,"tomato, milk, sugar, orange",2025-03-28
1872,"beef, sugar, rice, yogurt, pasta, onion",2025-08-19
1873,"orange, beef, sugar, cheese",2024-06-19
1874,"banana, tomato, beef, pasta",2025-05-21
1875,"pasta, butter",2025-12-26
1876,"banana, cereal, beef, eggs, tomato, butter",2025-01-22
1877,"butter, yogurt, banana, chicken, oil, orange",2024-08-31
1878,"potato, tomato, butter",2024-12-24
1879,"banana, salt, sugar, cheese, chicken",2024-03-22
1880,"eggs, yogurt, milk, sugar, potato, cereal",2025-09-09
1881,"eggs, salt, onion",2024-06-17
1882,"bread, banana, oil, butter, apple, salt",2025-11-04
1883,"banana, rice, butter",2025-01-02
1884,"rice, onion",2025-05-18
1885,"yogurt, chicken, milk, pasta, cereal, rice",2024-04-10
1886,"milk, yogurt, sugar, cheese, orange",2024-10-16
1887,"yogurt, cereal",2024-06-13
1888,"eggs, oil, pasta, cheese, onion",2025-12-13
1889,"eggs, cheese",2025-11-02
1890,"pasta, yogurt, salt, butter, rice, chicken",2025-04-18
1891,"chicken, butter, onion, cheese, salt, potato",2025-06-12
1892,"potato, butter",2024-05-12
1893,"bread, yogurt",2024-02-16
1894,"onion, bread, yogurt, butter, tomato, chicken",2025-06-05
1895,"apple, cereal, milk, orange, salt, butter",2025-03-27
1896,"rice, orange, eggs, butter, tomato",2024-06-20
1897,"cheese, potato, pasta",2025-01-16
1898,"onion, potato",2025-01-04
1899,"cheese, tomato, yogurt, banana",2025-02-18
1900,"banana, beef, potato, salt, bread, cereal",2025-05-11
1901,"salt, sugar, tomato, banana, orange",2025-03-28
1902,"salt, pasta, cereal, orange, apple, sugar",2025-01-06
1903,"rice, bread",2024-05-23
1904,"potato, beef, cheese, pasta, rice, cereal",2025-08-07
1905,"cereal, eggs, cheese, orange",2025-11-12
1906,"tomato, chicken, potato, sugar, milk, banana",2024-03-27
1907,"pasta, chicken, milk",2024-09-05
1908,"oil, bread, potato, orange, sugar",2025-05-09
1909,"milk, cereal, onion, eggs",2025-03-28
1910,"yogurt, butter, rice, beef, cheese, tomato",2025-06-18
1911,"eggs, apple, rice",2024-04-28
1912,"beef, milk, banana, yogurt, salt, rice",2025-04-12
1913,"banana, butter, onion",2025-08-04
1914,"bread, rice, beef, cheese, sugar, cereal",2024-02-14
1915,"orange, potato, milk, apple, rice",2024-09-10
1916,"pasta, bread, yogurt, tomato, banana, butter",2025-04-05
1917,"oil, bread, yogurt, cheese, tomato",2024-02-25
1918,"tomato, cheese, pasta",2025-07-29
1919,"sugar, onion, bread, pasta, cheese, beef",2025-11-25
1920,"apple, cheese, sugar, onion",2024-06-26
1921,"orange, butter, rice",2025-03-09
1922,"cereal, banana, pasta, apple, oil",2025-06-18
1923,"banana, yogurt, tomato, sugar, cereal, butter",2025-04-10
1924,"tomato, butter, milk, yogurt, banana, pasta",2024-06-27
1925,"milk, cereal",2025-10-13
1926,"salt, yogurt, milk, oil, potato, rice",2024-12-14
1927,"yogurt, rice, cereal, onion, cheese",2025-03-03
1928,"eggs, sugar",2024-08-11
1929,"onion, tomato, apple, potato",2024-07-27
1930,"sugar, rice, apple",2025-02-24
1931,"onion, chicken, bread, rice",2024-10-27
1932,"yogurt, eggs, cereal, orange, salt, pasta",2025-04-07
1933,"bread, milk, sugar, butter",2024-09-03
1934,"milk, chicken, butter",2025-07-16
1935,"sugar, oil, rice",2024-05-05
1936,"bread, apple, milk, eggs",2024-11-30
1937,"orange, milk, rice",2025-08-30
1938,"oil, potato",2024-09-21
1939,"oil, bread, sugar, cereal, chicken",2025-11-10
1940,"tomato, onion, potato, sugar",2025-02-28
1941,"eggs, bread, rice, apple, beef, salt",2025-04-07
1942,"orange, chicken, sugar, apple, eggs",2025-12-22
1943,"yogurt, beef",2024-12-08
1944,"onion, sugar, butter",2024-03-29
1945,"bread, potato, banana",2024-11-29
1946,"sugar, potato, salt, eggs, orange, apple",2024-02-23
1947,"apple, cereal, salt",2025-03-25
1948,"banana, yogurt, cheese, cereal, milk, oil",2025-06-29
1949,"oil, cereal, rice",2024-11-27
1950,"potato, eggs",2024-09-14
1951,"salt, rice, chicken, apple, orange, onion",2025-12-03
1952,"potato, cheese, apple",2024-09-18
1953,"onion, oil, eggs, milk, potato, rice",2024-04-26
1954,"butter, salt, sugar, pasta",2025-12-01
1955,"onion, butter",2025-05-09
1956,"orange, cereal",2025-02-23
1957,"salt, butter",2025-03-30
1958,"tomato, sugar",2025-10-15
1959,"tomato, salt, butter",2025-08-22
1960,"orange, salt, oil, cheese, potato, banana",2024-05-29
1961,"salt, potato, pasta, chicken",2024-07-19
1962,"sugar, tomato, potato, oil",2025-01-08
1963,"eggs, tomato, chicken, cheese",2024-02-02
1964,"beef, cheese",2024-04-13
1965,"tomato, butter, chicken, eggs, oil",2025-02-19
1966,"bread, cereal, cheese, oil",2024-01-28
1967,"sugar, eggs, salt, apple, pasta, yogurt",2025-03-13
1968,"beef, eggs, rice, orange, banana, apple",2024-07-23
1969,"rice, cereal, apple, salt, oil",2024-10-28
1970,"eggs, cereal, butter",2024-01-11
1971,"yogurt, eggs",2025-04-06
1972,"potato, bread, cereal, cheese, sugar",2024-05-25
1973,"beef, butter, potato, salt, onion, tomato",2025-06-18
1974,"beef, cheese, oil, salt, potato, pasta",2025-10-14
1975,"tomato, eggs, chicken",2024-02-23
1976,"milk, cereal",2025-10-30
1977,"chicken, milk",2024-11-03
1978,"beef, eggs, banana, salt, chicken",2025-09-07
1979,"eggs, pasta",2024-02-14
1980,"rice, onion, oil",2024-03-30
1981,"beef, eggs, cheese, apple, yogurt, potato",2024-09-29
1982,"apple, milk, chicken, bread, onion",2024-03-16
1983,"cereal, butter, pasta, apple, chicken, banana",2025-12-08
1984,"tomato, cheese, yogurt, butter, bread, chicken",2025-03-03
1985,"beef, potato, milk, banana, pasta, salt",2025-12-04
1986,"cereal, chicken, bread, milk, beef",2024-11-03
1987,"sugar, chicken",2025-02-23
1988,"bread, oil, cereal",2024-07-01
1989,"yogurt, oil, sugar, onion, butter, eggs",2024-07-30
1990,"chicken, milk",2024-10-29
1991,"orange, butter, cereal, salt, eggs",2024-02-04
1992,"eggs, cereal, salt, rice",2025-07-26
1993,"beef, cereal, salt",2025-02-08
1994,"cheese, beef, yogurt, butter",2024-07-15
1995,"potato, onion",2025-03-11
1996,"pasta, orange, milk",2024-02-05
1997,"cereal, tomato, potato, eggs, onion",2025-12-30
1998,"oil, banana, cheese, orange",2025-09-08
1999,"butter, onion, sugar",2025-07-15
2000,"apple, cheese, yogurt",2025-04-24
2001,"cheese, butter, eggs, tomato, chicken",2024-11-18
2002,"beef, eggs, milk, tomato, potato",2025-04-25
2003,"banana, onion, eggs",2024-09-23
2004,"milk, chicken, banana, oil",2025-01-06
2005,"cereal, pasta, sugar, oil",2024-12-09
2006,"rice, bread",2025-08-25
2007,"tomato, banana",2025-10-25
2008,"orange, yogurt",2024-09-30
2009,"cheese, apple, butter, oil, sugar, beef",2025-10-31
2010,"cheese, bread, chicken, banana, cereal, orange",2024-11-01
2011,"potato, bread, banana, chicken, cereal",2025-08-06
2012,"salt, oil, eggs, bread",2025-02-06
2013,"salt, cheese, milk, butter, rice",2024-06-04
2014,"oil, eggs, tomato, bread, cereal",2024-08-28
2015,"salt, cheese",2025-05-19
2016,"rice, yogurt",2025-04-25
2017,"milk, apple, beef, orange, tomato",2025-12-04
2018,"potato, oil, rice, chicken, tomato, banana",2024-07-09
2019,"milk, butter, chicken",2024-01-28
2020,"oil, butter, salt",2024-08-11
2021,"onion, orange",2025-03-26
2022,"bread, orange",2025-04-29
2023,"milk, yogurt, rice, pasta, cheese, eggs",2024-03-25
2024,"salt, cheese, rice, tomato, eggs, milk",2025-03-06
2025,"salt, orange, cheese, banana",2025-09-15
2026,"bread, eggs, potato, beef",2025-04-25
2027,"beef, onion, bread",2024-06-03
2028,"rice, oil, banana, sugar, tomato, butter",2024-10-23
2029,"milk, apple, butter, salt, pasta, chicken",2025-05-04
2030,"cereal, beef, chicken, bread, orange",2024-02-14
2031,"oil, salt, rice, sugar, butter, tomato",2024-10-21
2032,"butter, orange, onion, rice",2024-10-09
2033,"butter, sugar, pasta, apple",2024-02-17
2034,"tomato, banana, oil",2024-08-27
2035,"onion, pasta, salt",2025-06-12
2036,"bread, rice, butter, yogurt",2024-10-29
2037,"banana, rice, pasta, chicken, milk",2024-11-23
2038,"bread, cereal, beef",2024-11-05
2039,"tomato, cereal, orange",2025-01-12
2040,"banana, chicken",2024-01-31
2041,"bread, yogurt, milk, salt",2024-07-12
2042,"milk, onion, cereal",2024-06-08
2043,"salt, potato",2025-12-22
2044,"apple, onion, orange",2024-12-29
2045,"potato, butter, salt",2024-10-14
2046,"eggs, beef, yogurt, chicken, apple",2024-02-09
2047,"eggs, salt, yogurt, potato",2025-09-15
2048,"rice, cheese, potato",2024-09-13
2049,"apple, potato, yogurt, onion, eggs",2025-06-02
2050,"pasta, orange, eggs, yogurt",2025-07-11
2051,"onion, chicken, apple, potato, tomato",2025-08-11
2052,"banana, oil, tomato, onion, salt",2025-08-03
2053,"cheese, rice, tomato, sugar",2025-02-01
2054,"salt, tomato, rice, banana, eggs, potato",2025-09-06
2055,"orange, rice, apple, beef, pasta, cheese",2024-05-25
2056,"beef, banana",2025-01-31
2057,"salt, milk, cheese",2024-04-05
2058,"beef, sugar, eggs, apple, orange",2024-11-22
2059,"banana, sugar, bread, cheese, eggs, yogurt",2024-12-17
2060,"tomato, orange, bread, banana",2025-03-24
2061,"rice, oil, cereal, eggs",2024-04-11
2062,"onion, oil, orange, cereal, eggs, beef",2025-02-15
2063,"milk, oil, potato, orange, beef, chicken",2024-03-19
2064,"onion, milk, chicken",2025-11-11
2065,"tomato, onion, potato, yogurt, bread",2025-05-08
2066,"orange, bread, pasta, cereal",2025-05-02
2067,"butter, sugar, yogurt, banana, apple, orange",2024-07-23
2068,"orange, milk, potato, pasta, bread, sugar",2024-04-13
2069,"eggs, sugar",2025-09-27
2070,"beef, pasta, butter",2025-09-25
2071,"yogurt, tomato, bread, butter, orange, eggs",2025-08-24
2072,"onion, sugar, eggs, rice",2025-01-01
2073,"pasta, tomato, milk, cheese",2025-02-06
2074,"milk, cereal, eggs, rice, salt, beef",2024-04-10
2075,"bread, butter, orange",2025-07-31
2076,"cereal, rice, apple, yogurt, sugar, salt",2024-08-25
2077,"beef, cheese, oil",2025-05-12
2078,"pasta, oil, sugar",2024-08-18
2079,"cereal, bread, milk, onion, salt",2024-11-28
2080,"chicken, yogurt, orange, butter, milk",2024-09-29
2081,"oil, beef, apple",2024-11-03
2082,"apple, cereal, chicken",2025-08-31
2083,"rice, pasta, cheese",2025-12-21
2084,"milk, onion, beef",2025-05-15
2085,"orange, sugar",2024-05-25
2086,"sugar, yogurt, bread, beef",2025-07-14
2087,"pasta, cereal, beef",2025-08-12
2088,"banana, milk, butter, bread, chicken",2025-03-23
2089,"tomato, cereal, chicken, butter, banana, onion",2024-03-02
2090,"pasta, milk",2025-09-22
2091,"tomato, cheese, yogurt, rice, apple",2024-02-05
2092,"salt, milk, pasta, cereal",2024-10-20
2093,"bread, cheese, eggs, pasta, milk",2024-09-21
2094,"beef, cheese, banana, milk, yogurt",2025-10-31
2095,"potato, sugar, beef, yogurt, salt, cereal",2025-12-01
2096,"orange, butter, cereal, cheese, onion, salt",2024-07-05
2097,"eggs, yogurt, sugar, tomato, salt, rice",2025-06-05
2098,"beef, rice, salt, oil",2025-01-17
2099,"apple, milk, sugar",2025-12-22
2100,"eggs, onion, cheese, chicken, bread",2024-10-07
2101,"cheese, orange, banana, cereal, pasta, milk",2024-03-18
2102,"rice, butter, cereal, cheese, pasta",2024-08-01
2103,"chicken, yogurt, banana, pasta, bread, orange",2024-03-30
2104,"salt, tomato, chicken, cereal, sugar",2024-07-04
2105,"tomato, pasta, cereal, onion, bread, potato",2025-06-27
2106,"milk, cereal",2025-07-10
2107,"yogurt, potato, cheese, eggs, apple",2025-12-27
2108,"oil, orange",2025-12-22
2109,"apple, salt, rice, banana, sugar, onion",2024-08-02
2110,"milk, orange, butter, tomato",2025-12-16
2111,"pasta, sugar, beef, bread",2025-11-28
2112,"milk, cheese",2024-12-20
2113,"yogurt, salt, sugar, milk, butter, bread",2024-08-19
2114,"banana, cereal, eggs, onion, pasta",2025-07-30
2115,"cereal, tomato, oil, yogurt, milk",2024-05-02
2116,"pasta, rice, orange, beef",2024-01-04
2117,"pasta, sugar, oil, bread",2025-12-12
2118,"bread, chicken, potato",2025-05-03
2119,"butter, cheese, cereal, tomato",2024-07-11
2120,"tomato, eggs, salt, chicken",2025-03-22
2121,"sugar, butter, salt, oil",2024-12-17
2122,"butter, pasta, cereal, eggs",2025-03-14
2123,"banana, bread, salt",2024-02-04
2124,"onion, apple, banana, butter, potato",2024-10-26
2125,"oil, rice",2024-05-05
2126,"bread, onion, tomato, oil, banana",2024-09-01
2127,"orange, chicken",2024-09-06
2128,"potato, eggs, apple, milk, cereal, pasta",2024-06-02
2129,"chicken, yogurt, beef, eggs, banana, oil",2025-03-29
2130,"butter, cheese, pasta, onion, milk, bread",2024-10-13
2131,"beef, tomato, pasta, cheese, potato",2024-11-28
2132,"tomato, potato, apple",2025-06-26
2133,"milk, oil, salt",2025-11-24
2134,"sugar, banana, yogurt, milk, pasta, bread",2024-11-23
2135,"cheese, milk, cereal",2024-10-17
2136,"beef, eggs",2024-03-22
2137,"orange, milk, oil, banana, cheese",2024-10-21
2138,"oil, butter, sugar",2024-06-07
2139,"salt, orange, onion, potato, bread",2024-02-24
2140,"beef, tomato, potato, apple, banana",2025-12-23
2141,"eggs, onion, potato",2024-05-16
2142,"salt, butter, apple",2025-06-17
2143,"rice, chicken, salt, apple, pasta",2024-08-12
2144,"beef, butter, cheese, pasta, tomato",2025-11-20
2145,"eggs, bread, apple, tomato, cereal, cheese",2025-09-21
2146,"tomato, eggs, sugar, bread, cheese, butter",2025-08-18
2147,"bread, cereal, yogurt, rice, tomato, banana",2025-12-31
2148,"cheese, milk",2025-06-25
2149,"cheese, yogurt, milk, butter",2024-09-05
2150,"cereal, apple, cheese, onion, butter, rice",2024-07-05
2151,"sugar, pasta",2025-09-20
2152,"apple, banana",2025-12-23
2153,"apple, pasta, beef",2024-06-23
2154,"chicken, cheese, yogurt, orange",2024-05-03
2155,"yogurt, cereal, sugar, beef, apple",2025-05-03
2156,"beef, butter, cheese, onion",2025-11-20
2157,"yogurt, chicken, milk",2024-07-08
2158,"sugar, orange, salt, pasta, tomato",2024-07-18
2159,"pasta, potato, beef, cereal",2025-07-26
2160,"orange, oil, onion, banana, sugar",2025-04-13
2161,"milk, pasta, chicken",2025-05-26
2162,"banana, bread, tomato, sugar",2025-09-14
2163,"sugar, beef, milk, banana, cereal, potato",2025-10-19
2164,"chicken, yogurt, onion, apple, milk",2025-09-20
2165,"beef, sugar",2025-05-06
2166,"chicken, cheese",2024-01-03
2167,"yogurt, rice",2024-06-25
2168,"rice, banana, chicken",2024-11-20
2169,"apple, banana, butter",2025-12-17
2170,"sugar, tomato, chicken, pasta, orange, yogurt",2025-12-09
2171,"onion, sugar, milk",2024-08-13
2172,"onion, rice, yogurt, beef, tomato, sugar",2024-12-21
2173,"banana, salt, butter, chicken",2025-10-14
2174,"beef, tomato, eggs, banana",2025-06-29
2175,"orange, onion, rice, cheese",2024-02-01
2176,"bread, onion, apple, tomato, rice",2024-01-29
2177,"rice, bread, butter, cereal",2025-09-26
2178,"potato, yogurt, milk, oil, beef",2025-11-27
2179,"milk, cereal, onion, apple, sugar, butter",2025-06-07
2180,"orange, oil, pasta",2024-05-05
2181,"butter, pasta",2025-07-16
2182,"eggs, apple, rice, cereal, potato",2024-05-15
2183,"chicken, eggs, tomato",2025-09-06
2184,"potato, cereal, pasta, eggs, onion, orange",2025-05-26
2185,"eggs, salt",2024-02-23
2186,"yogurt, orange, bread",2024-04-22
2187,"rice, cheese, apple, oil, milk, banana",2024-07-30
2188,"salt, yogurt, eggs",2025-10-09
2189,"potato, cheese, oil, apple, pasta",2024-11-17
2190,"oil, butter",2025-12-09
2191,"banana, sugar",2025-08-08
2192,"cereal, cheese",2025-06-22
2193,"beef, oil, cheese, pasta, tomato",2024-08-06
2194,"beef, oil, pasta, banana, cereal, apple",2024-07-08
2195,"tomato, cheese, rice, pasta",2024-08-03
2196,"potato, tomato",2024-05-03
2197,"oil, orange",2024-06-05
2198,"cheese, milk, rice, potato",2024-12-01
2199,"potato, eggs, tomato, beef, salt, butter",2025-03-30
2200,"bread, potato, rice, salt",2025-10-12
2201,"potato, onion, sugar, salt, oil, yogurt",2025-04-26
2202,"yogurt, banana",2025-07-26
2203,"eggs, beef",2024-12-21
2204,"cheese, sugar, eggs",2025-07-28
2205,"pasta, butter, cereal, beef",2025-08-16
2206,"cheese, eggs",2025-02-10
2207,"yogurt, apple, pasta, bread, sugar",2025-02-07
2208,"bread, cereal, pasta, cheese, tomato, chicken",2024-02-15
2209,"banana, orange",2024-05-27
2210,"cheese, beef, chicken, yogurt, cereal, bread",2024-11-08
2211,"milk, beef",2025-06-27
2212,"oil, cheese, potato, bread",2024-07-18
2213,"onion, milk, banana, orange",2025-03-11
2214,"rice, yogurt, orange",2025-10-15
2215,"sugar, tomato, butter, salt, milk",2024-09-13
2216,"rice, pasta",2024-10-22
2217,"orange, oil, butter, milk, cereal",2025-09-29
2218,"cheese, tomato, oil, cereal, apple",2025-11-01
2219,"tomato, eggs, potato",2024-10-19
2220,"tomato, milk, eggs, banana",2024-03-23
2221,"beef, butter, eggs, oil",2024-06-22
2222,"onion, salt, chicken, banana, yogurt, cereal",2025-07-13
2223,"salt, onion",2024-07-03
2224,"bread, banana, eggs, rice, cheese",2025-02-11
2225,"banana, tomato",2025-09-04
2226,"pasta, beef, banana, cheese, bread, butter",2025-04-26
2227,"apple, sugar, bread, milk",2025-04-30
2228,"rice, potato, bread, milk",2025-06-03
2229,"cereal, rice",2024-10-09
2230,"beef, tomato, salt, cheese, oil, sugar",2025-02-09
2231,"cheese, butter, cereal, sugar, beef, tomato",2024-01-07
2232,"cheese, banana",2024-04-20
2233,"orange, salt, sugar, onion",2024-10-04
2234,"apple, salt, milk, oil, tomato, sugar",2025-12-01
2235,"oil, cheese, orange, pasta, salt, rice",2024-05-25
2236,"eggs, tomato, apple, bread, yogurt",2025-09-10
2237,"bread, oil, orange, butter, cheese",2025-02-13
2238,"apple, tomato, beef, salt",2025-03-12
2239,"pasta, cereal, potato, butter, sugar",2025-06-17
2240,"banana, beef, salt, apple, onion, bread",2025-03-24
2241,"sugar, butter, orange, yogurt, oil",2024-07-30
2242,"pasta, salt, chicken",2024-03-13
2243,"banana, sugar, oil",2025-03-01
2244,"pasta, orange, eggs",2024-02-10
2245,"salt, pasta, cheese, chicken",2024-12-18
2246,"apple, oil, cereal, rice, tomato",2024-06-23
2247,"orange, sugar, potato, butter, cereal, pasta",2024-12-23
2248,"potato, yogurt",2025-08-11
2249,"sugar, butter, salt, eggs, onion",2024-09-25
2250,"cheese, chicken, milk, onion, cereal, butter",2024-02-26
2251,"orange, yogurt, tomato, potato, salt",2024-10-16
2252,"cheese, sugar, yogurt, chicken, apple, bread",2024-01-13
2253,"milk, onion, chicken, butter",2024-04-06
2254,"cereal, bread, yogurt, rice, apple, oil",2024-08-16
2255,"rice, apple, sugar, cereal, milk",2024-11-20
2256,"yogurt, orange",2024-08-16
2257,"milk, cheese",2025-10-29
2258,"bread, cereal",2025-01-31
2259,"oil, rice, beef, bread, eggs",2024-05-06
2260,"potato, butter, cereal, salt",2025-04-11
2261,"cheese, onion, rice, beef, yogurt",2025-09-01
2262,"pasta, orange, cereal",2024-05-27
2263,"tomato, yogurt, eggs, butter, banana, potato",2025-03-30
2264,"cheese, chicken, pasta, butter, cereal",2025-09-01
2265,"bread, butter, yogurt, chicken",2024-01-27
2266,"sugar, orange, pasta, bread",2024-08-19
2267,"yogurt, onion, milk, cheese, potato, rice",2024-10-20
2268,"salt, oil, sugar, potato, cereal, bread",2024-02-22
2269,"oil, tomato, banana",2025-01-15
2270,"sugar, butter, rice, yogurt",2025-01-01
2271,"tomato, pasta",2024-09-25
2272,"banana, cereal, milk, potato, chicken",2025-09-09
2273,"bread, potato",2024-11-10
2274,"cereal, milk, beef, apple",2025-10-08
2275,"onion, cheese, salt",2024-02-05
2276,"cheese, pasta",2024-03-30
2277,"cereal, banana",2025-06-24
2278,"tomato, eggs",2025-04-03
2279,"pasta, onion",2025-01-09
2280,"orange, bread, salt, apple, chicken, oil",2025-12-14
2281,"yogurt, beef, cereal, oil",2025-10-07
2282,"yogurt, oil, rice, eggs, tomato, banana",2024-08-27
2283,"eggs, banana, sugar, oil, potato, cheese",2024-03-28
2284,"butter, onion, salt",2024-05-12
2285,"cheese, butter, salt",2025-06-18
2286,"potato, beef, milk, chicken, eggs, sugar",2025-08-25
2287,"oil, eggs, butter",2024-05-27
2288,"salt, sugar, chicken, tomato, yogurt",2025-04-13
2289,"yogurt, salt, milk, apple, eggs",2025-08-12
2290,"milk, salt, sugar",2024-05-05
2291,"sugar, chicken",2025-08-28
2292,"banana, cereal, yogurt, sugar, salt, bread",2025-09-19
2293,"banana, apple, bread, sugar, pasta, potato",2024-08-10
2294,"butter, orange",2024-11-23
2295,"oil, yogurt",2025-07-04
2296,"apple, sugar, bread, milk",2025-05-11
2297,"onion, cheese, apple, butter",2024-08-26
2298,"onion, eggs, potato, oil",2025-05-31
2299,"onion, rice, eggs, milk",2024-05-01
2300,"chicken, eggs",2024-03-20
2301,"apple, tomato, chicken, cereal",2025-03-02
2302,"potato, onion",2025-11-25
2303,"tomato, oil, beef",2025-06-05
2304,"salt, pasta, tomato, milk, rice",2024-07-02
2305,"apple, yogurt, sugar, eggs",2024-09-22
2306,"yogurt, oil, cereal, bread",2025-06-17
2307,"rice, tomato, banana",2024-10-04
2308,"potato, milk",2024-09-07
2309,"butter, banana, potato, bread",2024-09-27
2310,"banana, apple, sugar, rice",2025-10-09
2311,"onion, cheese",2024-07-06
2312,"sugar, onion, salt",2024-09-04
2313,"yogurt, pasta, chicken",2024-03-26
2314,"salt, sugar, bread, yogurt, oil, tomato",2024-11-16
2315,"apple, milk",2024-11-18
2316,"cheese, butter, rice",2025-01-09
2317,"potato, bread, banana, salt, pasta, milk",2024-07-13
2318,"cheese, cereal, onion, salt, oil",2024-10-16
2319,"beef, salt",2025-12-16
2320,"pasta, yogurt, apple, eggs, beef, orange",2024-03-11
2321,"milk, butter, apple, sugar",2024-11-11
2322,"apple, orange, pasta, yogurt",2024-01-07
2323,"sugar, orange, apple",2024-12-05
2324,"cheese, rice",2024-02-14
2325,"rice, onion, oil, cereal",2025-06-02
2326,"milk, chicken, cereal, eggs",2025-08-23
2327,"bread, rice",2024-03-16
2328,"eggs, potato, oil, butter, salt, chicken",2025-08-14
2329,"oil, apple, eggs, salt",2025-10-12
2330,"potato, onion, salt",2024-01-20
2331,"pasta, sugar, yogurt",2024-03-13
2332,"sugar, salt, bread, chicken, onion, rice",2025-06-12
2333,"oil, eggs, banana, potato, yogurt, cereal",2024-05-31
2334,"milk, cereal, chicken",2024-12-27
2335,"beef, rice, salt",2025-02-23
2336,"cereal, oil, butter, onion",2024-10-02
2337,"salt, onion, oil, rice, banana",2025-03-13
2338,"banana, potato, apple, sugar, eggs",2025-05-21
2339,"onion, cheese, banana, milk, potato",2024-06-29
2340,"beef, yogurt, eggs, rice",2024-01-07
2341,"butter, sugar",2025-12-24
2342,"yogurt, butter, milk",2025-01-24
2343,"potato, bread, pasta",2024-09-19
2344,"chicken, pasta, sugar, potato",2025-08-09
2345,"onion, oil, sugar",2025-07-25
2346,"chicken, cereal, butter, rice, sugar, pasta",2025-05-25
2347,"milk, potato, tomato",2024-02-12
2348,"apple, eggs, rice, salt, orange",2024-09-27
2349,"milk, orange, rice",2024-05-26
2350,"pasta, eggs, oil",2025-05-07
2351,"milk, yogurt, eggs, bread, tomato, onion",2025-04-28
2352,"milk, tomato, rice, apple, salt",2025-06-07
2353,"pasta, oil, milk, bread, beef, salt",2024-03-20
2354,"potato, orange, beef, banana, sugar",2025-10-07
2355,"tomato, onion, potato",2025-10-05
2356,"tomato, sugar",2024-12-10
2357,"eggs, cheese, chicken, onion, tomato",2024-12-15
2358,"onion, pasta, oil, yogurt",2025-03-29
2359,"rice, potato, orange",2025-11-15
2360,"rice, eggs, banana, cheese",2024-08-09
2361,"potato, pasta, yogurt, cheese, sugar, bread",2025-09-30
2362,"banana, cereal, onion, pasta",2025-04-04
2363,"banana, butter, sugar",2024-04-13
2364,"apple, butter, cheese, milk, tomato, onion",2025-09-27
2365,"beef, milk",2024-04-23
2366,"milk, eggs",2024-03-06
2367,"salt, sugar, yogurt, apple",2025-10-31
2368,"yogurt, milk, chicken, butter",2025-01-16
2369,"potato, apple",2025-07-14
2370,"butter, orange, onion",2024-07-23
2371,"milk, cereal, sugar, onion, butter, beef",2024-05-20
2372,"beef, sugar, rice",2024-09-25
2373,"salt, oil, milk, apple, onion",2025-04-27
2374,"eggs, orange, sugar, butter",2025-05-27
2375,"onion, potato, tomato, salt, cereal, butter",2025-05-20
2376,"butter, potato, orange",2025-04-04
2377,"cheese, salt, onion, oil, yogurt",2024-03-20
2378,"eggs, milk",2024-09-24
2379,"tomato, cheese, cereal, pasta, beef",2024-06-09
2380,"tomato, pasta, bread, salt",2024-07-23
2381,"milk, beef, cheese, eggs, tomato, onion",2025-02-25
2382,"onion, orange, butter, cheese, rice, beef",2024-03-26
2383,"beef, salt, cereal, chicken, cheese",2024-03-03
2384,"rice, oil, salt, yogurt, cheese",2024-05-29
2385,"tomato, cheese, yogurt, sugar, banana, rice",2025-07-02
2386,"chicken, cereal, potato",2025-12-30
2387,"salt, cheese, apple, bread, sugar",2025-04-03
2388,"oil, beef",2025-09-12
2389,"cheese, sugar, chicken, salt",2024-05-08
2390,"bread, beef, yogurt, salt, oil, banana",2024-01-27
2391,"rice, onion, cheese, bread, beef, oil",2024-08-22
2392,"rice, apple, milk, salt, bread",2025-01-04
2393,"rice, butter, onion, cheese, salt",2024-09-09
2394,"cereal, banana, milk, tomato, apple, orange",2025-10-08
2395,"bread, sugar, onion",2025-01-10
2396,"bread, butter",2024-03-30
2397,"bread, apple, beef, salt",2025-11-19
2398,"onion, cereal, milk, orange, pasta, yogurt",2024-04-15
2399,"yogurt, sugar",2025-05-09
2400,"milk, oil, apple, cereal, orange, cheese",2025-03-17
2401,"tomato, butter",2025-11-30
2402,"banana, potato, milk, oil, orange",2024-06-18
2403,"milk, onion, banana",2024-04-01
2404,"butter, bread, oil, yogurt, beef",2025-11-28
2405,"bread, cereal, oil",2024-03-30
2406,"yogurt, rice, salt, oil",2024-12-13
2407,"eggs, milk, pasta, beef, sugar, cereal",2024-08-11
2408,"bread, chicken, potato, apple, rice",2024-12-10
2409,"potato, beef, cereal, chicken, apple",2025-02-17
2410,"salt, oil, beef, pasta, butter, potato",2024-01-20
2411,"sugar, apple",2024-12-30
2412,"chicken, salt",2025-07-23
2413,"cheese, potato, chicken, cereal, oil",2025-12-30
2414,"salt, potato, eggs, cereal",2025-04-08
2415,"salt, butter, milk, banana, sugar",2025-11-24
2416,"milk, oil, beef, bread",2024-08-06
2417,"chicken, milk, bread",2025-06-08
2418,"banana, onion, rice, yogurt, orange, eggs",2025-04-06
2419,"onion, yogurt, salt, eggs",2025-01-19
2420,"eggs, milk, butter, tomato",2024-03-04
2421,"milk, tomato, bread, beef, pasta, eggs",2024-03-11
2422,"bread, cheese, rice",2024-02-05
2423,"tomato, banana, apple, oil, chicken, rice",2024-08-27
2424,"onion, tomato, cereal",2024-01-30
2425,"apple, milk, banana, tomato, potato",2025-10-04
2426,"sugar, chicken, bread, butter",2024-05-11
2427,"banana, onion, pasta, potato, orange, bread",2025-02-24
2428,"beef, yogurt, rice, orange, butter",2024-08-24
2429,"salt, oil, onion",2025-12-20
2430,"yogurt, cereal, chicken, eggs, butter",2025-06-17
2431,"sugar, oil, eggs, chicken, pasta",2024-01-25
2432,"butter, tomato, onion, bread, pasta, salt",2024-02-02
2433,"rice, cheese, sugar, eggs, potato, chicken",2024-07-05
2434,"cereal, sugar, milk, oil, orange, rice",2025-01-19
2435,"yogurt, apple, chicken, onion, tomato",2025-11-21
2436,"cereal, milk, onion, tomato",2025-12-24
2437,"tomato, yogurt",2024-09-08
2438,"beef, cheese, milk",2025-03-18
2439,"rice, tomato, salt, butter, sugar",2025-02-21
2440,"butter, eggs, pasta, salt",2024-09-06
2441,"beef, eggs, pasta, potato, onion, cheese",2024-07-17
2442,"cheese, oil",2024-04-24
2443,"yogurt, cereal, orange, butter, banana",2025-04-17
2444,"sugar, potato",2024-06-04
2445,"onion, beef",2024-10-02
2446,"chicken, cereal, yogurt, salt",2025-09-16
2447,"yogurt, apple",2025-09-29
2448,"butter, sugar, orange, cereal",2024-06-18
2449,"banana, butter, rice, milk, chicken",2025-12-01
2450,"cheese, cereal, potato, rice",2024-03-10
2451,"cereal, cheese, salt, chicken",2024-04-16
2452,"milk, pasta, rice",2025-09-28
2453,"apple, oil, yogurt, chicken",2024-02-09
2454,"potato, banana, onion",2025-06-06
2455,"pasta, sugar, cereal, onion, rice, orange",2024-10-08
2456,"bread, rice, milk, salt, cereal, sugar",2025-06-10
2457,"sugar, rice, potato, cereal, milk",2025-11-08
2458,"beef, orange",2025-04-30
2459,"chicken, cereal, tomato, apple",2024-01-29
2460,"milk, tomato, rice, apple, chicken",2024-05-22
2461,"cheese, banana, apple, beef, chicken",2024-12-19
2462,"onion, beef, tomato, milk, bread",2025-06-22
2463,"potato, cereal, pasta, apple, yogurt, salt",2024-06-24
2464,"orange, salt, rice, milk",2025-12-09
2465,"banana, rice, orange, butter",2024-11-24
2466,"beef, yogurt, butter, rice",2024-10-24
2467,"yogurt, tomato, banana, eggs",2025-05-01
2468,"orange, milk, beef",2024-07-09
2469,"banana, cereal",2024-02-04
2470,"milk, butter, yogurt, chicken",2024-01-08
2471,"orange, eggs",2024-11-04
2472,"beef, chicken, tomato, yogurt",2025-10-20
2473,"yogurt, rice, pasta, beef, milk, sugar",2024-03-19
2474,"onion, eggs, yogurt",2024-11-28
2475,"pasta, eggs, yogurt, potato",2025-03-16
2476,"pasta, cereal, apple",2025-07-06
2477,"apple, pasta, potato, sugar, beef",2024-01-22
2478,"potato, apple, rice, bread, cheese, salt",2025-12-19
2479,"beef, potato",2025-10-12
2480,"cheese, chicken, rice, orange, potato",2025-08-28
2481,"salt, cheese, banana",2024-01-19
2482,"potato, sugar, tomato, banana",2024-07-25
2483,"onion, yogurt, apple, bread, salt",2024-04-11
2484,"chicken, sugar",2025-05-09
2485,"rice, chicken, oil, potato, tomato",2025-10-18
2486,"tomato, beef, salt, bread, milk",2024-09-12
2487,"orange, pasta",2025-02-10
2488,"salt, tomato, eggs, cereal, chicken",2024-06-25
2489,"milk, chicken, butter, tomato",2025-02-24
2490,"beef, onion",2024-03-29
2491,"apple, oil, orange",2025-09-02
2492,"onion, banana, yogurt, rice, salt, sugar",2024-08-04
2493,"chicken, banana, eggs, bread",2025-02-01
2494,"pasta, salt, banana, cheese, beef, cereal",2025-12-13
2495,"onion, eggs, potato",2024-03-01
2496,"eggs, onion",2024-05-29
2497,"orange, sugar, butter, salt",2024-04-27
2498,"milk, eggs",2025-01-18
2499,"sugar, salt, tomato",2025-03-01
2500,"oil, yogurt, bread",2024-07-01
2501,"cereal, banana, beef, yogurt, milk",2025-08-16
2502,"cheese, potato, milk, onion",2025-01-24
2503,"cheese, bread, pasta, potato, milk, yogurt",2025-05-01
2504,"eggs, rice, salt, banana",2024-06-27
2505,"cereal, cheese, beef, sugar, rice, yogurt",2024-04-04
2506,"bread, chicken, butter, tomato, oil",2025-12-07
2507,"oil, cheese, tomato, yogurt, eggs",2025-05-10
2508,"salt, apple",2025-11-07
2509,"cheese, yogurt, oil, chicken, apple, potato",2025-11-17
2510,"banana, orange, chicken, eggs",2024-02-03
2511,"apple, pasta, salt",2025-01-29
2512,"potato, yogurt",2025-07-29
2513,"pasta, salt, butter, yogurt, sugar",2025-10-19
2514,"banana, apple, cheese, sugar, tomato, rice",2024-09-06
2515,"salt, chicken, sugar, butter, cheese",2025-01-26
2516,"rice, sugar, cereal",2024-03-03
2517,"pasta, rice, sugar",2025-02-09
2518,"tomato, cereal, salt, apple, beef",2025-07-29
2519,"oil, potato, cereal, apple, milk",2025-12-13
2520,"orange, eggs, cereal, banana, salt, bread",2025-08-01
2521,"pasta, apple, chicken, oil",2024-07-19
2522,"salt, tomato, chicken",2024-11-10
2523,"tomato, eggs, cereal",2024-07-14
2524,"pasta, cereal, bread, banana, beef",2024-11-20
2525,"cereal, rice, milk, onion, sugar, banana",2025-03-16
2526,"yogurt, oil, butter, eggs",2025-07-31
2527,"salt, banana",2025-11-05
2528,"orange, sugar",2025-06-27
2529,"chicken, milk",2024-08-14
2530,"eggs, rice, salt, sugar, potato, oil",2024-10-28
2531,"yogurt, tomato, potato, pasta",2024-02-03
2532,"eggs, bread",2024-03-13
2533,"eggs, potato, sugar, banana, cheese, salt",2025-12-28
2534,"beef, butter, pasta, cereal, bread",2024-07-17
2535,"pasta, cereal",2025-04-21
2536,"bread, sugar, banana, yogurt, cheese, rice",2025-08-11
2537,"banana, cheese, cereal, orange",2024-11-01
2538,"cheese, apple, bread, oil, beef, rice",2025-09-07
2539,"pasta, butter, tomato, cereal, orange, rice",2024-11-30
2540,"orange, milk, banana, yogurt, sugar",2025-12-10
2541,"eggs, tomato, banana, beef, pasta",2025-09-07
2542,"yogurt, cereal, potato",2025-10-19
2543,"orange, pasta, apple, banana",2024-06-15
2544,"oil, eggs",2024-03-11
2545,"butter, bread, orange, rice, cereal",2025-01-16
2546,"sugar, milk, butter, pasta, apple, banana",2025-07-17
2547,"yogurt, potato, cereal, chicken",2024-10-14
2548,"orange, salt, milk, chicken",2024-07-02
2549,"beef, sugar, rice, potato, bread, oil",2025-12-01
2550,"beef, cheese",2025-10-08
2551,"butter, tomato",2025-09-22
2552,"milk, pasta, oil, apple, cheese",2025-05-17
2553,"cheese, bread",2025-03-26
2554,"banana, bread, chicken, onion",2024-05-13
2555,"apple, cereal",2024-07-16
2556,"eggs, orange, onion, milk, pasta",2024-02-12
2557,"banana, salt",2024-04-08
2558,"oil, rice, orange, cereal, bread",2025-11-24
2559,"apple, beef, orange, rice",2024-12-01
2560,"apple, butter",2025-08-23
2561,"yogurt, rice, salt, chicken, bread, onion",2025-05-16
2562,"sugar, potato",2025-04-10
2563,"beef, sugar, pasta, potato, chicken",2024-08-03
2564,"butter, salt, potato, milk, pasta, sugar",2024-04-14
2565,"banana, beef, yogurt",2025-03-21
2566,"orange, eggs",2025-04-27
2567,"butter, eggs, sugar",2025-07-30
2568,"oil, beef, milk",2025-05-28
2569,"pasta, cereal, butter, oil, onion, salt",2024-01-06
2570,"cereal, pasta",2024-12-13
2571,"beef, onion",2025-03-20
2572,"salt, orange",2024-12-24
2573,"cereal, pasta, banana, bread",2025-11-05
2574,"butter, onion, yogurt, banana, pasta",2025-05-04
2575,"bread, cheese, banana, rice",2024-11-01
2576,"potato, banana",2025-04-09
2577,"beef, pasta, orange, tomato",2024-10-02
2578,"sugar, pasta, rice, beef, oil, cheese",2024-07-02
2579,"banana, eggs, yogurt, butter",2024-03-26
2580,"banana, onion, beef, milk, butter, potato",2025-06-05
2581,"potato, sugar, onion, oil",2025-03-26
2582,"cheese, orange, butter, salt, apple",2025-09-09
2583,"onion, rice",2024-09-13
2584,"chicken, sugar",2025-10-05
2585,"cereal, eggs, apple, onion",2024-10-22
2586,"beef, yogurt",2024-09-17
2587,"banana, orange, yogurt, salt, eggs, tomato",2025-04-03
2588,"apple, milk, eggs, yogurt, cereal, rice",2025-07-20
2589,"salt, orange, onion, cereal",2025-08-28
2590,"milk, sugar",2024-08-21
2591,"bread, oil, apple, yogurt",2025-04-20
2592,"beef, banana, bread, orange",2024-07-05
2593,"orange, chicken, onion, pasta, cereal",2024-01-06
2594,"potato, yogurt, butter",2024-12-09
2595,"apple, beef, onion, banana, salt, chicken",2025-07-24
2596,"orange, rice, banana, beef",2025-06-10
2597,"potato, banana, cereal, sugar",2024-08-14
2598,"yogurt, oil, butter, chicken",2024-08-27
2599,"sugar, banana, orange, yogurt, beef, oil",2025-02-12
2600,"beef, rice, banana",2025-02-07
2601,"cheese, potato, beef, eggs, pasta",2025-07-04
2602,"cheese, tomato, yogurt, orange",2024-12-02
2603,"beef, cheese, milk, salt, butter",2025-11-30
2604,"pasta, banana, rice, orange, yogurt, butter",2025-07-31
2605,"sugar, eggs, cereal, beef, bread",2025-06-06
2606,"yogurt, apple, potato",2025-10-19
2607,"tomato, sugar, eggs, salt, potato",2024-10-26
2608,"milk, yogurt, eggs",2024-07-24
2609,"rice, onion, banana, salt, butter",2025-10-18
2610,"rice, potato, bread, salt, eggs",2024-11-12
2611,"eggs, salt, onion",2024-10-02
2612,"eggs, pasta, beef, apple, orange",2025-03-03
2613,"beef, orange",2025-09-20
2614,"banana, onion, cheese",2024-02-26
2615,"yogurt, rice, sugar, butter, pasta",2025-03-22
2616,"chicken, pasta, oil, salt, butter, sugar",2025-06-13
2617,"cereal, yogurt, butter, beef",2024-02-10
2618,"beef, onion",2025-01-20
2619,"cereal, oil, eggs",2025-03-08
2620,"banana, butter, cheese",2025-07-05
2621,"butter, banana, rice",2025-03-29
2622,"apple, butter, pasta, cheese, tomato",2025-02-13
2623,"chicken, milk, eggs, pasta, rice, oil",2024-12-26
2624,"yogurt, eggs",2025-06-22
2625,"yogurt, eggs",2025-10-06
2626,"sugar, orange, salt, butter, potato, beef",2025-08-20
2627,"apple, banana, eggs, butter, cereal",2024-12-14
2628,"milk, rice, cheese, chicken",2025-06-05
2629,"yogurt, apple, eggs, cheese",2024-02-12
2630,"sugar, apple, bread, oil",2024-04-14
2631,"tomato, rice, butter, cereal",2024-01-15
2632,"butter, tomato, chicken, salt",2025-12-23
2633,"onion, banana, milk, rice",2025-12-21
2634,"butter, pasta, orange, rice",2025-04-09
2635,"rice, onion, butter, pasta, sugar, chicken",2024-04-30
2636,"yogurt, salt, bread, orange, butter, milk",2025-10-25
2637,"eggs, bread, yogurt, beef",2024-11-28
2638,"banana, orange, cereal, tomato, pasta",2024-11-19
2639,"oil, milk, potato, cheese, beef",2024-05-24
2640,"onion, banana",2024-02-21
2641,"rice, pasta, apple, potato, tomato",2024-07-19
2642,"bread, salt",2024-04-19
2643,"bread, cheese",2025-08-16
2644,"cheese, yogurt, banana, orange",2024-12-20
2645,"rice, butter, chicken, potato",2024-09-27
2646,"chicken, rice, eggs, onion",2024-10-30
2647,"chicken, butter, pasta, banana",2024-01-23
2648,"cheese, chicken, rice, salt",2024-05-21
2649,"onion, apple, tomato, rice, sugar, oil",2024-05-25
2650,"yogurt, cereal, cheese, beef, sugar, butter",2024-09-25
2651,"bread, cheese, orange, eggs, oil",2025-04-08
2652,"eggs, apple, salt, tomato",2025-05-28
2653,"beef, yogurt, bread",2024-08-17
2654,"tomato, oil, pasta, banana, cereal, bread",2024-04-15
2655,"rice, cheese, butter, yogurt, onion, eggs",2025-04-11
2656,"onion, beef, banana, butter",2024-12-24
2657,"beef, chicken, milk, sugar",2024-03-25
2658,"banana, eggs, salt, milk, potato",2025-02-16
2659,"butter, rice, cheese",2024-11-10
2660,"cereal, oil, apple, onion, cheese",2024-11-21
2661,"yogurt, onion",2024-10-07
2662,"salt, chicken, sugar, onion, orange, milk",2024-10-29
2663,"apple, cereal",2025-09-13
2664,"salt, orange, pasta, butter, banana",2025-12-23
2665,"cheese, cereal, pasta",2025-01-05
2666,"rice, oil, pasta, yogurt",2025-03-09
2667,"potato, milk, banana, eggs, butter, tomato",2025-05-15
2668,"rice, eggs, potato",2024-06-27
2669,"sugar, pasta",2025-09-29
2670,"yogurt, tomato, sugar, butter",2025-04-01
2671,"sugar, pasta",2024-04-24
2672,"butter, salt, bread, cereal, pasta",2024-08-28
2673,"milk, eggs, sugar, cereal, rice",2025-10-29
2674,"orange, milk",2025-02-04
2675,"cereal, banana, onion, beef",2025-09-12
2676,"sugar, oil, onion, banana, cereal",2025-09-03
2677,"apple, sugar, chicken, pasta, salt",2024-05-08
2678,"salt, cheese, pasta, rice, bread, sugar",2025-08-18
2679,"pasta, tomato, eggs, orange",2025-12-04
2680,"bread, chicken, potato",2024-08-07
2681,"sugar, cheese, banana, yogurt, apple",2025-04-17
2682,"eggs, bread, rice, butter, potato, chicken",2024-09-05
2683,"bread, banana, orange",2024-05-06
2684,"beef, pasta, onion, cheese, banana",2024-05-16
2685,"orange, cheese, chicken, milk, banana",2025-03-05
2686,"salt, chicken, potato, orange, oil, yogurt",2025-08-10
2687,"onion, eggs, oil, yogurt",2024-03-04
2688,"beef, milk, orange, butter",2025-03-01
2689,"milk, yogurt, cereal, orange, tomato, beef",2025-04-01
2690,"salt, cheese, onion, yogurt",2024-10-04
2691,"butter, oil, apple, onion, salt, cheese",2025-05-21
2692,"cereal, butter, bread, sugar, potato",2025-04-16
2693,"sugar, rice, apple, potato, oil",2024-07-30
2694,"yogurt, chicken, butter, oil, rice, onion",2025-03-20
2695,"oil, banana, tomato, onion, rice, cheese",2024-11-22
2696,"butter, bread, apple, milk, sugar",2024-04-07
2697,"potato, chicken",2025-03-16
2698,"salt, cheese, eggs, potato, onion",2025-04-01
2699,"sugar, onion",2025-04-07
2700,"sugar, eggs, rice",2025-08-16
2701,"pasta, potato, sugar, yogurt, cheese, bread",2024-09-04
2702,"tomato, beef, onion",2024-04-24
2703,"sugar, milk, banana",2025-03-11
2704,"apple, oil, banana, rice, salt",2024-01-20
2705,"onion, potato, pasta, milk",2024-12-30
2706,"tomato, potato, beef",2025-11-07
2707,"orange, beef",2024-03-24
2708,"potato, chicken, cheese, rice",2024-08-05
2709,"salt, chicken, sugar, onion, milk",2025-06-24
2710,"eggs, orange, salt, cheese",2025-10-22
2711,"onion, milk, cereal, yogurt, pasta, oil",2024-07-16
2712,"pasta, oil",2024-11-05
2713,"apple, eggs, orange",2025-05-08
2714,"beef, apple, eggs, chicken",2024-08-18
2715,"milk, eggs, rice, beef",2025-06-13
2716,"cereal, salt, eggs, apple, cheese, bread",2024-12-18
2717,"rice, potato, butter, eggs, orange",2024-10-22
2718,"oil, salt, chicken, cheese, potato, onion",2024-02-01
2719,"potato, bread",2025-03-25
2720,"yogurt, butter, milk",2025-06-22
2721,"salt, potato",2025-11-16
2722,"milk, sugar",2024-06-06
2723,"chicken, butter",2025-09-18
2724,"cereal, butter, beef, apple, chicken",2024-03-30
2725,"potato, oil, cheese, cereal",2024-07-20
2726,"cheese, yogurt, beef",2024-01-30
2727,"eggs, potato, banana, onion, oil, tomato",2024-11-20
2728,"potato, banana, chicken, tomato, pasta",2024-07-05
2729,"tomato, oil, cheese, orange, eggs",2024-08-04
2730,"pasta, cereal, yogurt, oil, rice, cheese",2024-07-06
2731,"oil, salt, onion, tomato, eggs, apple",2025-01-22
2732,"eggs, apple",2025-12-04
2733,"sugar, butter, oil, pasta, yogurt, beef",2025-05-06
2734,"salt, eggs, oil, rice, onion, sugar",2024-10-05
2735,"tomato, rice, beef, chicken, cereal, orange",2024-09-30
2736,"rice, orange, cereal",2025-09-15
2737,"pasta, cereal, banana",2024-06-05
2738,"eggs, butter, potato, oil, salt",2024-12-25
2739,"eggs, yogurt",2025-12-30
2740,"banana, chicken, beef, rice, bread",2025-08-09
2741,"bread, sugar, cereal",2024-06-02
2742,"butter, rice, apple, salt, milk",2024-10-23
2743,"onion, yogurt, sugar, milk, orange, pasta",2025-11-08
2744,"potato, tomato, cereal, beef, cheese, chicken",2025-03-07
2745,"bread, sugar, rice, butter",2024-02-10
2746,"yogurt, chicken",2025-10-01
2747,"yogurt, milk, beef, cereal, orange",2024-11-21
2748,"yogurt, apple, orange, oil, sugar, beef",2025-04-07
2749,"cereal, beef, butter, onion",2025-10-17
2750,"tomato, potato, beef, yogurt, onion",2025-01-25
2751,"salt, cereal",2024-12-07
2752,"tomato, cheese",2024-12-19
2753,"apple, oil, sugar",2025-10-29
2754,"pasta, potato, beef, rice",2024-07-15
2755,"cereal, potato, oil, banana, eggs, bread",2024-07-03
2756,"onion, cereal, banana, tomato",2025-03-22
2757,"pasta, rice",2025-12-10
2758,"sugar, cheese, bread, butter, orange, apple",2025-08-29
2759,"orange, onion, oil",2024-10-26
2760,"orange, salt, cereal",2024-12-01
2761,"beef, orange",2025-12-20
2762,"potato, salt, bread, pasta, cheese",2024-01-10
2763,"beef, cereal, banana",2024-11-25
2764,"onion, bread, orange, salt",2024-07-02
2765,"potato, butter, apple, pasta, banana",2024-08-31
2766,"onion, milk, yogurt, cereal",2025-01-31
2767,"tomato, orange, pasta, sugar",2024-09-25
2768,"sugar, eggs, cheese, salt",2024-09-09
2769,"apple, orange, sugar",2025-10-01
2770,"cereal, tomato, sugar, onion, potato, milk",2025-05-01
2771,"yogurt, oil, cheese, apple, milk, orange",2024-10-04
2772,"sugar, yogurt, orange, beef",2025-06-30
2773,"chicken, pasta, salt, orange",2024-06-23
2774,"chicken, banana, pasta, salt",2025-07-15
2775,"cheese, onion, rice, sugar",2024-05-19
2776,"salt, pasta",2024-06-04
2777,"eggs, apple, beef, orange",2025-01-15
2778,"banana, yogurt, potato, cheese, apple, orange",2024-07-31
2779,"beef, orange, onion, salt, pasta",2025-02-17
2780,"tomato, oil, cheese, milk, yogurt",2025-10-16
2781,"bread, beef, salt, potato",2025-02-16
2782,"beef, potato, banana, cheese, tomato",2024-02-25
2783,"chicken, yogurt",2024-12-06
2784,"bread, cheese, sugar, banana, salt",2025-04-04
2785,"salt, cereal, sugar, yogurt, chicken",2025-07-26
2786,"yogurt, apple",2024-02-02
2787,"butter, eggs",2024-09-18
2788,"beef, pasta, cheese, oil",2024-10-21
2789,"rice, butter, banana",2024-06-30
2790,"salt, onion, beef, butter, pasta",2025-04-20
2791,"apple, oil, orange, rice",2024-12-14
2792,"orange, potato, cheese, bread, milk, oil",2024-05-08
2793,"milk, butter, bread, tomato, banana",2024-05-16
2794,"bread, onion, butter, sugar, eggs",2024-06-15
2795,"cereal, apple, cheese",2024-11-29
2796,"milk, banana, chicken",2025-01-01
2797,"bread, sugar, beef, onion",2025-11-05
2798,"beef, cereal, sugar, bread",2024-04-16
2799,"banana, yogurt, onion, oil, beef",2025-01-01
2800,"banana, rice, butter, oil, milk, yogurt",2024-12-03
2801,"oil, yogurt, salt, bread, cereal, apple",2025-07-22
2802,"cheese, milk, cereal, eggs",2025-09-27
2803,"potato, orange, chicken, beef, tomato, oil",2024-11-18
2804,"apple, sugar, eggs, banana",2024-07-26
2805,"cheese, salt",2024-06-24
2806,"eggs, cereal, milk, apple, beef",2024-09-19
2807,"yogurt, potato, oil, orange, bread, onion",2024-04-22
2808,"oil, orange, potato, cereal, apple, beef",2025-10-19
2809,"pasta, eggs, banana, oil, bread",2025-07-19
2810,"onion, salt",2024-04-14
2811,"pasta, sugar, milk, eggs, banana, cheese",2024-01-02
2812,"oil, eggs, salt",2024-02-15
2813,"banana, potato, milk",2025-06-25
2814,"oil, yogurt, apple, chicken, salt",2025-09-25
2815,"cereal, potato",2024-01-31
2816,"apple, potato, sugar, chicken, butter, beef",2024-05-13
2817,"salt, milk, chicken, oil",2025-05-06
2818,"onion, sugar, chicken, pasta, banana",2025-12-13
2819,"rice, pasta, butter, yogurt, oil",2025-06-04
2820,"cheese, sugar",2025-04-27
2821,"cheese, bread, banana, butter, eggs",2024-08-03
2822,"pasta, bread, cereal, milk, banana, sugar",2025-08-24
2823,"salt, eggs, milk, cheese, oil, tomato",2024-11-19
2824,"pasta, sugar, cheese, rice, yogurt, chicken",2024-01-19
2825,"orange, bread, sugar, yogurt, salt",2025-10-03
2826,"cereal, tomato, rice, chicken",2024-10-18
2827,"cereal, onion, tomato, oil, cheese, potato",2025-02-06
2828,"eggs, yogurt, pasta, butter, chicken, cheese",2024-12-22
2829,"milk, beef, rice, onion, sugar",2025-04-08
2830,"yogurt, potato",2025-05-04
2831,"potato, eggs, beef, apple, onion, orange",2024-02-13
2832,"eggs, yogurt",2025-09-02
2833,"tomato, bread, beef, salt, orange, onion",2025-02-27
2834,"rice, cereal, cheese",2025-06-16
2835,"potato, cereal, yogurt, chicken, orange, eggs",2025-02-19
2836,"chicken, cheese",2025-05-27
2837,"banana, apple, oil, butter, milk, eggs",2024-05-07
2838,"yogurt, potato, pasta, oil",2024-02-27
2839,"butter, chicken, orange, apple, cereal",2025-07-09
2840,"orange, eggs",2025-09-02
2841,"apple, onion, banana",2025-09-17
2842,"pasta, yogurt, onion",2025-01-15
2843,"milk, butter, sugar, salt, yogurt, apple",2025-08-23
2844,"cheese, orange, oil, beef",2024-08-12
2845,"chicken, rice, butter, bread, potato, pasta",2025-02-10
2846,"milk, chicken, cereal, apple, bread, salt",2025-09-18
2847,"oil, sugar, rice",2025-02-07
2848,"chicken, milk, butter",2025-06-14
2849,"cereal, butter, pasta",2025-07-06
2850,"chicken, yogurt, rice",2024-03-03
2851,"butter, yogurt, eggs, cheese, bread, onion",2025-04-05
2852,"onion, beef, butter",2025-12-04
2853,"chicken, cheese, salt, milk, banana",2025-03-09
2854,"sugar, cheese",2025-08-02
2855,"cheese, oil, salt, bread, onion, yogurt",2024-09-21
2856,"cereal, apple, pasta, bread, beef",2024-05-09
2857,"apple, beef, rice, banana, sugar",2024-02-27
2858,"banana, pasta, bread",2024-01-15
2859,"oil, tomato, bread, orange, milk, salt",2025-03-17
2860,"potato, yogurt, cheese, salt, apple",2025-10-25
2861,"milk, oil, eggs, chicken, yogurt, sugar",2024-12-23
2862,"pasta, sugar, butter, banana, tomato, eggs",2025-05-05
2863,"potato, rice, beef",2024-05-20
2864,"sugar, oil, bread, eggs, milk",2024-06-05
2865,"butter, beef, potato, salt",2025-04-06
2866,"sugar, potato, tomato, yogurt, butter, cereal",2025-04-13
2867,"sugar, cheese",2025-02-28
2868,"butter, milk, salt, oil, beef, bread",2024-12-14
2869,"beef, rice",2024-11-03
2870,"tomato, onion, potato",2025-01-11
2871,"cheese, orange, eggs",2025-11-17
2872,"beef, apple, milk, banana, rice, potato",2025-02-18
2873,"beef, butter, chicken, pasta, tomato",2025-05-24
2874,"chicken, potato, cheese, oil",2024-06-16
2875,"butter, onion",2024-02-29
2876,"cheese, apple, onion",2024-05-24
2877,"salt, sugar, butter, chicken, potato",2025-04-15
2878,"salt, chicken, eggs, oil, butter, banana",2024-05-11
2879,"potato, tomato, cheese, onion, sugar",2024-05-10
2880,"beef, milk, chicken",2025-05-20
2881,"chicken, bread",2025-07-08
2882,"onion, chicken, eggs",2025-07-15
2883,"milk, orange",2025-06-07
2884,"oil, sugar, bread, salt",2025-10-26
2885,"bread, banana",2024-09-09
2886,"tomato, eggs, sugar",2024-07-08
2887,"butter, yogurt, orange",2024-02-28
2888,"sugar, cheese, yogurt, apple, tomato, milk",2024-07-08
2889,"apple, yogurt, rice",2024-05-29
2890,"eggs, pasta, tomato, beef, apple",2024-06-05
2891,"potato, oil",2025-03-03
2892,"orange, eggs",2025-11-11
2893,"yogurt, butter, orange, eggs, oil",2024-01-18
2894,"butter, pasta, apple, rice, onion, milk",2024-04-07
2895,"banana, onion, beef, salt, cereal",2025-08-09
2896,"oil, yogurt, sugar, tomato, salt",2025-11-27
2897,"beef, potato, cheese, oil, salt, pasta",2024-09-01
2898,"sugar, cereal, cheese",2024-11-14
2899,"tomato, potato",2024-08-11
2900,"beef, banana, bread",2025-12-20
2901,"eggs, cereal",2025-04-06
2902,"bread, salt",2025-03-21
2903,"onion, butter, potato",2024-09-05
2904,"pasta, butter",2024-03-11
2905,"yogurt, cheese",2024-12-18
2906,"chicken, cereal",2024-07-13
2907,"eggs, bread, beef",2024-08-31
2908,"cheese, yogurt, orange, chicken, banana, eggs",2025-03-02
2909,"chicken, cheese, onion, bread, pasta",2025-12-15
2910,"oil, rice",2024-08-07
2911,"cereal, beef, onion, chicken, eggs, tomato",2024-05-11
2912,"milk, potato, rice, cheese, onion, banana",2025-07-18
2913,"oil, sugar, onion, chicken, banana",2024-04-13
2914,"onion, yogurt, salt",2024-11-30
2915,"sugar, milk, salt",2025-12-27
2916,"salt, milk, cheese",2025-08-03
2917,"tomato, cheese, bread, potato, yogurt, sugar",2024-01-24
2918,"pasta, cheese, potato, salt, tomato, onion",2024-11-23
2919,"cheese, eggs",2025-09-04
2920,"eggs, yogurt, tomato, rice, cereal",2025-06-14
2921,"rice, oil, cereal",2025-03-22
2922,"apple, butter, oil, bread, salt",2024-04-01
2923,"milk, oil",2025-09-12
2924,"orange, banana, yogurt",2025-05-13
2925,"cereal, cheese, milk, salt",2024-05-11
2926,"eggs, butter",2024-03-08
2927,"bread, banana, sugar, milk",2025-03-01
2928,"banana, tomato, sugar, butter, salt",2025-06-20
2929,"cheese, rice, sugar, bread, yogurt, pasta",2025-09-12
2930,"orange, butter, tomato",2025-07-08
2931,"milk, apple",2024-07-26
2932,"oil, sugar, cheese, pasta",2025-09-02
2933,"yogurt, pasta, salt, banana, rice",2025-07-17
2934,"orange, rice, onion",2024-04-01
2935,"bread, cheese, milk, chicken, apple",2024-01-17
2936,"sugar, onion, orange, cheese, bread",2025-05-03
2937,"tomato, orange, onion, milk, eggs",2025-07-11
2938,"salt, potato, oil, sugar, bread, onion",2024-08-24
2939,"milk, pasta, butter, apple",2024-04-01
2940,"bread, tomato, cereal",2025-10-02
2941,"cheese, chicken, beef",2024-01-07
2942,"banana, rice",2024-05-07
2943,"cheese, oil, pasta, salt, bread",2024-12-01
2944,"oil, eggs, sugar, apple, milk",2024-06-15
2945,"sugar, rice, oil",2025-10-10
2946,"sugar, rice, cereal",2024-01-08
2947,"rice, bread, salt, eggs, chicken",2025-10-08
2948,"eggs, banana",2025-08-30
2949,"apple, orange",2024-08-27
2950,"beef, pasta, orange, potato",2024-12-08
2951,"tomato, milk, potato, rice",2024-08-15
2952,"chicken, yogurt",2025-03-17
2953,"rice, chicken, tomato, yogurt",2024-03-14
2954,"tomato, pasta, eggs, salt, sugar, orange",2024-05-27
2955,"butter, onion, eggs, banana, beef, sugar",2025-11-08
2956,"banana, beef, milk, yogurt, onion, sugar",2024-12-15
2957,"salt, yogurt",2024-10-03
2958,"oil, onion",2025-04-15
2959,"banana, apple",2025-04-01
2960,"rice, beef, milk, cheese, orange",2025-12-22
2961,"bread, potato",2025-02-27
2962,"banana, onion, orange, eggs, rice",2025-06-05
2963,"apple, rice",2025-12-21
2964,"salt, milk, beef, potato",2024-03-29
2965,"salt, banana, bread, cheese, milk, yogurt",2025-06-02
2966,"pasta, yogurt, salt, bread, oil, apple",2024-01-28
2967,"rice, bread, orange, pasta, yogurt",2024-09-15
2968,"banana, onion, oil, chicken, beef",2024-06-11
2969,"cheese, rice, orange",2025-12-19
2970,"cheese, sugar, beef, potato, rice, butter",2025-06-25
2971,"orange, bread, yogurt, salt",2024-02-04
2972,"banana, tomato, rice",2025-11-11
2973,"bread, milk, rice, chicken, yogurt",2024-05-09
2974,"rice, pasta, cheese, sugar, cereal, yogurt",2025-05-03
2975,"yogurt, cereal, onion, cheese, chicken",2024-03-03
2976,"beef, banana, apple, salt, onion, yogurt",2024-07-30
2977,"cheese, cereal, pasta, eggs, banana, rice",2025-05-05
2978,"onion, eggs, butter, sugar",2025-02-19
2979,"banana, onion, tomato, milk, sugar",2024-10-09
2980,"cereal, potato",2024-11-07
2981,"apple, chicken, sugar",2025-05-11
2982,"orange, bread, chicken, potato",2025-10-10
2983,"salt, beef, yogurt, tomato, cheese",2025-04-02
2984,"oil, tomato, cereal, banana, rice",2024-09-14
2985,"pasta, sugar, apple, beef",2025-01-20
2986,"cheese, onion, banana",2024-02-29
2987,"cheese, onion",2024-03-31
2988,"yogurt, milk, cheese, pasta, sugar",2025-05-28
2989,"yogurt, milk, oil, tomato, cereal, pasta",2024-08-30
2990,"tomato, rice, cheese",2024-03-31
2991,"rice, chicken, oil, tomato, onion, banana",2024-10-21
2992,"yogurt, beef, bread, milk, sugar, eggs",2025-08-02
2993,"pasta, yogurt, butter, milk, beef",2025-05-29
2994,"eggs, cereal",2025-09-11
2995,"banana, cereal, milk, salt, butter",2025-08-05
2996,"pasta, oil, milk, tomato",2024-11-19
2997,"pasta, salt, milk, yogurt, bread, tomato",2025-09-13
2998,"sugar, milk, pasta, salt, rice",2025-03-11
2999,"salt, tomato, eggs",2025-08-31
3000,"oil, yogurt",2024-08-26
3001,"milk, sugar",2024-06-16
3002,"banana, onion, potato, chicken, sugar, beef",2025-03-31
3003,"apple, pasta",2024-04-17
3004,"milk, onion",2024-10-07
3005,"bread, cheese, sugar, milk, tomato",2024-04-13
3006,"eggs, potato, chicken, onion",2025-12-05
3007,"banana, beef, tomato, apple, eggs",2025-10-06
3008,"cheese, rice, potato, oil, apple",2024-11-16
3009,"pasta, milk, bread, butter, eggs, chicken",2025-04-10
3010,"tomato, banana",2024-05-13
3011,"beef, sugar, potato, bread, chicken, banana",2024-07-29
3012,"sugar, apple, milk, bread, eggs",2025-02-13
3013,"onion, beef",2024-12-23
3014,"yogurt, butter, beef, rice, cheese",2024-10-01
3015,"orange, sugar, cereal, salt",2025-06-19
3016,"eggs, banana, onion, tomato, milk",2025-10-12
3017,"chicken, beef, pasta, yogurt",2024-03-22
3018,"cereal, pasta, orange",2025-09-16
3019,"sugar, tomato, bread, butter, pasta",2025-12-16
3020,"cereal, salt, yogurt, pasta",2024-01-12
3021,"orange, cheese, bread, banana",2025-07-12
3022,"butter, tomato, oil",2025-08-26
3023,"pasta, cereal",2025-08-23
3024,"butter, oil, cereal, rice",2025-07-25
3025,"salt, butter, apple, oil, yogurt, tomato",2025-02-04
3026,"pasta, bread, salt, beef",2025-09-06
3027,"banana, beef, eggs, onion, sugar",2024-02-13
3028,"rice, bread, potato, cereal",2025-11-09
3029,"butter, eggs",2025-06-01
3030,"oil, banana",2024-10-26
3031,"oil, cheese",2025-04-29
3032,"milk, butter, cheese",2024-08-11
3033,"pasta, bread, cereal",2025-11-20
3034,"bread, banana, milk, orange, beef, oil",2024-07-06
3035,"chicken, sugar, salt",2025-07-31
3036,"potato, yogurt, tomato",2024-02-16
3037,"onion, rice",2025-01-31
3038,"tomato, cereal",2025-06-03
3039,"beef, potato, salt, rice, banana",2024-01-30
3040,"tomato, butter, pasta, onion, sugar, chicken",2025-03-13
3041,"eggs, oil, potato, orange, cheese, yogurt",2024-12-04
3042,"butter, pasta, eggs, apple",2025-09-02
3043,"salt, beef, potato",2024-08-29
3044,"milk, onion, butter, pasta, salt",2025-11-17
3045,"bread, onion, tomato, orange, potato",2025-07-17
3046,"yogurt, beef",2024-06-20
3047,"potato, pasta",2024-06-24
3048,"pasta, tomato",2025-09-14
3049,"potato, pasta",2024-05-06
3050,"sugar, cereal, rice",2024-08-28
3051,"bread, chicken",2024-07-07
3052,"cheese, beef, milk, sugar",2024-06-15
3053,"bread, chicken, milk, cheese",2024-04-13
3054,"orange, eggs, beef",2025-12-05
3055,"milk, pasta, butter, potato",2025-01-02
3056,"sugar, yogurt, cheese, potato, orange",2024-05-13
3057,"cereal, tomato, cheese, potato, butter",2024-12-29
3058,"banana, potato",2024-06-20
3059,"sugar, banana, pasta, orange",2024-02-03
3060,"cheese, yogurt, oil, eggs, banana",2024-09-28
3061,"beef, banana, onion, butter, rice",2025-02-09
3062,"oil, sugar",2024-07-19
3063,"onion, eggs, oil",2025-03-30
3064,"tomato, pasta, cheese, potato",2025-04-12
3065,"tomato, oil, onion, pasta",2025-02-07
3066,"oil, milk, beef, onion, orange, cheese",2024-04-12
3067,"tomato, salt, cereal, chicken, beef, banana",2024-09-22
3068,"onion, pasta, orange, cheese, potato, tomato",2025-08-03
3069,"rice, cereal, oil, onion, pasta, eggs",2025-07-31
3070,"cereal, bread, pasta, banana",2025-02-13
3071,"oil, rice, tomato, onion, pasta, beef",2024-01-03
3072,"cheese, beef, oil, apple, butter",2024-12-26
3073,"chicken, beef, salt, bread, cheese",2025-01-03
3074,"eggs, potato, beef, bread, onion",2025-04-28
3075,"chicken, cheese, tomato",2025-07-19
3076,"oil, onion, butter, milk, eggs",2025-05-11
3077,"milk, pasta, tomato, oil",2025-07-20
3078,"milk, potato, onion, yogurt",2025-07-05
3079,"yogurt, milk",2024-02-23
3080,"cereal, salt, milk, yogurt",2024-04-13
3081,"sugar, onion, eggs",2025-06-25
3082,"sugar, oil, butter, salt, bread",2024-02-05
3083,"sugar, cheese, oil, milk, banana",2025-05-13
3084,"bread, onion, cheese, potato",2024-09-25
3085,"oil, cheese, chicken, cereal",2025-10-09
3086,"rice, orange, bread, oil, yogurt",2024-12-23
3087,"potato, milk, salt, eggs",2024-01-24
3088,"eggs, butter, milk",2025-10-16
3089,"bread, milk, sugar, orange, oil, cheese",2025-06-12
3090,"eggs, salt, orange",2024-12-19
3091,"chicken, eggs, sugar, yogurt",2024-11-06
3092,"apple, beef",2024-12-06
3093,"onion, orange, pasta",2024-02-29
3094,"cereal, bread, eggs",2025-10-29
3095,"sugar, oil",2024-12-25
3096,"chicken, sugar, oil, yogurt",2025-10-04
3097,"apple, sugar, onion, banana, potato, yogurt",2025-11-25
3098,"rice, eggs, oil",2024-09-28
3099,"apple, bread",2024-02-01
3100,"oil, salt, bread, rice",2025-07-28
3101,"sugar, tomato, rice, apple",2024-06-10
3102,"onion, chicken, cereal",2024-10-16
3103,"onion, beef, cereal, pasta, orange",2025-08-10
3104,"potato, milk, pasta, rice, onion, banana",2025-10-23
3105,"tomato, orange, apple, butter, salt, potato",2025-04-02
3106,"yogurt, onion, orange, banana, salt",2025-06-23
3107,"eggs, banana",2024-10-25
3108,"chicken, eggs, potato, salt",2025-12-06
3109,"salt, cereal, banana",2025-05-30
3110,"bread, onion, sugar, butter",2024-04-10
3111,"beef, bread, cheese",2025-12-02
3112,"beef, milk, cereal, pasta",2024-10-20
3113,"yogurt, eggs, cereal, chicken",2024-02-01
3114,"cereal, apple, milk",2025-06-11
3115,"oil, beef, potato, tomato, rice",2025-02-02
3116,"banana, milk, oil, orange, butter",2024-04-25
3117,"potato, cheese, beef",2024-04-06
3118,"onion, tomato, pasta, potato",2024-04-01
3119,"yogurt, salt",2024-01-19
3120,"oil, milk, salt, banana, potato, apple",2025-01-17
3121,"yogurt, eggs, apple, butter, milk",2025-10-28
3122,"orange, tomato",2025-05-08
3123,"tomato, beef, yogurt, cereal, milk, cheese",2024-02-13
3124,"milk, pasta, apple, banana, potato, cheese",2024-08-09
3125,"yogurt, onion, eggs, potato, pasta, milk",2024-12-18
3126,"banana, pasta, beef, milk, cereal",2025-03-23
3127,"pasta, sugar",2025-11-16
3128,"banana, pasta, rice, oil, eggs, bread",2025-07-07
3129,"chicken, cheese",2025-10-16
3130,"bread, onion",2024-12-03
3131,"onion, eggs",2024-09-21
3132,"onion, potato, milk, orange",2025-11-08
3133,"rice, cheese, beef, sugar",2024-03-30
3134,"onion, cereal, apple, sugar, chicken",2025-01-17
3135,"banana, salt, orange, milk",2025-06-19
3136,"salt, sugar, pasta, yogurt, milk",2025-09-22
3137,"chicken, cheese",2025-08-10
3138,"onion, rice, milk, chicken, eggs, salt",2024-04-04
3139,"chicken, cereal, banana",2024-06-15
3140,"sugar, potato, butter, milk",2025-12-14
3141,"butter, sugar, onion, cereal, cheese",2024-09-19
3142,"rice, bread, potato, yogurt, pasta, banana",2025-12-26
3143,"salt, potato",2025-03-31
3144,"eggs, cereal, sugar, chicken, butter",2025-01-18
3145,"eggs, tomato, pasta, beef, butter, orange",2024-04-02
3146,"rice, oil, milk, butter",2025-01-19
3147,"tomato, chicken, pasta",2024-06-06
3148,"potato, milk, cheese, banana, chicken",2024-04-23
3149,"onion, banana",2024-07-27
3150,"banana, potato, apple, eggs",2024-02-04
3151,"banana, apple, sugar",2024-07-17
3152,"potato, bread, onion",2025-05-12
3153,"apple, potato, eggs, butter, orange",2025-04-14
3154,"bread, yogurt, potato, beef, tomato, cereal",2025-05-04
3155,"salt, apple, cheese, pasta, bread, sugar",2024-09-28
3156,"oil, milk, cheese, potato",2025-07-19
3157,"salt, rice",2024-09-29
3158,"orange, milk, pasta",2024-12-11
3159,"rice, potato, butter",2025-12-18
3160,"cereal, orange",2025-06-18
3161,"orange, eggs, bread, oil",2024-03-25
3162,"yogurt, bread, salt, chicken, oil",2024-06-26
3163,"yogurt, rice",2025-04-08
3164,"sugar, chicken, banana, tomato, pasta, cheese",2024-06-06
3165,"eggs, bread, banana, cheese, pasta, orange",2025-07-01
3166,"eggs, cereal, bread, banana, milk, tomato",2025-10-12
3167,"sugar, chicken, banana, tomato, butter",2024-02-12
3168,"milk, salt, oil, chicken, pasta, cereal",2024-08-04
3169,"beef, onion, butter, rice, orange",2024-09-24
3170,"tomato, beef, cheese, apple, eggs",2024-05-11
3171,"salt, eggs, onion, oil, orange, sugar",2024-06-23
3172,"rice, banana",2024-04-25
3173,"eggs, apple, chicken, onion, milk",2024-08-24
3174,"banana, chicken, sugar, orange, cereal",2024-12-28
3175,"eggs, rice, tomato, sugar, salt",2025-06-24
3176,"eggs, apple, cheese",2025-02-11
3177,"eggs, yogurt, rice, banana, butter",2024-12-18
3178,"rice, oil, milk, banana, beef",2024-02-06
3179,"yogurt, orange, milk, cereal, butter, pasta",2024-11-18
3180,"banana, sugar, cheese, orange, potato, rice",2024-03-22
3181,"milk, tomato",2025-04-08
3182,"banana, chicken, orange, yogurt",2025-02-21
3183,"eggs, onion, apple, oil, cheese, sugar",2024-09-21
3184,"orange, banana, milk, sugar, potato",2024-05-30
3185,"sugar, pasta, onion, tomato",2025-03-19
3186,"chicken, apple, sugar, bread, salt",2024-11-02
3187,"bread, potato, rice, sugar, apple, salt",2024-01-24
3188,"banana, beef, yogurt, tomato, rice",2025-01-14
3189,"butter, chicken, eggs, yogurt, beef, orange",2025-01-20
3190,"salt, cheese, pasta",2025-01-15
3191,"apple, cereal, tomato",2024-11-12
3192,"salt, cereal, chicken, sugar, beef",2025-05-05
3193,"chicken, tomato, pasta, beef",2024-04-17
3194,"cereal, banana, sugar, orange, cheese, apple",2024-03-18
3195,"banana, apple, cereal",2024-05-02
3196,"tomato, chicken, oil, potato, sugar, cheese",2024-01-17
3197,"rice, tomato, banana, potato",2025-12-27
3198,"banana, tomato, milk, pasta",2024-04-21
3199,"salt, potato",2024-12-12
3200,"chicken, milk, rice, pasta, eggs",2025-12-01
3201,"chicken, cereal, sugar, beef",2024-12-12
3202,"bread, chicken, eggs, apple, cheese, pasta",2024-11-26
3203,"yogurt, cereal, cheese, apple",2025-08-29
3204,"sugar, orange, bread, apple, onion, banana",2025-01-29
3205,"yogurt, milk, oil, pasta, tomato",2025-10-10
3206,"cheese, sugar, orange, rice, milk",2025-06-30
3207,"apple, cereal, salt, bread, cheese",2025-10-05
3208,"banana, milk, onion, bread",2026-01-01
3209,"beef, banana, tomato",2025-08-06
3210,"tomato, yogurt",2025-12-22
3211,"pasta, salt, milk",2024-04-01
3212,"salt, eggs",2025-03-27
3213,"cereal, chicken, butter, orange",2025-11-14
3214,"banana, sugar, yogurt",2024-03-19
3215,"cheese, sugar, pasta, cereal, onion, yogurt",2025-01-25
3216,"potato, oil, banana, salt",2024-07-11
3217,"bread, potato, sugar, rice, milk, eggs",2025-06-08
3218,"cereal, banana, butter, beef, rice, bread",2024-08-13
3219,"banana, onion, tomato",2025-08-01
3220,"bread, salt, banana",2025-11-20
3221,"yogurt, rice",2024-06-07
3222,"apple, oil, beef, chicken, eggs",2024-11-26
3223,"tomato, pasta, yogurt, salt",2024-06-04
3224,"tomato, yogurt, salt, orange, onion",2024-08-11
3225,"cereal, pasta, tomato, salt, oil, apple",2024-02-05
3226,"rice, apple, pasta, cereal",2024-04-02
3227,"onion, milk, eggs, apple",2025-02-17
3228,"cheese, eggs, orange, tomato, cereal, pasta",2024-07-28
3229,"apple, cereal, salt",2024-04-30
3230,"potato, oil",2024-11-21
3231,"salt, sugar, apple, milk",2025-05-28
3232,"apple, cheese",2025-02-17
3233,"bread, chicken",2024-11-05
3234,"yogurt, potato, butter, tomato, milk, pasta",2024-06-12
3235,"beef, salt, tomato",2024-10-26
3236,"yogurt, cheese, salt, tomato, onion, potato",2024-01-17
3237,"eggs, chicken, banana",2025-01-06
3238,"rice, chicken, pasta, cereal",2024-05-13
3239,"oil, beef",2024-02-17
3240,"tomato, pasta, cereal, apple, potato",2024-04-10
3241,"yogurt, butter, eggs",2025-01-30
3242,"oil, potato, yogurt, onion, butter",2024-08-01
3243,"apple, bread, rice, sugar, yogurt",2025-05-29
3244,"bread, cheese, butter, banana, tomato, cereal",2025-01-05
3245,"oil, onion, eggs, cereal",2025-01-20
3246,"pasta, banana, milk, chicken, cereal",2025-02-13
3247,"cereal, beef, pasta, chicken, potato, sugar",2024-05-31
3248,"bread, eggs, chicken, banana, butter",2024-03-23
3249,"cereal, bread, eggs, cheese",2025-09-22
3250,"tomato, apple",2024-03-11
3251,"yogurt, sugar",2025-01-09
3252,"milk, potato, bread, eggs, apple, onion",2024-04-21
3253,"potato, rice, tomato",2025-11-18
3254,"rice, bread, cereal, eggs",2024-03-05
3255,"salt, bread, tomato, butter, cereal",2025-07-28
3256,"milk, salt, tomato, eggs, cereal, rice",2024-11-05
3257,"onion, eggs, tomato, rice, salt, yogurt",2025-03-15
3258,"cereal, butter, salt, oil, yogurt",2025-12-27
3259,"butter, banana, beef, cereal, bread, orange",2024-12-02
3260,"pasta, rice, eggs, banana, potato, onion",2024-09-27
3261,"onion, bread, eggs, pasta",2025-01-01
3262,"butter, cereal, chicken, beef, cheese, salt",2024-11-15
3263,"milk, cereal, beef, cheese, tomato",2024-07-28
3264,"onion, potato, salt, yogurt, cheese",2025-04-21
3265,"potato, cereal, yogurt, apple, rice, chicken",2025-05-12
3266,"butter, rice, eggs, orange",2024-09-29
3267,"milk, bread, orange, oil, potato",2024-01-05
3268,"tomato, yogurt, pasta, banana, bread",2024-04-12
3269,"tomato, potato, milk, chicken, onion, eggs",2025-09-07
3270,"yogurt, eggs, salt",2024-03-04
3271,"chicken, butter, bread, yogurt, eggs, onion",2024-07-13
3272,"potato, salt",2024-09-18
3273,"chicken, eggs, yogurt, bread, beef, sugar",2025-08-14
3274,"chicken, oil",2025-05-12
3275,"orange, sugar, potato, yogurt",2024-06-04
3276,"beef, onion, cereal, orange, milk",2024-09-02
3277,"rice, cheese, chicken",2025-08-04
3278,"banana, butter, sugar, potato, apple, cheese",2025-07-22
3279,"sugar, butter, pasta, banana, orange, apple",2024-12-28
3280,"oil, butter, bread, onion, beef, chicken",2024-03-24
3281,"chicken, cereal, eggs, yogurt",2024-11-22
3282,"salt, bread, tomato, butter, apple, potato",2024-05-25
3283,"eggs, tomato, butter, pasta, potato, yogurt",2025-09-19
3284,"salt, oil",2025-01-25
3285,"beef, bread",2025-06-14
3286,"butter, onion, cereal",2024-04-03
3287,"milk, butter, onion, apple",2024-05-26
3288,"cheese, apple",2025-11-23
3289,"beef, sugar, apple, rice, oil",2025-09-21
3290,"salt, banana, bread, oil",2024-01-31
3291,"cheese, pasta, orange, onion, beef",2024-12-08
3292,"tomato, onion, eggs, orange, beef",2025-12-31
3293,"orange, eggs, oil, beef",2025-09-06
3294,"cheese, oil, yogurt, orange, chicken, sugar",2024-06-07
3295,"potato, salt, tomato, milk",2025-05-02
3296,"chicken, sugar, potato, pasta, eggs",2024-02-14
3297,"sugar, eggs, cereal",2024-02-26
3298,"salt, yogurt, pasta, banana, bread",2025-10-20
3299,"onion, butter, tomato, rice",2024-12-19
3300,"milk, oil, cheese, chicken, butter, sugar",2025-05-27
3301,"salt, bread, yogurt",2024-11-09
3302,"sugar, pasta, eggs, butter, oil, yogurt",2025-08-20
3303,"salt, tomato, beef, milk, cheese",2024-01-14
3304,"sugar, onion",2025-12-21
3305,"sugar, cheese",2024-05-24
3306,"onion, salt, yogurt, apple, cheese",2025-03-14
3307,"cereal, oil, apple, cheese, chicken",2025-04-30
3308,"onion, beef, cheese",2024-06-17
3309,"eggs, tomato, orange, salt, banana",2025-05-08
3310,"eggs, orange, bread",2025-07-02
3311,"oil, cheese, pasta, apple",2024-05-27
3312,"oil, sugar, yogurt, eggs",2024-10-21
3313,"bread, oil, milk, apple, rice",2025-05-19
3314,"banana, butter, onion",2025-02-19
3315,"salt, yogurt, butter, eggs, oil, apple",2025-06-19
3316,"cheese, eggs, sugar",2025-02-07
3317,"cheese, oil, potato",2025-10-23
3318,"sugar, potato",2024-10-12
3319,"butter, yogurt",2024-09-07
3320,"chicken, sugar",2024-04-29
3321,"pasta, banana, tomato, oil",2025-01-02
3322,"oil, banana, milk, rice, potato, yogurt",2025-03-25
3323,"yogurt, pasta",2024-02-01
3324,"sugar, cereal",2025-11-27
3325,"cheese, chicken, eggs",2024-09-21
3326,"eggs, tomato, rice",2024-11-18
3327,"tomato, salt, orange, chicken",2025-05-12
3328,"orange, beef",2025-06-24
3329,"tomato, onion, oil",2024-04-22
3330,"tomato, cheese, sugar, milk, eggs",2025-06-18
3331,"oil, orange, banana, butter, pasta",2024-08-26
3332,"onion, salt, oil, eggs, potato, banana",2025-03-11
3333,"beef, oil",2024-05-19
3334,"butter, sugar, chicken, oil, cereal, bread",2025-06-26
3335,"banana, potato, pasta, tomato, cereal, onion",2024-10-30
3336,"cheese, onion, cereal, pasta",2024-04-27
3337,"chicken, apple, rice, bread",2025-10-15
3338,"pasta, apple",2025-10-13
3339,"milk, orange, pasta, bread",2025-12-13
3340,"onion, cereal, tomato, beef, eggs, butter",2024-08-03
3341,"bread, salt, sugar",2024-04-16
3342,"tomato, apple, bread, butter, beef",2025-08-24
3343,"eggs, yogurt",2025-04-24
3344,"oil, potato",2025-07-27
3345,"rice, salt, sugar, cereal, cheese",2024-05-06
3346,"cheese, butter, pasta, bread, eggs, onion",2024-10-20
3347,"bread, yogurt, apple, orange, cereal, salt",2024-02-14
3348,"apple, cereal",2025-06-13
3349,"cheese, banana, tomato, milk, apple",2024-03-13
3350,"tomato, salt",2025-10-08
3351,"sugar, oil, yogurt",2024-07-23
3352,"potato, butter, orange, chicken, yogurt, apple",2024-06-08
3353,"beef, cereal, cheese, milk, eggs, bread",2025-12-06
3354,"pasta, chicken, rice, potato, banana",2025-03-29
3355,"potato, eggs, beef, butter, bread",2025-03-19
3356,"eggs, pasta, potato, tomato, milk, beef",2024-07-02
3357,"cheese, bread, oil, eggs, cereal",2025-09-26
3358,"banana, onion, chicken",2025-04-15
3359,"butter, potato",2025-09-04
3360,"cereal, milk, yogurt",2024-12-28
3361,"chicken, milk, banana",2025-06-05
3362,"apple, cereal, cheese, rice",2024-06-23
3363,"potato, eggs, yogurt, chicken, beef",2025-09-09
3364,"tomato, onion, oil",2024-09-26
3365,"eggs, chicken",2024-09-29
3366,"cereal, oil, milk",2025-07-17
3367,"chicken, salt, pasta, yogurt, banana",2024-05-09
3368,"cheese, apple, yogurt, bread, eggs",2024-05-15
3369,"beef, pasta, rice, banana, bread, salt",2024-11-12
3370,"apple, eggs, pasta, chicken",2025-06-28
3371,"potato, cereal",2024-01-23
3372,"rice, chicken, potato, oil",2024-09-27
3373,"chicken, salt, apple",2024-07-14
3374,"tomato, bread, orange, eggs, banana",2024-09-06
3375,"potato, salt, eggs, chicken",2025-06-25
3376,"beef, butter, orange, milk",2024-03-24
3377,"orange, potato, tomato, beef, cereal",2025-01-12
3378,"potato, milk, cereal, onion",2025-09-10
3379,"onion, rice, cheese",2024-03-23
3380,"tomato, sugar, onion, eggs",2024-05-13
3381,"bread, butter, potato, eggs, cereal",2025-10-23
3382,"cereal, banana, chicken, butter, yogurt",2025-01-27
3383,"pasta, banana",2024-01-19
3384,"butter, pasta",2025-10-11
3385,"sugar, potato, pasta, yogurt, butter, beef",2024-03-25
3386,"oil, beef, tomato, salt",2024-07-09
3387,"milk, rice, beef, yogurt, apple, salt",2024-10-21
3388,"apple, chicken, banana, salt",2025-08-24
3389,"pasta, orange, eggs, beef, apple",2025-07-04
3390,"apple, pasta, chicken, sugar, bread",2024-02-20
3391,"yogurt, butter, salt, sugar, bread, onion",2024-10-27
3392,"yogurt, onion, sugar, beef",2024-09-05
3393,"chicken, yogurt, beef, eggs, onion, potato",2025-03-22
3394,"orange, rice, butter, onion",2024-05-31
3395,"apple, banana, milk, butter, tomato",2024-04-10
3396,"beef, apple, oil, butter, tomato",2025-06-29
3397,"milk, orange, oil, bread, potato",2024-08-20
3398,"sugar, orange",2025-04-08
3399,"potato, cheese, onion, pasta",2024-11-09
3400,"chicken, potato",2025-02-09
3401,"milk, pasta, chicken, salt, butter, beef",2025-09-13
3402,"oil, apple, tomato, eggs, banana",2024-01-08
3403,"salt, tomato, cheese, rice",2025-05-07
3404,"salt, cheese",2024-08-02
3405,"eggs, potato, cheese, yogurt, tomato",2024-10-14
3406,"chicken, orange, cheese",2025-12-24
3407,"butter, bread, oil, cheese, eggs",2025-10-27
3408,"sugar, salt, beef",2025-12-25
3409,"tomato, salt",2025-07-07
3410,"chicken, apple",2025-10-13
3411,"oil, eggs, sugar, apple, rice",2024-07-16
3412,"apple, potato, butter, eggs, pasta",2025-06-07
3413,"potato, orange, milk, bread, oil, rice",2024-06-20
3414,"beef, apple, cheese, cereal, oil",2025-03-19
3415,"milk, eggs, pasta, yogurt, tomato, cheese",2024-12-18
3416,"beef, potato, milk, bread",2024-05-20
3417,"apple, tomato, chicken",2025-08-19
3418,"salt, apple, cereal, yogurt, eggs, tomato",2024-10-01
3419,"cheese, salt, apple",2024-10-03
3420,"bread, apple",2025-07-28
3421,"chicken, apple, cheese, rice",2025-08-06
3422,"pasta, butter, milk, eggs, cereal, rice",2025-10-29
3423,"cheese, potato, yogurt",2024-03-01
3424,"rice, pasta, butter",2024-02-25
3425,"bread, oil, cheese, potato, orange, apple",2025-07-14
3426,"sugar, beef, onion, eggs, rice",2025-01-19
3427,"onion, yogurt",2025-11-23
3428,"chicken, pasta, banana",2025-08-24
3429,"orange, yogurt, bread",2025-07-28
3430,"cheese, salt, beef, potato, yogurt",2024-05-11
3431,"butter, potato, beef, pasta, chicken",2024-10-30
3432,"oil, beef",2024-10-18
3433,"potato, onion, sugar",2025-04-19
3434,"pasta, yogurt, butter, salt, tomato",2024-03-24
3435,"beef, rice, salt",2024-11-17
3436,"tomato, butter, chicken, orange",2024-09-15
3437,"yogurt, milk, chicken, tomato, banana",2024-12-12
3438,"butter, oil, pasta, apple, salt",2025-11-18
3439,"eggs, beef, yogurt, tomato, pasta",2025-01-22
3440,"orange, banana, cheese",2024-01-10
3441,"cereal, oil",2025-01-21
3442,"cereal, eggs, apple, yogurt, beef, banana",2025-08-26
3443,"apple, beef, butter, chicken",2025-08-30
3444,"cheese, tomato, salt",2024-07-06
3445,"pasta, orange, chicken, milk, banana, potato",2025-01-16
3446,"onion, pasta, yogurt, rice",2024-04-19
3447,"bread, apple, orange, salt",2024-09-05
3448,"pasta, orange, chicken, salt, cheese",2024-09-18
3449,"beef, apple, rice, potato, yogurt",2025-10-16
3450,"orange, pasta, salt, bread, beef, yogurt",2025-06-24
3451,"cheese, salt, eggs, oil",2025-10-02
3452,"beef, salt, yogurt, potato, banana",2024-12-19
3453,"pasta, yogurt, sugar, oil",2024-12-14
3454,"eggs, chicken",2025-10-08
3455,"potato, apple, onion, milk, butter, pasta",2024-11-30
3456,"orange, onion, eggs",2025-12-14
3457,"orange, pasta",2025-10-10
3458,"chicken, sugar, yogurt, potato",2025-07-02
3459,"sugar, beef",2024-09-27
3460,"tomato, chicken, cereal, pasta",2025-10-08
3461,"pasta, orange, oil, cheese, chicken",2024-08-27
3462,"onion, oil",2024-06-07
3463,"milk, cereal, cheese, oil, bread, salt",2024-01-29
3464,"eggs, cereal, potato",2024-06-15
3465,"onion, cheese, chicken, potato, beef",2025-03-06
3466,"potato, oil",2024-02-17
3467,"potato, yogurt, rice, banana",2025-10-21
3468,"tomato, milk, rice, pasta, onion",2024-08-11
3469,"banana, potato, bread, beef",2025-01-01
3470,"salt, orange",2025-11-10
3471,"chicken, butter, potato, pasta, onion",2025-06-07
3472,"potato, rice",2024-07-16
3473,"eggs, potato, yogurt",2024-12-17
3474,"orange, chicken, eggs, rice, cheese",2025-01-18
3475,"banana, oil, cereal, milk, rice, apple",2024-07-24
3476,"cheese, beef, tomato",2025-01-04
3477,"cheese, cereal",2025-12-31
3478,"cheese, pasta",2024-07-28
3479,"chicken, pasta, salt, banana",2025-12-15
3480,"eggs, pasta, potato",2025-02-04
3481,"potato, bread, tomato, milk, yogurt, chicken",2025-03-16
3482,"potato, banana, apple, cereal, pasta, sugar",2024-05-17
3483,"pasta, orange, chicken, yogurt, apple",2025-01-18
3484,"bread, beef, apple",2025-03-31
3485,"potato, cereal, yogurt",2025-02-04
3486,"eggs, cheese, sugar, rice",2025-01-21
3487,"rice, butter, yogurt, bread, cheese, beef",2024-03-12
3488,"apple, potato, yogurt, beef",2024-08-20
3489,"eggs, salt, pasta, tomato",2025-09-06
3490,"beef, bread",2024-06-15
3491,"rice, banana, potato, cereal, onion",2024-01-18
3492,"milk, banana, salt, apple",2025-08-03
3493,"salt, yogurt, tomato",2024-09-27
3494,"cheese, cereal, oil, salt",2024-09-28
3495,"sugar, beef, apple, rice",2025-08-28
3496,"banana, rice",2024-07-31
3497,"apple, banana, orange",2025-05-01
3498,"potato, tomato",2025-06-06
3499,"pasta, chicken, cheese, orange, beef",2024-09-28
3500,"cheese, chicken",2025-04-07
3501,"chicken, beef, rice, bread, apple",2025-12-12
3502,"cheese, cereal",2025-08-05
3503,"eggs, cheese",2025-11-13
3504,"yogurt, banana, cheese, orange, oil, pasta",2024-05-01
3505,"eggs, rice, pasta, salt",2025-10-25
3506,"banana, rice",2024-10-20
3507,"rice, potato, sugar, cereal, yogurt, onion",2025-03-27
3508,"oil, salt, yogurt, apple, bread, orange",2025-07-29
3509,"chicken, beef, tomato, oil",2025-08-31
3510,"banana, tomato, milk, eggs, salt",2025-02-25
3511,"rice, cereal, onion, beef, pasta, chicken",2024-02-22
3512,"bread, oil, rice, apple",2025-03-14
3513,"tomato, butter, milk",2025-04-11
3514,"sugar, cereal, butter",2024-04-23
3515,"banana, potato, onion, beef",2024-10-05
3516,"onion, bread, banana, cheese, pasta",2025-12-02
3517,"butter, onion, chicken, rice, apple",2024-05-27
3518,"bread, beef, rice, orange",2025-01-29
3519,"orange, sugar, banana",2024-01-18
3520,"cereal, milk, eggs",2025-04-04
3521,"apple, tomato",2025-09-22
3522,"oil, tomato",2025-03-01
3523,"bread, orange, cereal, apple",2024-08-31
3524,"beef, potato, milk, bread, oil, chicken",2025-10-25
3525,"cheese, eggs, pasta",2025-05-03
3526,"butter, yogurt",2024-12-31
3527,"oil, cereal, banana, bread, yogurt, orange",2025-01-09
3528,"yogurt, orange, beef, pasta",2025-02-14
3529,"tomato, eggs, rice, yogurt",2025-06-30
3530,"orange, sugar, cheese, banana, pasta",2024-11-16
3531,"apple, milk, oil, eggs",2024-10-03
3532,"tomato, salt, rice",2025-07-22
3533,"pasta, apple, milk, cereal, yogurt, bread",2024-10-15
3534,"onion, beef",2025-11-04
3535,"onion, bread, yogurt",2024-12-26
3536,"eggs, orange, tomato, banana, sugar",2025-04-03
3537,"eggs, milk, rice, butter",2024-01-18
3538,"onion, orange, oil",2025-07-31
3539,"banana, sugar, chicken",2024-08-12
3540,"cereal, chicken",2025-11-12
3541,"apple, eggs, oil, milk",2025-07-26
3542,"pasta, yogurt, cheese",2025-05-20
3543,"beef, rice, tomato, banana, oil",2024-02-15
3544,"potato, chicken, onion",2025-10-08
3545,"yogurt, cereal, apple",2025-10-18
3546,"yogurt, beef",2024-06-15
3547,"yogurt, apple, chicken, milk",2024-11-30
3548,"beef, salt, yogurt, potato, orange",2024-05-28
3549,"sugar, beef, pasta, yogurt",2025-04-14
3550,"cereal, yogurt, banana",2025-11-23
3551,"cheese, butter, milk, eggs, oil",2025-07-08
3552,"pasta, sugar, banana",2024-01-09
3553,"rice, banana, beef, orange, apple, eggs",2024-10-04
3554,"salt, potato, milk, pasta",2025-08-16
3555,"apple, banana, cheese",2025-03-02
3556,"butter, pasta",2025-10-07
3557,"oil, cheese, tomato",2025-12-08
3558,"oil, apple",2024-03-30
3559,"sugar, pasta, oil, bread",2025-11-03
3560,"milk, chicken, tomato",2025-07-20
3561,"eggs, pasta, oil, yogurt, banana, orange",2024-10-20
3562,"bread, orange",2025-01-31
3563,"salt, banana, tomato, onion, oil, cheese",2025-09-26
3564,"eggs, onion, yogurt, potato, salt, sugar",2024-03-09
3565,"tomato, oil, orange",2024-02-11
3566,"pasta, chicken, yogurt, milk, apple",2024-10-03
3567,"milk, orange",2024-09-10
3568,"cheese, orange, oil, tomato, salt, yogurt",2024-08-01
3569,"rice, yogurt, salt, banana, milk",2024-01-19
3570,"onion, yogurt, beef, eggs, apple",2024-10-27
3571,"chicken, yogurt, salt, sugar, beef",2024-08-10
3572,"banana, salt, oil",2025-09-15
3573,"pasta, yogurt",2024-11-27
3574,"onion, cereal, eggs, chicken, milk, yogurt",2025-09-16
3575,"cereal, milk, onion",2024-07-11
3576,"yogurt, rice, oil, chicken, eggs, milk",2025-10-28
3577,"potato, apple, milk",2025-02-08
3578,"potato, cereal, chicken, apple, cheese",2024-05-03
3579,"potato, butter, beef, tomato, cereal",2024-10-22
3580,"cheese, cereal, milk, rice, potato, onion",2025-01-25
3581,"apple, orange",2024-08-06
3582,"cereal, bread, orange, oil",2024-10-12
3583,"cheese, banana",2025-06-09
3584,"butter, cheese, oil, yogurt, apple",2024-11-22
3585,"pasta, sugar, cereal, onion",2025-02-12
3586,"potato, pasta, onion, cereal",2024-10-25
3587,"pasta, oil, salt, cereal, chicken, beef",2025-11-03
3588,"apple, onion, cereal, orange, pasta, butter",2024-03-14
3589,"salt, sugar, cereal, eggs",2024-01-17
3590,"banana, oil, butter",2024-12-21
3591,"milk, cereal, bread, sugar, apple",2025-05-16
3592,"milk, salt",2024-07-02
3593,"pasta, apple, banana, cheese, sugar",2024-02-23
3594,"oil, orange, pasta, cheese, yogurt, butter",2024-06-27
3595,"orange, onion, apple, pasta, tomato",2024-08-01
3596,"tomato, bread, cheese, cereal",2025-04-13
3597,"sugar, banana, onion, butter, beef, cheese",2024-05-30
3598,"tomato, salt, eggs, pasta",2025-11-27
3599,"apple, eggs, tomato, butter, cereal",2025-10-06
3600,"milk, oil, beef, cheese, orange, yogurt",2025-10-05
3601,"butter, tomato, yogurt, salt, chicken",2025-11-08
3602,"cheese, potato, yogurt",2026-01-01
3603,"butter, oil, banana, beef, apple",2025-11-21
3604,"chicken, beef, bread, orange, eggs",2025-09-25
3605,"chicken, rice, cereal, potato, salt",2025-06-21
3606,"orange, bread, milk, eggs",2024-06-15
3607,"oil, potato, orange, eggs, milk, banana",2025-09-23
3608,"onion, pasta, bread, banana, yogurt, oil",2025-02-03
3609,"tomato, potato, sugar, oil, pasta",2025-08-28
3610,"rice, apple, chicken, banana",2024-05-23
3611,"chicken, salt",2024-05-03
3612,"chicken, onion, apple, pasta",2024-06-23
3613,"cereal, salt, bread, pasta, sugar, potato",2025-05-13
3614,"pasta, cereal, rice, apple",2025-11-18
3615,"milk, beef, cheese, cereal, orange, rice",2025-10-30
3616,"cheese, onion, butter, beef, bread",2025-04-15
3617,"yogurt, salt, onion, bread, banana, butter",2024-10-29
3618,"sugar, rice, butter, beef",2025-11-11
3619,"salt, milk, butter",2025-06-06
3620,"rice, tomato, milk, onion, salt, bread",2025-06-21
3621,"banana, cereal, beef, milk, tomato",2024-07-25
3622,"eggs, tomato, milk, pasta",2024-12-23
3623,"pasta, orange, beef",2025-10-08
3624,"beef, bread, sugar, cereal, butter",2024-12-05
3625,"orange, rice, banana",2025-11-12
3626,"bread, milk",2025-12-19
3627,"eggs, apple, cereal, oil, yogurt",2024-10-11
3628,"cheese, potato, eggs, apple",2025-09-24
3629,"yogurt, onion, apple, tomato, chicken",2024-11-28
3630,"bread, salt, tomato, cereal, milk, beef",2025-09-26
3631,"butter, oil, yogurt, tomato",2024-10-13
3632,"salt, bread, milk",2024-04-13
3633,"salt, oil, butter, cheese, chicken, pasta",2024-08-27
3634,"cereal, banana, beef, cheese, rice",2024-02-07
3635,"yogurt, potato, banana",2024-08-03
3636,"milk, onion, eggs, sugar",2024-02-04
3637,"cereal, potato, pasta, orange, sugar, milk",2025-01-03
3638,"rice, bread, oil, apple, tomato, potato",2025-06-02
3639,"tomato, apple, sugar, potato",2024-09-29
3640,"oil, orange, apple, onion",2025-01-25
3641,"cereal, rice, milk, beef, yogurt",2025-07-24
3642,"orange, rice, onion, apple",2024-07-12
3643,"beef, pasta, apple, eggs, chicken",2024-04-16
3644,"orange, cheese",2024-02-25
3645,"chicken, oil, pasta, eggs, onion",2024-01-30
3646,"pasta, onion, banana, potato",2025-12-08
3647,"rice, orange",2025-07-16
3648,"salt, sugar, apple, banana, eggs, orange",2025-09-16
3649,"bread, salt, rice, yogurt, chicken, eggs",2025-10-26
3650,"tomato, milk",2024-05-15
3651,"butter, salt, orange, tomato, potato",2025-03-22
3652,"eggs, oil, rice, milk, yogurt, pasta",2025-09-26
3653,"banana, cheese, apple",2024-05-15
3654,"cereal, onion",2025-02-24
3655,"oil, milk, yogurt, sugar, pasta, eggs",2024-07-23
3656,"banana, onion, milk, salt, oil, tomato",2025-03-10
3657,"tomato, eggs, potato, salt, rice",2024-07-31
3658,"pasta, banana, cheese",2025-12-17
3659,"beef, onion, cheese, yogurt, bread",2025-07-18
3660,"banana, oil, pasta, onion",2024-11-24
3661,"bread, beef, eggs, cheese, potato, yogurt",2025-01-03
3662,"tomato, sugar, chicken, cheese",2025-01-14
3663,"apple, pasta, onion, milk, cereal",2024-03-07
3664,"onion, pasta",2025-05-19
3665,"butter, salt, bread, banana, yogurt, orange",2024-06-03
3666,"sugar, bread",2025-05-21
3667,"apple, milk, pasta, salt, orange",2024-05-28
3668,"yogurt, milk, pasta, banana",2025-12-13
3669,"pasta, rice, eggs, tomato, cheese",2024-03-13
3670,"potato, beef, sugar, onion, yogurt, pasta",2024-12-25
3671,"beef, orange, oil, butter",2025-06-30
3672,"banana, butter, cereal, milk, eggs, apple",2024-07-29
3673,"banana, milk",2025-12-11
3674,"eggs, milk, pasta, bread, beef, rice",2025-01-09
3675,"tomato, pasta, banana",2025-07-23
3676,"pasta, beef, chicken, banana, cheese",2025-11-01
3677,"tomato, butter, pasta, orange",2024-09-22
3678,"eggs, tomato, butter, sugar, onion",2024-07-21
3679,"oil, apple, cereal, onion",2025-11-01
3680,"sugar, butter, cheese, yogurt, oil, tomato",2024-09-13
3681,"cereal, beef, onion, tomato, orange, butter",2025-05-14
3682,"sugar, bread",2025-12-18
3683,"tomato, onion, milk",2024-12-05
3684,"salt, oil",2025-12-03
3685,"butter, pasta, rice, tomato",2025-04-07
3686,"tomato, salt, bread, milk, yogurt, apple",2024-07-24
3687,"bread, onion, tomato, cheese, yogurt, eggs",2024-01-23
3688,"banana, milk, bread, orange",2024-07-28
3689,"bread, butter, orange, rice, onion, beef",2024-11-10
3690,"apple, yogurt, bread, oil, cheese, sugar",2025-02-23
3691,"banana, salt, pasta, onion, sugar",2024-05-14
3692,"yogurt, eggs, oil, cheese, rice",2024-06-14
3693,"tomato, yogurt",2024-04-20
3694,"chicken, rice",2025-03-04
3695,"sugar, salt, tomato, yogurt, oil, apple",2025-07-21
3696,"banana, pasta, butter",2025-11-15
3697,"banana, oil",2024-01-14
3698,"cheese, yogurt",2024-09-17
3699,"banana, onion, eggs, oil, milk, pasta",2024-12-10
3700,"milk, onion, apple, eggs, chicken",2025-08-06
3701,"orange, cheese",2024-11-05
3702,"onion, milk, yogurt, oil",2024-12-18
3703,"chicken, rice, eggs, oil, beef, apple",2024-07-26
3704,"potato, onion, eggs, bread, rice, salt",2025-08-18
3705,"bread, pasta, rice, oil, orange, chicken",2025-03-06
3706,"yogurt, bread, milk, onion, butter",2024-11-25
3707,"eggs, cereal, pasta, butter",2025-11-19
3708,"potato, beef, sugar, tomato, oil, banana",2024-01-13
3709,"butter, oil, apple, pasta",2025-10-26
3710,"butter, milk, cereal, salt, sugar, chicken",2025-02-28
3711,"butter, sugar, tomato, apple, onion",2025-03-18
3712,"cheese, bread, butter, onion, apple",2024-08-21
3713,"cereal, apple, bread, banana, cheese, yogurt",2024-02-24
3714,"milk, rice, tomato, beef, cereal, salt",2024-02-18
3715,"orange, potato, tomato",2025-08-07
3716,"rice, cereal, banana, chicken, apple, butter",2024-08-02
3717,"potato, chicken, apple, rice, bread, banana",2025-02-16
3718,"pasta, cereal, banana, oil, beef, onion",2025-05-16
3719,"pasta, eggs, bread, tomato",2024-08-03
3720,"butter, pasta, cheese",2025-09-06
3721,"bread, beef, rice, yogurt, potato",2025-04-16
3722,"pasta, sugar, chicken, yogurt, cheese, onion",2024-06-10
3723,"rice, bread, cereal",2024-11-30
3724,"yogurt, oil, tomato, butter, cereal",2024-09-11
3725,"pasta, oil, chicken, milk, potato",2025-08-23
3726,"milk, salt, cereal, butter, eggs, bread",2025-10-02
3727,"salt, yogurt, eggs, banana, oil, pasta",2025-07-18
3728,"eggs, cheese",2024-12-09
3729,"beef, butter, yogurt, pasta, orange",2025-05-03
3730,"oil, potato, milk",2024-08-11
3731,"sugar, tomato, pasta",2024-04-07
3732,"tomato, banana, yogurt, orange, apple",2024-02-08
3733,"rice, banana, salt, apple, chicken",2025-03-21
3734,"potato, orange, butter, pasta",2024-12-08
3735,"potato, milk, onion, pasta, yogurt, banana",2024-12-05
3736,"onion, butter, tomato",2025-08-06
3737,"cheese, eggs",2025-03-30
3738,"sugar, potato, onion",2024-11-19
3739,"butter, salt, yogurt, eggs",2025-10-11
3740,"milk, sugar, cereal",2025-08-01
3741,"onion, banana, bread, pasta, cereal, rice",2024-06-08
3742,"bread, sugar, onion, milk, banana",2025-06-03
3743,"bread, tomato",2025-06-15
3744,"onion, banana",2024-11-18
3745,"beef, cheese, pasta",2025-09-09
3746,"chicken, onion, potato, butter",2024-03-30
3747,"salt, milk",2025-12-02
3748,"potato, rice, eggs, sugar",2024-06-02
3749,"oil, potato",2024-09-03
3750,"orange, tomato, potato, yogurt, rice",2024-05-17
3751,"eggs, cheese, tomato, bread",2025-12-30
3752,"salt, tomato, eggs, cereal, onion, pasta",2025-02-05
3753,"sugar, potato",2025-08-30
3754,"yogurt, eggs, salt, oil",2025-06-04
3755,"sugar, potato, banana, bread, chicken, oil",2024-11-12
3756,"orange, bread",2024-12-14
3757,"tomato, beef, eggs, potato, butter",2025-12-09
3758,"rice, beef",2024-03-28
3759,"tomato, pasta, bread, cereal, chicken",2024-03-15
3760,"salt, sugar, butter, apple, milk",2024-11-26
3761,"rice, sugar, chicken",2024-08-24
3762,"tomato, eggs, potato, yogurt",2024-09-30
3763,"sugar, pasta, chicken, salt",2025-06-08
3764,"yogurt, banana, beef, rice",2025-06-25
3765,"rice, tomato, banana",2024-10-13
3766,"onion, apple, cheese",2024-04-04
3767,"beef, sugar, orange, yogurt, tomato, butter",2024-07-23
3768,"oil, apple",2025-06-29
3769,"bread, oil, orange, onion, milk, yogurt",2025-02-18
3770,"beef, pasta, orange, banana",2024-01-28
3771,"pasta, sugar, bread, tomato, banana, cheese",2025-12-25
3772,"chicken, sugar, beef, tomato",2024-11-03
3773,"tomato, milk, orange, cheese, butter, oil",2025-10-18
3774,"rice, salt, milk, onion, butter",2024-01-12
3775,"cereal, sugar, pasta, oil, bread, banana",2024-05-24
3776,"cereal, yogurt, tomato, onion",2024-12-21
3777,"salt, sugar, cereal",2025-06-12
3778,"tomato, potato, oil, milk",2024-05-28
3779,"cereal, rice, onion, apple, eggs, cheese",2024-06-26
3780,"eggs, potato",2025-09-01
3781,"butter, chicken, onion, cereal",2025-07-15
3782,"eggs, rice, sugar, yogurt, bread, oil",2025-08-14
3783,"butter, yogurt, salt, orange, cheese, pasta",2025-04-29
3784,"sugar, onion, bread",2025-05-06
3785,"onion, tomato, salt, chicken, milk, cereal",2024-05-08
3786,"eggs, beef, cereal, butter, apple, banana",2024-04-30
3787,"oil, butter",2025-08-21
3788,"milk, tomato, butter, salt, bread",2025-05-26
3789,"orange, salt, apple",2024-12-10
3790,"rice, onion, oil, yogurt, bread, pasta",2025-01-30
3791,"yogurt, cereal, milk, orange",2025-02-13
3792,"eggs, tomato, oil, salt, chicken",2025-09-06
3793,"eggs, onion, salt",2024-11-17
3794,"bread, onion, chicken, oil, banana, rice",2024-04-08
3795,"eggs, cereal, orange, beef, cheese, rice",2024-01-02
3796,"oil, eggs, pasta, orange, potato",2024-08-04
3797,"oil, potato, bread, sugar",2024-10-29
3798,"apple, milk",2024-04-08
3799,"banana, onion, apple, milk, beef",2024-10-27
3800,"salt, banana, chicken, beef, milk, cheese",2025-11-30
3801,"banana, cheese, cereal",2024-10-11
3802,"yogurt, rice, pasta, butter, orange, milk",2025-03-20
3803,"cheese, cereal",2024-04-01
3804,"bread, pasta",2025-10-19
3805,"salt, eggs, milk",2025-09-02
3806,"beef, salt, pasta",2025-05-18
3807,"potato, sugar",2024-02-23
3808,"yogurt, potato",2025-01-22
3809,"sugar, butter, rice, eggs, cheese",2024-12-25
3810,"yogurt, butter, tomato, cheese, sugar",2024-04-27
3811,"chicken, milk",2024-09-15
3812,"banana, bread",2024-05-03
3813,"sugar, apple, orange, milk, banana, rice",2024-02-20
3814,"tomato, pasta, cheese, apple, beef, rice",2024-05-18
3815,"rice, milk, banana, eggs, cereal",2024-03-11
3816,"eggs, oil",2024-08-08
3817,"tomato, salt, oil",2024-08-12
3818,"yogurt, cheese, butter",2024-06-28
3819,"onion, chicken",2024-10-05
3820,"butter, cereal, chicken, potato, cheese",2024-07-16
3821,"salt, banana, chicken",2024-02-09
3822,"tomato, sugar",2024-05-18
3823,"eggs, yogurt, chicken, tomato, rice, cereal",2025-01-30
3824,"apple, sugar, pasta",2025-11-10
3825,"rice, pasta, potato",2024-01-30
3826,"salt, potato, pasta, orange, sugar",2025-01-23
3827,"cereal, tomato, yogurt, banana, potato, rice",2025-03-06
3828,"cereal, onion, banana, orange, apple, beef",2025-02-16
3829,"bread, oil, banana, cheese, rice",2024-04-14
3830,"onion, eggs, beef, tomato, potato",2025-01-15
3831,"apple, potato",2025-03-16
3832,"cereal, banana, bread",2024-09-10
3833,"potato, apple",2025-09-03
3834,"cereal, rice, apple, butter, tomato, beef",2025-06-25
3835,"bread, onion, yogurt, tomato",2025-10-22
3836,"tomato, bread, banana, milk",2024-04-04
3837,"beef, salt, oil",2025-11-05
3838,"milk, bread, orange",2024-12-09
3839,"butter, beef, eggs",2024-07-13
3840,"cheese, bread, tomato, orange, rice",2024-04-08
3841,"butter, beef, oil, milk",2025-12-26
3842,"milk, yogurt, eggs, beef, bread, oil",2025-06-19
3843,"yogurt, apple, onion, tomato, pasta",2024-02-23
3844,"banana, cheese, yogurt, orange",2025-09-20
3845,"yogurt, cereal, sugar, beef, tomato, orange",2024-08-22
3846,"onion, cheese, butter, rice",2025-08-25
3847,"salt, pasta",2024-12-20
3848,"apple, eggs",2025-05-14
3849,"potato, banana, sugar, tomato",2024-09-10
3850,"beef, chicken",2025-01-29
3851,"sugar, bread",2024-07-21
3852,"yogurt, sugar",2024-11-23
3853,"beef, salt, chicken, potato",2024-02-13
3854,"eggs, sugar, milk, beef",2025-01-28
3855,"banana, onion, bread, beef",2024-05-02
3856,"onion, beef, pasta, oil",2025-11-30
3857,"eggs, yogurt, pasta, onion, sugar",2024-02-13
3858,"beef, onion, rice, orange, sugar, cheese",2025-07-16
3859,"milk, apple, pasta, eggs, sugar, tomato",2025-12-21
3860,"beef, orange",2025-07-24
3861,"oil, potato, cereal",2025-08-24
3862,"onion, beef, oil, cereal, sugar",2025-02-08
3863,"tomato, butter, bread, apple, cereal, rice",2025-08-25
3864,"eggs, potato, tomato, beef, sugar",2024-03-11
3865,"yogurt, salt, butter, orange, bread",2025-02-04
3866,"oil, potato, cheese",2025-01-06
3867,"bread, sugar",2024-08-31
3868,"butter, potato, milk, tomato, bread, oil",2025-10-12
3869,"salt, potato, butter, yogurt, eggs",2024-04-15
3870,"onion, orange",2024-09-17
3871,"yogurt, apple, onion, rice, tomato, milk",2024-07-08
3872,"rice, apple, eggs, beef",2025-01-23
3873,"banana, butter, yogurt",2025-07-11
3874,"orange, onion, pasta, cheese",2024-06-17
3875,"chicken, tomato, beef, cheese, bread",2024-12-01
3876,"rice, cereal, milk, tomato, onion",2025-10-19
3877,"tomato, yogurt, milk, cereal, potato, butter",2025-11-16
3878,"cheese, pasta",2024-02-08
3879,"yogurt, rice, beef",2024-05-08
3880,"salt, chicken, rice, tomato, bread",2025-03-22
3881,"pasta, oil, apple",2024-10-06
3882,"tomato, potato, rice, beef, milk, salt",2024-10-13
3883,"onion, pasta",2024-10-24
3884,"onion, potato",2024-09-07
3885,"butter, rice, potato, tomato",2024-07-24
3886,"onion, bread, beef, potato, banana, orange",2025-07-01
3887,"banana, orange, cereal, yogurt",2025-12-08
3888,"oil, salt, onion, apple",2024-11-07
3889,"milk, banana, cereal, cheese, orange",2025-06-26
3890,"pasta, onion, butter",2025-02-13
3891,"banana, chicken, eggs, tomato, yogurt, sugar",2025-01-02
3892,"orange, rice, bread, pasta",2025-05-09
3893,"chicken, salt, orange",2025-02-10
3894,"rice, eggs, tomato, beef",2025-11-22
3895,"eggs, orange",2025-10-08
3896,"apple, sugar, onion",2025-11-19
3897,"apple, potato, onion",2024-05-06
3898,"eggs, butter",2024-10-27
3899,"apple, butter, tomato, potato, beef, sugar",2024-11-16
3900,"yogurt, butter, pasta",2024-03-16
3901,"oil, butter",2024-10-20
3902,"cheese, yogurt, banana",2024-06-06
3903,"cereal, pasta, rice, banana, chicken",2025-01-13
3904,"orange, potato, apple",2025-11-24
3905,"butter, apple, beef",2024-08-25
3906,"tomato, potato",2024-07-08
3907,"oil, sugar, beef, chicken, tomato",2025-02-26
3908,"butter, beef",2025-01-28
3909,"bread, cereal, butter",2025-05-30
3910,"apple, salt, eggs, cheese, tomato",2025-05-05
3911,"yogurt, beef, butter, onion, rice, salt",2024-11-30
3912,"milk, orange, oil, eggs, cereal",2025-12-06
3913,"cereal, rice, tomato, orange",2025-08-11
3914,"cheese, rice, apple, butter, cereal, chicken",2025-11-04
3915,"chicken, cheese, rice, butter, sugar, banana",2025-10-29
3916,"sugar, pasta, orange, butter",2025-06-22
3917,"cereal, orange, apple, sugar, butter, salt",2025-04-10
3918,"banana, bread, rice, salt, orange, sugar",2025-11-30
3919,"butter, yogurt, chicken, beef, cereal, onion",2025-05-05
3920,"bread, milk, potato, cereal, tomato",2024-05-12
3921,"cereal, butter, eggs, orange, chicken",2024-01-01
3922,"bread, yogurt",2025-12-29
3923,"eggs, orange, oil, cereal, rice",2025-12-29
3924,"salt, banana, apple, milk, cereal",2024-09-28
3925,"bread, sugar, milk, yogurt, potato",2024-09-15
3926,"orange, pasta, banana, butter, milk",2024-10-26
3927,"onion, cheese, sugar, rice, milk",2025-04-19
3928,"tomato, onion, pasta, cereal, butter",2024-07-06
3929,"cereal, apple",2025-09-20
3930,"orange, tomato, pasta, milk, cereal, eggs",2024-09-21
3931,"orange, tomato",2025-03-31
3932,"chicken, oil",2025-10-13
3933,"tomato, beef",2024-12-26
3934,"rice, cereal, bread, eggs",2025-04-08
3935,"bread, yogurt",2024-10-06
3936,"tomato, banana",2024-12-12
3937,"banana, apple, milk, potato",2025-12-17
3938,"apple, bread, yogurt, chicken, cheese",2025-09-26
3939,"cereal, yogurt, butter",2025-09-28
3940,"rice, orange",2025-09-20
3941,"pasta, bread, butter, beef, cereal, banana",2024-02-04
3942,"oil, milk, salt, sugar",2024-05-25
3943,"salt, cheese",2025-05-07
3944,"salt, yogurt, cereal",2024-03-02
3945,"tomato, bread",2025-08-29
3946,"salt, onion, rice, sugar, butter, milk",2024-01-17
3947,"cereal, yogurt",2025-02-22
3948,"banana, cereal, oil",2024-01-26
3949,"potato, butter, cereal",2025-02-10
3950,"butter, bread, beef",2025-08-14
3951,"tomato, butter, cereal, milk",2025-01-21
3952,"tomato, eggs, cereal",2025-09-14
3953,"eggs, tomato",2024-07-18
3954,"eggs, sugar, tomato",2025-08-06
3955,"pasta, eggs",2025-05-22
3956,"orange, eggs",2024-10-24
3957,"salt, tomato, bread",2025-07-03
3958,"salt, orange, pasta, potato, butter",2024-06-28
3959,"eggs, rice, chicken",2024-11-01
3960,"orange, salt, milk",2025-06-01
3961,"chicken, onion",2024-05-02
3962,"yogurt, orange",2025-08-12
3963,"rice, chicken, sugar, yogurt",2024-09-18
3964,"salt, milk, beef, chicken, oil",2025-08-28
3965,"tomato, rice, sugar, cheese, oil, salt",2025-04-25
3966,"apple, bread, yogurt, banana, orange, cereal",2025-12-13
3967,"salt, pasta, cheese, chicken",2025-07-31
3968,"onion, yogurt, apple",2025-04-08
3969,"beef, milk, salt, chicken",2024-12-06
3970,"cheese, banana, sugar",2025-07-24
3971,"beef, salt, potato, yogurt, oil, banana",2025-05-02
3972,"salt, tomato",2025-07-10
3973,"pasta, cheese, salt, onion, sugar",2025-09-21
3974,"banana, potato, onion, milk, orange, sugar",2025-03-12
3975,"sugar, orange, yogurt",2025-07-04
3976,"banana, onion, sugar",2025-03-23
3977,"salt, yogurt, rice, tomato, cereal, butter",2024-12-02
3978,"cereal, cheese, bread, milk",2025-01-04
3979,"apple, bread, beef, chicken, salt, rice",2025-09-25
3980,"butter, pasta, salt, onion, rice",2024-04-09
3981,"pasta, butter, bread",2025-01-28
3982,"eggs, orange, chicken",2024-12-11
3983,"sugar, bread, rice, milk",2025-10-05
3984,"cereal, bread, butter, salt",2024-04-30
3985,"yogurt, potato, banana",2025-12-12
3986,"onion, chicken, eggs, butter, bread, salt",2025-07-18
3987,"milk, beef, eggs",2025-05-15
3988,"tomato, orange, cereal, potato, yogurt, sugar",2024-09-29
3989,"banana, milk, eggs, bread, orange",2025-05-13
3990,"bread, orange, banana, butter, beef, onion",2024-05-13
3991,"orange, tomato, chicken, bread, cheese",2025-02-22
3992,"beef, apple, cereal, oil",2025-01-11
3993,"yogurt, pasta, butter, cereal, milk, onion",2025-01-29
3994,"butter, cheese, apple, sugar, tomato",2024-01-18
3995,"tomato, chicken, onion, yogurt, rice, cheese",2025-03-15
3996,"eggs, rice, milk",2024-10-22
3997,"potato, chicken, butter, tomato, apple",2025-09-10
3998,"tomato, salt, bread, eggs",2024-01-24
3999,"onion, milk, potato",2024-08-24
4000,"oil, orange",2025-11-30
4001,"rice, tomato, banana",2025-08-01
4002,"oil, tomato, potato, bread",2025-08-07
4003,"banana, butter, pasta, bread, beef, oil",2025-03-09
4004,"cereal, yogurt, potato, beef",2024-08-25
4005,"beef, bread, butter",2025-11-02
4006,"butter, sugar, potato",2024-09-02
4007,"butter, banana, chicken, onion, potato, orange",2025-10-31
4008,"butter, onion, pasta, salt, eggs, potato",2025-05-16
4009,"cheese, apple",2025-07-27
4010,"beef, banana, bread, cereal, orange",2024-03-03
4011,"milk, cereal, butter, rice, potato, onion",2024-07-14
4012,"milk, butter, chicken, yogurt, potato, pasta",2025-08-03
4013,"beef, chicken, pasta, orange, sugar",2025-12-19
4014,"salt, oil, butter, tomato, eggs",2024-11-15
4015,"banana, pasta, cheese, potato",2024-12-04
4016,"cereal, sugar, bread, rice",2025-01-11
4017,"potato, sugar, pasta, yogurt, bread, tomato",2024-10-16
4018,"onion, pasta, rice",2024-12-10
4019,"rice, oil, banana, cereal",2025-08-26
4020,"chicken, salt, apple",2025-06-21
4021,"potato, chicken, orange",2025-12-28
4022,"milk, eggs, cereal, apple, onion, butter",2024-03-19
4023,"potato, beef, banana, yogurt, cheese, butter",2025-09-24
4024,"tomato, onion, cheese, apple, salt",2024-01-14
4025,"salt, rice, potato, onion, banana",2024-10-10
4026,"butter, bread, oil, sugar, apple",2024-08-16
4027,"apple, chicken, cereal, onion, cheese, oil",2024-07-23
4028,"beef, pasta, cheese, milk",2024-09-18
4029,"tomato, pasta",2025-08-13
4030,"eggs, banana, milk, bread",2025-06-21
4031,"banana, butter",2024-02-12
4032,"potato, pasta, chicken, onion, eggs, orange",2024-03-22
4033,"yogurt, onion, potato, cereal, tomato, butter",2024-03-14
4034,"onion, pasta, orange, milk, cereal",2024-12-22
4035,"sugar, eggs, potato",2025-06-20
4036,"banana, sugar",2025-01-21
4037,"oil, chicken, rice, bread, apple",2024-12-19
4038,"pasta, butter, eggs, salt, apple, bread",2025-03-21
4039,"sugar, banana, bread, beef, tomato",2025-07-28
4040,"orange, salt",2025-01-28
4041,"chicken, eggs, potato, bread, butter, cheese",2024-02-03
4042,"chicken, yogurt, tomato, pasta, banana, potato",2025-02-13
4043,"potato, rice",2024-05-03
4044,"chicken, apple",2024-05-26
4045,"sugar, eggs",2024-04-20
4046,"cereal, eggs",2025-04-28
4047,"oil, banana, chicken, cheese",2025-03-05
4048,"butter, cereal, rice",2025-12-03
4049,"salt, chicken, orange, apple, pasta, bread",2024-03-05
4050,"bread, pasta, orange, cheese, yogurt",2025-08-21
4051,"butter, bread, eggs, cheese, oil, orange",2024-08-10
4052,"rice, tomato, bread, chicken, cereal, salt",2024-10-04
4053,"bread, potato, yogurt",2025-12-27
4054,"chicken, yogurt, oil, onion, cereal, bread",2024-02-22
4055,"banana, cereal, tomato, milk, chicken, eggs",2024-07-09
4056,"onion, pasta, beef",2024-04-12
4057,"bread, pasta, cereal, apple",2024-09-23
4058,"beef, bread, butter",2025-11-02
4059,"tomato, onion, potato",2025-09-25
4060,"cereal, potato, apple, chicken, milk",2025-11-20
4061,"rice, tomato, salt",2025-06-03
4062,"cheese, bread, tomato, rice, butter, eggs",2024-08-02
4063,"eggs, chicken",2024-05-26
4064,"potato, oil, pasta, orange, salt",2025-07-05
4065,"sugar, butter, rice, tomato, cereal",2024-11-26
4066,"beef, eggs",2025-01-17
4067,"butter, apple, orange, sugar, cereal, bread",2025-10-05
4068,"oil, cheese, cereal, potato",2024-07-20
4069,"onion, salt",2024-11-29
4070,"bread, cereal, apple, butter",2025-11-11
4071,"butter, bread, oil",2024-11-14
4072,"salt, onion, bread, yogurt, rice, cheese",2025-06-09
4073,"bread, eggs",2024-01-10
4074,"chicken, orange, banana, bread",2024-11-21
4075,"sugar, oil, banana, milk, tomato, orange",2025-03-18
4076,"yogurt, potato",2024-05-01
4077,"yogurt, oil, sugar",2025-07-07
4078,"tomato, bread, potato, beef, orange, salt",2024-11-30
4079,"cereal, chicken, rice",2025-02-10
4080,"rice, potato, orange, pasta, eggs",2024-12-12
4081,"rice, butter, oil, onion, salt, pasta",2024-08-04
4082,"apple, yogurt, oil, chicken",2024-08-24
4083,"banana, yogurt, salt",2024-05-07
4084,"eggs, bread, butter, milk, pasta, banana",2024-08-22
4085,"sugar, cheese, chicken, eggs, banana",2025-02-21
4086,"bread, cereal, apple",2024-10-29
4087,"eggs, apple, pasta, beef, sugar",2025-10-23
4088,"onion, potato, rice",2025-05-23
4089,"cheese, chicken",2024-10-29
4090,"orange, oil, potato, onion, rice",2025-02-06
4091,"orange, eggs, cheese, sugar, salt, banana",2024-08-23
4092,"orange, potato",2024-12-30
4093,"sugar, beef, milk, orange, yogurt",2024-10-05
4094,"cheese, yogurt, tomato",2024-07-12
4095,"milk, pasta, cheese, bread",2025-01-31
4096,"oil, orange, salt",2025-08-24
4097,"milk, bread, onion, butter, cheese, banana",2024-11-12
4098,"butter, beef",2025-12-04
4099,"pasta, milk",2024-11-25
4100,"beef, tomato, yogurt, apple, cheese",2025-12-07
4101,"eggs, onion, orange, cereal, bread, yogurt",2025-03-20
4102,"milk, sugar, salt",2024-01-14
4103,"onion, cheese, chicken, apple",2025-03-16
4104,"pasta, potato, onion",2025-05-21
4105,"bread, chicken, potato, rice, sugar, apple",2025-04-16
4106,"apple, oil, bread, rice",2024-07-04
4107,"beef, orange, sugar, cheese, potato, oil",2024-02-20
4108,"chicken, butter, pasta, yogurt, banana",2024-07-15
4109,"orange, beef",2024-06-06
4110,"banana, apple, bread",2024-08-11
4111,"banana, oil, tomato, cheese, pasta",2025-12-09
4112,"orange, sugar, beef",2024-12-06
4113,"rice, yogurt, beef, potato, cereal, onion",2025-11-05
4114,"beef, oil, eggs, apple",2025-03-20
4115,"orange, eggs, butter, milk, salt, cereal",2025-04-01
4116,"cheese, chicken, potato, milk, sugar",2025-09-16
4117,"cereal, butter, milk, chicken, orange, cheese",2025-02-11
4118,"milk, onion, tomato, orange",2025-02-06
4119,"cereal, tomato, milk",2024-02-18
4120,"sugar, orange, butter, apple, eggs",2025-11-03
4121,"yogurt, eggs",2024-02-08
4122,"pasta, potato, apple",2025-02-23
4123,"pasta, onion, cheese, sugar, butter, beef",2025-10-28
4124,"salt, eggs, pasta, oil, cheese, chicken",2024-10-11
4125,"cereal, potato",2024-09-09
4126,"salt, cheese, rice, butter",2024-05-30
4127,"bread, yogurt, chicken, cereal, oil, rice",2024-12-09
4128,"pasta, eggs, rice",2024-05-27
4129,"rice, cereal, tomato",2024-09-07
4130,"oil, potato, banana, bread, pasta, beef",2025-03-15
4131,"eggs, banana, yogurt, sugar, rice, beef",2025-07-09
4132,"banana, apple, butter",2024-12-13
4133,"banana, apple, salt, cereal, orange, sugar",2025-07-01
4134,"potato, yogurt",2025-12-07
4135,"beef, bread, yogurt, butter, orange, oil",2024-05-22
4136,"eggs, chicken, cereal, potato, bread",2024-05-19
4137,"sugar, butter, banana, eggs, pasta",2024-12-25
4138,"onion, oil",2024-08-06
4139,"orange, chicken, bread, cheese, rice, yogurt",2025-02-15
4140,"bread, yogurt",2025-03-16
4141,"rice, sugar, pasta",2025-07-19
4142,"apple, milk, yogurt, pasta, potato",2024-04-06
4143,"potato, salt, rice, chicken",2025-05-07
4144,"eggs, yogurt, tomato, beef, oil",2024-08-31
4145,"apple, milk, oil, beef, rice",2025-05-14
4146,"salt, beef, milk, butter, banana, tomato",2025-11-17
4147,"bread, pasta, cereal, eggs",2025-09-05
4148,"salt, beef, sugar, onion, bread, butter",2025-08-22
4149,"yogurt, orange, bread",2025-10-28
4150,"bread, salt, potato",2025-04-14
4151,"onion, yogurt, cereal",2026-01-01
4152,"rice, salt, chicken, oil, yogurt, cereal",2025-10-08
4153,"pasta, oil, butter, sugar, orange, onion",2024-11-02
4154,"butter, rice, eggs, orange, pasta",2025-02-09
4155,"rice, bread, banana, eggs",2024-06-10
4156,"butter, beef, pasta, orange",2024-10-28
4157,"eggs, chicken, apple, tomato, pasta",2024-01-10
4158,"orange, sugar, cheese, tomato, eggs",2024-04-29
4159,"beef, sugar, pasta, banana, butter",2025-07-12
4160,"potato, tomato, banana",2024-02-09
4161,"potato, butter",2024-09-18
4162,"sugar, milk, oil, cereal, banana, rice",2025-02-22
4163,"butter, sugar, beef, tomato",2024-06-18
4164,"salt, eggs",2025-10-04
4165,"chicken, oil, cheese",2024-06-23
4166,"rice, salt, orange, cereal, bread",2024-02-01
4167,"sugar, oil",2024-11-25
4168,"salt, apple",2025-01-13
4169,"salt, chicken, pasta, orange, sugar",2025-12-12
4170,"sugar, butter, orange, cheese",2024-09-06
4171,"beef, cheese, pasta, bread, onion",2025-10-17
4172,"oil, potato, banana, yogurt, rice",2024-02-20
4173,"banana, yogurt, onion, cereal",2025-05-23
4174,"eggs, orange",2024-06-04
4175,"tomato, butter",2024-03-17
4176,"butter, yogurt, onion",2024-08-27
4177,"yogurt, pasta",2025-09-18
4178,"cereal, pasta, sugar, beef, onion",2024-06-08
4179,"cheese, chicken, orange, onion, cereal, rice",2024-02-29
4180,"yogurt, beef, tomato, sugar",2025-07-22
4181,"onion, rice, cereal, orange, pasta, potato",2024-09-27
4182,"cheese, cereal, tomato, oil, sugar, onion",2024-01-24
4183,"banana, butter, pasta, chicken",2024-12-14
4184,"rice, potato",2025-04-16
4185,"salt, eggs, beef",2024-10-27
4186,"chicken, cheese, yogurt, orange",2024-06-06
4187,"butter, yogurt",2025-01-07
4188,"bread, banana, potato",2025-03-22
4189,"sugar, bread",2024-11-16
4190,"eggs, butter, cereal, salt, pasta, potato",2025-04-23
4191,"sugar, onion",2025-03-02
4192,"banana, cereal, beef, bread",2025-01-17
4193,"potato, yogurt, apple, onion, cheese",2024-04-14
4194,"salt, eggs, sugar, butter, oil, pasta",2025-06-14
4195,"potato, tomato, beef",2024-04-19
4196,"rice, apple",2024-04-11
4197,"yogurt, bread, cereal, cheese, oil",2024-10-03
4198,"salt, potato, apple",2025-09-16
4199,"onion, potato, orange, yogurt",2024-10-21
4200,"milk, banana, beef, yogurt, eggs, tomato",2024-04-24
4201,"tomato, milk, banana",2024-10-21
4202,"eggs, yogurt, pasta, banana, tomato",2025-05-21
4203,"apple, butter, potato",2024-03-23
4204,"pasta, milk, onion, potato, bread",2025-09-23
4205,"salt, tomato, banana, cheese",2024-11-07
4206,"eggs, salt, cheese, potato, butter",2025-04-25
4207,"salt, oil, chicken, sugar",2025-10-28
4208,"rice, beef, apple, sugar, oil, chicken",2025-03-05
4209,"eggs, oil, beef, apple",2024-02-02
4210,"sugar, rice, eggs, salt, butter, onion",2025-03-12
4211,"potato, rice, yogurt, sugar",2024-01-18
4212,"pasta, yogurt, sugar",2024-11-06
4213,"tomato, cereal, pasta, sugar, eggs, bread",2025-02-19
4214,"banana, yogurt, milk, sugar",2025-09-21
4215,"cheese, onion, rice, apple, salt",2024-04-19
4216,"banana, tomato, milk, cereal, beef, oil",2024-04-02
4217,"salt, rice, potato",2025-02-02
4218,"beef, oil, cereal, chicken",2025-01-01
4219,"onion, pasta, orange, potato, eggs, banana",2024-01-16
4220,"orange, milk, onion",2025-04-26
4221,"yogurt, onion, beef, oil, rice, orange",2024-12-29
4222,"butter, tomato, yogurt, orange, milk",2025-05-26
4223,"eggs, beef, onion, cheese, orange, banana",2024-10-04
4224,"beef, orange",2024-10-04
4225,"tomato, sugar, onion, eggs, bread, beef",2025-12-19
4226,"onion, tomato, apple, yogurt",2024-05-02
4227,"beef, tomato, pasta",2024-02-17
4228,"pasta, butter, salt, yogurt",2025-09-28
4229,"sugar, bread",2025-05-26
4230,"bread, potato, rice, banana, tomato",2025-02-22
4231,"tomato, cereal, oil, sugar, milk",2025-01-17
4232,"chicken, yogurt",2024-11-27
4233,"cheese, rice, cereal, beef, sugar, bread",2025-10-19
4234,"rice, butter, cheese, eggs, orange, apple",2025-01-19
4235,"sugar, oil",2025-07-28
4236,"cheese, rice",2024-05-13
4237,"eggs, milk, cereal, onion, potato",2024-09-29
4238,"butter, chicken, tomato",2024-10-28
4239,"sugar, chicken",2025-10-01
4240,"eggs, beef, rice, tomato, sugar, apple",2025-12-23
4241,"onion, banana, rice, bread",2024-05-23
4242,"butter, banana, onion, salt",2025-05-26
4243,"beef, cereal, orange, bread, butter, cheese",2025-04-21
4244,"tomato, orange, banana, onion",2024-01-30
4245,"oil, onion, apple",2024-01-23
4246,"tomato, chicken, eggs",2025-11-24
4247,"cereal, milk, bread",2024-06-28
4248,"pasta, salt, potato",2025-11-30
4249,"pasta, bread, rice, salt, chicken",2025-12-20
4250,"bread, sugar, orange, chicken",2025-10-27
4251,"oil, banana, yogurt, orange, salt",2024-07-08
4252,"potato, salt",2024-12-10
4253,"beef, onion, tomato, oil, milk, butter",2025-12-31
4254,"apple, cereal, chicken, potato",2025-06-07
4255,"sugar, tomato, salt, oil, potato, cereal",2024-11-14
4256,"chicken, orange, banana, tomato",2024-09-19
4257,"oil, orange, eggs, banana",2025-11-18
4258,"banana, eggs",2025-01-22
4259,"oil, rice, salt, bread, cheese, orange",2024-05-18
4260,"apple, oil, sugar, banana, chicken, cereal",2024-05-30
4261,"butter, beef, milk, pasta, cheese",2025-10-07
4262,"pasta, apple, butter, cereal, orange, tomato",2024-02-25
4263,"cheese, oil, tomato, sugar",2024-05-07
4264,"oil, apple, beef, cereal, milk",2024-01-19
4265,"apple, beef, banana, orange, butter, salt",2024-11-25
4266,"bread, potato, onion, yogurt",2025-03-24
4267,"chicken, yogurt, sugar, cereal, salt, oil",2025-07-23
4268,"orange, chicken, apple, salt, onion, cereal",2024-10-17
4269,"rice, salt, pasta, oil",2025-05-07
4270,"yogurt, eggs",2025-09-12
4271,"apple, banana, onion, tomato, bread",2024-06-26
4272,"bread, milk, sugar, cereal, oil, cheese",2025-10-28
4273,"apple, salt, milk, eggs, bread, beef",2025-02-13
4274,"bread, cereal, cheese, apple, sugar, butter",2024-12-11
4275,"chicken, oil",2025-04-27
4276,"milk, salt, butter, cheese, yogurt, chicken",2025-01-26
4277,"potato, eggs, tomato, bread",2025-10-31
4278,"chicken, rice, apple",2024-11-30
4279,"cheese, yogurt, onion",2024-01-06
4280,"cereal, yogurt, salt, tomato, cheese, chicken",2024-07-20
4281,"rice, butter, salt, eggs, apple, bread",2025-04-27
4282,"salt, apple, sugar, pasta, butter",2025-06-08
4283,"rice, potato, pasta",2025-05-23
4284,"banana, onion, bread, tomato",2024-05-04
4285,"rice, onion, oil, cheese",2024-10-31
4286,"apple, rice, sugar",2024-02-24
4287,"potato, pasta, chicken, butter",2025-12-19
4288,"cheese, banana, orange, oil, onion",2024-10-13
4289,"eggs, banana, chicken, salt, apple",2025-12-08
4290,"butter, banana, pasta, apple, eggs",2025-03-17
4291,"sugar, yogurt, bread",2024-04-15
4292,"cereal, chicken, eggs, butter",2024-10-03
4293,"onion, cereal",2024-03-06
4294,"potato, milk, orange, oil",2025-03-14
4295,"chicken, bread, apple",2024-12-20
4296,"orange, tomato, salt, butter, cereal, pasta",2025-07-05
4297,"sugar, rice",2024-08-16
4298,"onion, bread, tomato, beef, sugar, banana",2024-02-25
4299,"potato, apple, yogurt, sugar, salt, banana",2024-02-15
4300,"butter, salt, apple, yogurt, sugar, chicken",2025-07-23
4301,"potato, beef, sugar, butter, cheese",2025-10-24
4302,"milk, sugar, salt",2024-05-16
4303,"milk, rice, onion, orange",2024-10-26
4304,"eggs, beef, oil, salt, apple, banana",2025-04-10
4305,"potato, tomato, oil, salt, rice, onion",2025-02-13
4306,"tomato, oil, pasta, chicken, bread",2025-12-07
4307,"banana, salt, chicken, apple, butter, cereal",2024-11-22
4308,"yogurt, banana, pasta, chicken",2024-10-08
4309,"salt, sugar, onion",2025-04-04
4310,"beef, tomato, sugar, apple",2025-07-30
4311,"beef, cheese",2025-08-01
4312,"orange, oil, cheese, salt",2024-07-21
4313,"apple, tomato, sugar, eggs",2025-10-24
4314,"pasta, milk, potato",2025-09-18
4315,"butter, milk, pasta",2025-05-28
4316,"potato, bread, cheese, sugar",2024-06-07
4317,"bread, chicken",2025-05-24
4318,"oil, tomato, cheese, banana",2025-09-03
4319,"milk, eggs, beef",2024-06-27
4320,"cereal, sugar, orange",2025-05-13
4321,"pasta, eggs, orange, onion",2025-12-26
4322,"oil, bread, beef",2024-05-22
4323,"oil, bread, onion, apple, sugar, tomato",2024-04-16
4324,"oil, orange, pasta, onion, eggs",2025-05-10
4325,"chicken, pasta, bread, oil, cereal",2025-02-09
4326,"beef, pasta, cheese, bread, rice, potato",2025-09-05
4327,"eggs, tomato, oil, cheese, sugar",2025-02-17
4328,"eggs, potato, tomato, yogurt, chicken, rice",2025-10-06
4329,"beef, sugar",2025-10-14
4330,"yogurt, salt",2025-12-02
4331,"bread, apple, butter",2024-10-10
4332,"cheese, yogurt, apple, oil",2025-06-21
4333,"potato, cereal, bread",2025-08-19
4334,"sugar, tomato, oil, potato, eggs, yogurt",2025-04-03
4335,"yogurt, bread",2024-10-05
4336,"chicken, banana, sugar, eggs, pasta",2024-02-06
4337,"sugar, chicken, cheese, cereal, butter, banana",2025-03-15
4338,"salt, cheese",2025-07-15
4339,"pasta, yogurt, cereal, salt, tomato, banana",2025-12-23
4340,"rice, bread",2024-03-26
4341,"cereal, onion",2024-03-15
4342,"milk, banana, eggs",2024-06-21
4343,"chicken, eggs, beef, apple, milk, butter",2025-05-12
4344,"chicken, orange, cereal, salt, apple, beef",2024-05-26
4345,"cereal, chicken",2024-09-25
4346,"apple, orange",2024-05-23
4347,"bread, salt, pasta, chicken, cereal, eggs",2025-06-22
4348,"banana, tomato",2024-04-29
4349,"chicken, oil, rice, butter, orange, onion",2025-10-11
4350,"salt, bread, pasta, cereal, butter, potato",2025-01-11
4351,"beef, butter, rice",2024-11-20
4352,"oil, chicken, potato, yogurt, beef",2024-09-25
4353,"tomato, apple, cereal, bread, butter",2024-09-01
4354,"tomato, banana, onion, beef, cheese",2025-10-12
4355,"chicken, milk",2025-10-03
4356,"onion, banana, potato, yogurt, beef, cheese",2024-03-31
4357,"onion, apple, yogurt, butter, cereal",2025-08-04
4358,"cereal, potato, orange, onion, yogurt",2025-09-07
4359,"beef, onion, cheese, orange",2024-03-28
4360,"orange, yogurt, salt, chicken",2025-10-10
4361,"bread, pasta, banana, tomato",2025-05-17
4362,"yogurt, pasta, sugar, apple",2024-07-17
4363,"chicken, cheese",2025-01-06
4364,"orange, yogurt",2024-08-26
4365,"beef, oil, yogurt, tomato, pasta, sugar",2025-12-11
4366,"milk, potato",2025-09-28
4367,"cheese, sugar, salt, orange, butter",2024-11-14
4368,"orange, apple, oil, beef, salt, milk",2025-05-05
4369,"cheese, orange, milk, potato, oil",2024-03-08
4370,"sugar, tomato, orange",2025-10-10
4371,"eggs, salt, rice, milk, chicken, banana",2025-04-20
4372,"rice, onion, butter",2025-12-30
4373,"cereal, chicken",2025-11-16
4374,"milk, onion, eggs, chicken, rice, banana",2025-03-15
4375,"yogurt, rice",2024-09-26
4376,"sugar, yogurt, banana, beef",2024-08-16
4377,"milk, cereal, chicken, bread",2025-08-26
4378,"bread, eggs, butter",2024-10-30
4379,"eggs, butter, tomato",2024-03-10
4380,"banana, oil, yogurt, potato, tomato",2025-01-30
4381,"milk, yogurt, banana",2025-07-25
4382,"salt, pasta, banana, butter",2024-02-13
4383,"cereal, onion, apple, cheese, pasta",2025-04-24
4384,"yogurt, sugar, onion, milk, chicken",2025-05-18
4385,"butter, cheese, tomato",2024-05-16
4386,"apple, oil, yogurt, onion, milk, rice",2025-08-24
4387,"banana, pasta, onion, eggs",2024-01-07
4388,"beef, sugar, oil, potato, tomato",2024-02-09
4389,"tomato, bread",2024-04-13
4390,"oil, onion",2024-12-12
4391,"tomato, beef, rice, milk, sugar, onion",2025-02-09
4392,"beef, apple, bread, pasta, sugar",2024-10-31
4393,"beef, cereal, orange",2025-07-23
4394,"bread, salt, oil, sugar",2024-08-19
4395,"tomato, cereal, onion",2024-11-13
4396,"bread, beef, milk, potato",2024-05-22
4397,"orange, apple, oil, potato",2024-12-10
4398,"yogurt, orange",2024-11-20
4399,"potato, cereal",2024-04-17
4400,"apple, sugar, onion, cheese, tomato",2024-11-24
4401,"eggs, chicken, potato, bread",2024-09-30
4402,"pasta, beef, banana, tomato",2024-09-04
4403,"tomato, onion",2025-11-26
4404,"tomato, beef, butter, apple, salt, potato",2024-11-21
4405,"apple, onion, sugar, pasta, cheese, orange",2024-04-23
4406,"sugar, chicken, onion, banana, salt",2025-08-03
4407,"milk, rice, potato, tomato, butter",2024-07-24
4408,"milk, pasta, salt",2024-10-06
4409,"rice, tomato, milk, onion",2025-05-21
4410,"onion, salt, eggs, banana",2025-03-26
4411,"eggs, sugar, apple, beef, chicken",2024-08-05
4412,"butter, pasta, beef",2024-07-19
4413,"chicken, banana, butter, pasta, potato, oil",2024-08-20
4414,"chicken, rice, tomato, potato, onion",2024-04-22
4415,"cereal, milk",2025-08-20
4416,"chicken, butter, oil, onion",2025-08-09
4417,"chicken, apple, oil, banana, rice",2024-12-15
4418,"cheese, bread, tomato",2025-07-03
4419,"bread, milk, cheese, orange",2024-12-29
4420,"pasta, bread, cereal",2025-12-11
4421,"banana, eggs, rice, salt, beef, tomato",2025-03-12
4422,"salt, bread, eggs, apple",2024-10-06
4423,"banana, butter, eggs",2024-03-10
4424,"apple, milk, beef, orange, sugar",2025-04-23
4425,"cereal, rice, butter, onion",2024-09-04
4426,"beef, yogurt",2024-06-08
4427,"salt, tomato, beef, yogurt",2025-05-05
4428,"bread, pasta, cereal, oil",2024-11-27
4429,"pasta, eggs, tomato, beef, butter, yogurt",2025-02-13
4430,"apple, eggs, chicken, onion",2025-08-13
4431,"bread, milk, eggs, cereal",2024-09-26
4432,"butter, onion, oil, potato",2025-12-19
4433,"banana, butter, cereal, potato",2024-02-13
4434,"apple, chicken",2024-12-17
4435,"cereal, eggs, oil, yogurt",2025-01-25
4436,"bread, chicken, pasta, eggs",2024-09-27
4437,"rice, cheese, tomato, yogurt",2025-08-02
4438,"banana, salt, onion, potato",2024-02-28
4439,"yogurt, salt, onion, pasta, rice",2025-02-17
4440,"oil, potato",2024-05-16
4441,"cheese, eggs, yogurt, bread",2024-04-24
4442,"chicken, milk, cheese, apple",2024-01-25
4443,"orange, eggs, salt",2024-05-18
4444,"eggs, yogurt, salt, rice",2024-12-13
4445,"eggs, sugar, bread, oil, butter, banana",2025-08-10
4446,"bread, cereal, apple, milk",2024-09-14
4447,"pasta, banana, cereal, beef, yogurt",2025-02-28
4448,"rice, yogurt, orange, oil",2024-10-14
4449,"banana, rice, apple, cheese, chicken, onion",2024-10-27
4450,"pasta, eggs",2024-04-08
4451,"salt, chicken, tomato, rice, apple",2025-04-15
4452,"beef, oil, cheese, rice",2025-05-12
4453,"milk, orange, potato, cereal, pasta, apple",2024-06-07
4454,"cereal, bread, potato, eggs",2024-08-23
4455,"onion, oil, sugar, salt",2025-04-22
4456,"butter, rice, salt",2025-07-21
4457,"pasta, salt, rice",2025-12-12
4458,"sugar, orange",2024-04-21
4459,"cheese, salt",2025-08-12
4460,"eggs, banana",2025-10-01
4461,"salt, oil, yogurt, butter",2024-06-11
4462,"milk, banana",2025-03-22
4463,"yogurt, cereal",2025-08-28
4464,"eggs, banana, bread, salt, cereal",2025-01-05
4465,"sugar, cereal, salt, butter, pasta, tomato",2025-06-25
4466,"oil, cereal, sugar, potato",2024-01-30
4467,"pasta, rice, eggs, chicken, cereal, orange",2025-02-27
4468,"tomato, chicken",2024-05-29
4469,"bread, pasta, cheese, chicken, apple, milk",2025-11-10
4470,"onion, butter, cheese, bread, potato, milk",2024-04-21
4471,"butter, oil, beef, rice",2024-02-09
4472,"pasta, yogurt, orange",2025-10-14
4473,"pasta, cereal, beef",2024-02-10
4474,"potato, rice, banana",2024-12-01
4475,"rice, salt, bread, chicken, tomato, orange",2024-01-15
4476,"beef, banana",2025-02-23
4477,"potato, eggs, cereal, orange",2025-01-05
4478,"cereal, cheese, bread, banana, milk, salt",2025-02-02
4479,"orange, cereal",2025-01-13
4480,"salt, beef, cereal",2024-04-20
4481,"banana, beef, apple, cheese, potato, orange",2024-08-28
4482,"eggs, orange, rice, chicken, bread",2024-02-13
4483,"tomato, potato, cheese",2024-05-05
4484,"chicken, orange",2025-01-27
4485,"pasta, oil",2024-01-23
4486,"bread, cereal, eggs",2024-06-21
4487,"sugar, banana",2025-11-29
4488,"rice, oil, yogurt, tomato",2024-03-25
4489,"cereal, sugar",2024-07-16
4490,"oil, milk",2025-10-10
4491,"cereal, orange, bread",2025-08-09
4492,"oil, beef",2025-12-12
4493,"butter, beef, cereal, onion, eggs",2025-12-30
4494,"oil, salt, rice, cheese, butter, cereal",2025-06-12
4495,"chicken, salt, cereal, orange, tomato",2024-04-15
4496,"cheese, yogurt, milk",2024-01-01
4497,"salt, banana",2024-04-25
4498,"onion, milk, tomato, cheese, yogurt",2025-01-04
4499,"orange, onion, sugar",2024-09-22
4500,"salt, onion, tomato, rice, eggs, beef",2024-11-08
4501,"sugar, beef",2025-09-01
4502,"butter, eggs",2024-08-05
4503,"sugar, butter, banana, onion",2024-04-02
4504,"bread, pasta, onion, cereal, potato, cheese",2024-06-07
4505,"beef, salt",2024-05-18
4506,"sugar, bread, onion",2025-01-15
4507,"onion, potato, banana, apple, bread, chicken",2025-06-22
4508,"banana, potato, cheese",2025-05-05
4509,"milk, orange, salt",2024-06-02
4510,"banana, yogurt, butter, sugar",2024-05-05
4511,"beef, orange, eggs, rice, butter",2024-12-12
4512,"sugar, beef, salt, rice",2024-09-12
4513,"potato, oil, salt, apple, rice, eggs",2024-12-20
4514,"potato, cereal, oil",2025-11-28
4515,"apple, pasta, butter, yogurt",2024-05-20
4516,"salt, beef, banana",2025-03-29
4517,"tomato, onion, cereal, cheese",2024-07-22
4518,"butter, potato, eggs",2025-01-05
4519,"cheese, pasta, onion, rice, yogurt, cereal",2024-07-26
4520,"cheese, milk, yogurt, oil, bread, onion",2024-04-03
4521,"oil, sugar, onion, chicken",2024-12-23
4522,"banana, tomato, bread",2024-11-19
4523,"eggs, chicken",2025-01-06
4524,"chicken, yogurt, onion, eggs, tomato",2025-06-21
4525,"rice, onion, sugar, bread",2025-03-11
4526,"cereal, orange, oil, apple",2025-11-01
4527,"onion, tomato, apple, rice, yogurt, orange",2025-12-01
4528,"beef, potato, chicken, eggs, cheese",2024-08-24
4529,"pasta, cheese, rice, apple",2025-08-17
4530,"tomato, cheese, onion",2025-05-09
4531,"milk, chicken, cheese, orange",2024-01-02
4532,"cereal, oil, apple, butter",2024-08-02
4533,"apple, rice, chicken, potato, banana",2025-08-05
4534,"salt, tomato, eggs, apple, orange",2024-12-25
4535,"pasta, milk, yogurt, rice, onion, eggs",2025-05-02
4536,"cheese, beef",2025-11-29
4537,"onion, banana",2024-09-11
4538,"yogurt, cereal, tomato, beef, orange, potato",2025-08-13
4539,"butter, onion",2025-05-21
4540,"cereal, bread, sugar, potato, oil, salt",2025-06-22
4541,"banana, potato, onion",2024-01-17
4542,"milk, banana, rice, chicken",2025-02-15
4543,"oil, eggs, potato",2024-08-20
4544,"rice, cereal, tomato, beef, cheese",2024-01-11
4545,"butter, salt, yogurt, cereal",2025-05-03
4546,"salt, chicken, oil, orange",2024-02-07
4547,"apple, chicken, pasta, tomato",2024-07-15
4548,"pasta, beef, chicken, orange",2024-10-03
4549,"tomato, cereal, onion",2024-10-20
4550,"orange, rice",2024-08-07
4551,"salt, butter, chicken, milk",2025-08-24
4552,"yogurt, tomato, eggs, sugar",2024-03-22
4553,"butter, apple, cereal, sugar",2024-12-20
4554,"sugar, apple",2025-03-21
4555,"cheese, bread, salt, onion, beef, chicken",2025-06-07
4556,"rice, pasta",2024-03-17
4557,"rice, banana, apple, butter, chicken",2024-01-31
4558,"tomato, pasta, cheese",2025-07-23
4559,"beef, cereal",2024-05-31
4560,"orange, tomato, milk",2025-02-07
4561,"milk, sugar, orange, beef",2024-07-28
4562,"banana, sugar",2024-05-17
4563,"yogurt, butter, oil, banana, eggs",2024-11-11
4564,"eggs, cheese, yogurt, milk",2025-09-28
4565,"milk, orange, cheese, yogurt, potato, banana",2024-03-25
4566,"apple, orange",2025-09-27
4567,"bread, potato, milk, salt, butter",2024-12-15
4568,"apple, eggs, cheese, oil",2025-09-26
4569,"yogurt, milk, salt",2025-05-24
4570,"cereal, pasta, banana, orange, salt",2024-12-26
4571,"eggs, yogurt, banana",2025-12-22
4572,"potato, orange, beef, cheese",2024-12-15
4573,"eggs, potato, sugar",2024-07-04
4574,"milk, oil, banana, rice, cheese",2025-11-26
4575,"pasta, apple, bread, potato",2024-03-01
4576,"orange, milk, cheese",2025-11-13
4577,"orange, sugar, chicken",2024-02-29
4578,"banana, eggs, oil, sugar",2025-10-24
4579,"cereal, sugar, banana, salt, eggs, cheese",2025-06-05
4580,"yogurt, beef, banana, sugar",2025-11-08
4581,"bread, milk, yogurt, onion, beef",2025-08-27
4582,"beef, orange, milk",2024-06-09
4583,"eggs, oil, milk, cheese",2024-12-30
4584,"sugar, oil",2025-11-03
4585,"orange, cheese, beef, pasta",2024-09-23
4586,"beef, apple",2025-06-10
4587,"banana, orange, apple, oil, yogurt, beef",2024-05-28
4588,"pasta, orange, beef, banana",2024-08-10
4589,"milk, bread, potato, rice, cereal",2024-08-14
4590,"orange, butter, beef, banana, salt",2024-09-13
4591,"milk, salt, bread, potato, chicken, rice",2024-06-22
4592,"oil, pasta, cereal, sugar, rice",2025-01-19
4593,"beef, chicken, salt, oil",2024-08-18
4594,"sugar, pasta, oil",2025-03-08
4595,"orange, chicken, cereal, bread, banana, cheese",2025-02-11
4596,"butter, cheese, milk, banana, cereal",2024-04-28
4597,"bread, cheese, salt, oil, cereal, onion",2024-03-25
4598,"rice, tomato, beef, butter",2025-11-10
4599,"eggs, milk, chicken, cheese, oil",2025-09-05
4600,"yogurt, milk, bread, eggs",2025-08-08
4601,"beef, cheese, salt",2024-04-11
4602,"cereal, beef, eggs, rice, butter, tomato",2025-10-28
4603,"beef, onion, rice, orange, tomato",2024-08-09
4604,"cereal, salt, onion, banana",2024-07-10
4605,"onion, potato, tomato",2025-07-30
4606,"butter, sugar, bread, onion, banana",2025-01-05
4607,"oil, pasta, chicken",2025-08-25
4608,"beef, milk, chicken, sugar, cereal, banana",2024-11-05
4609,"onion, bread, tomato, eggs, orange",2024-09-13
4610,"chicken, pasta, banana, apple, milk, onion",2024-03-25
4611,"orange, potato, apple",2024-10-13
4612,"oil, tomato, cheese, chicken, salt, rice",2025-09-26
4613,"salt, oil, eggs",2025-07-23
4614,"beef, orange, banana, yogurt, onion, oil",2024-03-17
4615,"orange, yogurt",2025-03-30
4616,"tomato, banana, butter",2024-10-06
4617,"rice, apple, beef",2024-04-22
4618,"eggs, sugar",2025-11-06
4619,"oil, bread, sugar, pasta, yogurt, rice",2024-03-15
4620,"pasta, salt, yogurt",2024-07-20
4621,"onion, beef, apple, eggs",2024-07-21
4622,"pasta, onion, cereal, beef, tomato, cheese",2025-02-25
4623,"tomato, bread",2024-07-29
4624,"chicken, eggs, oil, milk, cereal, cheese",2025-06-30
4625,"beef, pasta",2024-12-12
4626,"eggs, sugar, onion, cereal",2025-01-11
4627,"cereal, chicken, sugar, beef",2025-10-28
4628,"tomato, banana, rice, orange, cheese, bread",2024-01-21
4629,"apple, beef, cheese, oil, pasta, butter",2024-06-26
4630,"salt, cheese, banana, rice, chicken, beef",2025-04-14
4631,"eggs, bread",2024-10-22
4632,"onion, chicken, yogurt, tomato",2024-10-13
4633,"cereal, sugar, milk, yogurt, tomato, orange",2025-03-11
4634,"rice, cereal, eggs",2025-12-21
4635,"pasta, butter, onion",2024-07-18
4636,"onion, bread, cereal, beef, cheese",2025-02-02
4637,"chicken, butter, pasta",2025-11-18
4638,"bread, eggs, pasta, cheese, apple, beef",2024-10-26
4639,"tomato, butter, eggs, orange, pasta, apple",2024-03-03
4640,"orange, chicken, pasta, rice",2024-06-03
4641,"butter, milk",2025-09-27
4642,"tomato, banana, rice, cheese, pasta, bread",2025-08-20
4643,"oil, yogurt, onion",2024-08-26
4644,"beef, cereal",2025-05-19
4645,"rice, apple",2025-11-04
4646,"milk, banana",2024-10-18
4647,"banana, potato, rice, butter",2024-10-07
4648,"cheese, rice, apple",2025-05-10
4649,"orange, beef, pasta, banana, salt",2025-01-11
4650,"chicken, orange, salt, banana",2024-12-07
4651,"orange, butter, salt",2024-11-09
4652,"cheese, butter",2025-10-11
4653,"cheese, pasta, milk, butter, bread",2024-03-21
4654,"onion, cereal, orange, yogurt, apple",2025-01-11
4655,"tomato, banana, cheese, oil",2025-12-04
4656,"apple, orange, bread, pasta, beef",2025-05-09
4657,"chicken, bread, oil, onion",2024-08-26
4658,"rice, orange, beef, salt",2025-02-03
4659,"yogurt, banana, onion, milk, cheese, chicken",2024-03-31
4660,"pasta, apple",2024-02-03
4661,"chicken, banana",2024-11-18
4662,"potato, yogurt, cheese, banana",2024-11-20
4663,"chicken, orange, beef, yogurt, banana",2025-12-17
4664,"sugar, beef, eggs, salt, tomato, rice",2024-04-24
4665,"bread, orange",2025-03-25
4666,"oil, bread, butter, cheese, chicken, banana",2025-12-12
4667,"bread, potato, orange, milk",2025-05-29
4668,"butter, orange, cereal",2025-07-23
4669,"cheese, apple, banana, oil, cereal, milk",2025-11-23
4670,"eggs, apple, banana",2025-05-20
4671,"tomato, banana, cereal, chicken, orange",2024-06-18
4672,"sugar, apple, tomato",2025-03-28
4673,"chicken, salt, tomato, milk, yogurt",2024-12-31
4674,"potato, chicken, eggs, orange",2025-09-21
4675,"milk, potato, sugar",2024-10-28
4676,"banana, beef, potato, yogurt, salt, chicken",2025-05-23
4677,"pasta, rice, apple, beef, oil",2025-03-06
4678,"butter, sugar, orange",2024-05-10
4679,"rice, onion, orange, oil",2025-02-28
4680,"cereal, tomato",2025-04-16
4681,"onion, tomato, beef, potato, cereal",2025-02-16
4682,"orange, beef",2024-04-22
4683,"bread, sugar, butter, orange, cereal",2025-01-22
4684,"apple, cheese, cereal, rice",2024-11-19
4685,"eggs, beef, oil, rice, yogurt, milk",2024-07-07
4686,"banana, onion, potato",2025-02-08
4687,"tomato, orange, beef, cheese, oil, cereal",2025-06-16
4688,"beef, oil, apple, salt",2024-11-30
4689,"sugar, onion, cereal, rice, pasta",2024-08-05
4690,"onion, orange, milk, salt, cheese, bread",2024-04-25
4691,"apple, rice, sugar, orange",2024-07-10
4692,"milk, orange, bread, tomato, pasta, banana",2025-01-14
4693,"apple, cereal, milk, onion, cheese",2024-01-28
4694,"rice, apple, yogurt, banana",2025-10-16
4695,"sugar, rice, oil, orange, cereal, potato",2024-04-23
4696,"orange, chicken",2025-07-29
4697,"rice, cereal, pasta, beef, cheese",2025-09-19
4698,"tomato, potato, banana",2025-09-28
4699,"eggs, pasta, salt, oil, onion, chicken",2025-01-02
4700,"potato, chicken",2025-04-23
4701,"orange, pasta",2024-12-03
4702,"potato, orange, eggs, salt, chicken, apple",2024-04-30
4703,"cheese, butter, cereal, orange, oil",2025-10-20
4704,"banana, pasta, salt, butter, oil",2025-10-12
4705,"apple, chicken",2024-02-26
4706,"potato, bread, onion",2024-03-05
4707,"oil, butter, chicken, beef, pasta",2025-06-05
4708,"chicken, banana, apple, cereal, butter",2024-05-26
4709,"cheese, cereal, sugar",2025-11-25
4710,"beef, cheese, onion, bread, orange",2024-02-20
4711,"butter, beef",2025-03-17
4712,"cereal, rice",2025-11-14
4713,"yogurt, bread",2025-07-30
4714,"bread, oil, onion, potato, orange, pasta",2025-06-06
4715,"apple, salt, tomato, sugar",2024-05-24
4716,"rice, eggs, bread, sugar",2024-03-17
4717,"apple, beef, cereal, orange",2024-04-18
4718,"onion, apple, beef, tomato, cheese, bread",2024-02-25
4719,"apple, cereal",2025-05-05
4720,"cereal, salt, milk",2025-10-31
4721,"bread, oil",2025-04-30
4722,"eggs, sugar, yogurt, potato",2025-08-07
4723,"sugar, potato, milk, banana, orange, apple",2024-01-06
4724,"pasta, orange",2025-06-18
4725,"chicken, butter, rice, milk, salt",2024-09-03
4726,"banana, potato, cheese, onion, tomato, pasta",2024-08-25
4727,"bread, eggs, banana, rice, butter",2024-06-29
4728,"orange, tomato",2024-08-02
4729,"pasta, butter, salt",2024-06-06
4730,"beef, tomato, cheese, pasta, oil",2024-05-16
4731,"salt, bread, cereal, eggs, pasta",2025-01-08
4732,"yogurt, orange, beef",2024-07-09
4733,"onion, orange, tomato, pasta, yogurt, beef",2025-04-25
4734,"sugar, potato",2024-11-21
4735,"yogurt, banana",2024-07-12
4736,"onion, milk, orange, rice, yogurt",2024-03-04
4737,"chicken, yogurt, tomato",2025-11-05
4738,"beef, tomato, pasta, onion, sugar, apple",2025-01-29
4739,"chicken, cereal, tomato, potato, sugar",2024-11-29
4740,"pasta, bread, sugar, cereal, salt, oil",2025-08-19
4741,"eggs, potato",2025-08-28
4742,"rice, tomato, chicken, orange, salt, cheese",2024-10-23
4743,"eggs, potato, cheese, yogurt",2025-02-16
4744,"salt, cereal, pasta",2024-12-24
4745,"orange, apple, eggs, oil, pasta",2024-02-06
4746,"apple, beef",2025-02-17
4747,"salt, chicken, beef",2024-12-16
4748,"potato, rice, beef, milk",2025-04-07
4749,"cereal, milk, potato, tomato, yogurt, cheese",2025-04-17
4750,"potato, rice, apple, onion",2024-11-14
4751,"cereal, banana, pasta, milk, orange, yogurt",2024-09-21
4752,"banana, bread, salt, eggs, apple, oil",2024-12-05
4753,"milk, salt",2025-11-16
4754,"salt, sugar, tomato, potato",2025-01-25
4755,"beef, rice, butter, apple",2025-11-22
4756,"eggs, beef, orange, salt, pasta, banana",2025-08-15
4757,"banana, oil",2025-09-17
4758,"rice, cereal, cheese, banana, potato",2024-06-27
4759,"potato, chicken, cereal, bread, butter, apple",2025-01-01
4760,"potato, salt, sugar",2024-02-27
4761,"sugar, cheese, cereal, rice",2024-02-21
4762,"milk, rice, yogurt",2025-10-15
4763,"rice, oil, orange, sugar, chicken, yogurt",2024-02-17
4764,"onion, cereal",2024-04-26
4765,"banana, orange",2025-07-14
4766,"apple, orange, cheese, yogurt, bread, eggs",2025-12-05
4767,"milk, salt, chicken, beef, apple, cheese",2024-11-17
4768,"salt, yogurt, potato",2025-04-14
4769,"orange, apple, chicken, oil, sugar",2025-07-23
4770,"potato, cereal",2024-01-17
4771,"oil, tomato, chicken",2025-10-02
4772,"eggs, cheese, cereal, pasta, salt, banana",2025-04-11
4773,"yogurt, onion, bread, milk, butter, oil",2024-03-14
4774,"rice, bread, eggs",2024-04-15
4775,"salt, oil",2025-02-14
4776,"banana, bread, yogurt, rice, eggs, cereal",2024-10-27
4777,"orange, eggs, oil, butter",2025-01-22
4778,"potato, chicken, milk, oil",2025-02-25
4779,"cheese, potato, eggs, bread",2024-06-23
4780,"beef, butter, banana, sugar",2025-06-16
4781,"sugar, rice, onion, butter",2025-05-07
4782,"potato, apple, rice",2025-07-03
4783,"yogurt, apple",2024-02-08
4784,"cereal, oil, yogurt",2025-03-28
4785,"rice, tomato, milk",2025-11-10
4786,"sugar, potato, orange, pasta, salt",2024-08-30
4787,"orange, eggs, milk, yogurt",2024-06-11
4788,"orange, potato, chicken, milk",2024-06-07
4789,"salt, chicken, banana, eggs, bread, butter",2024-07-22
4790,"potato, tomato, salt",2024-01-11
4791,"yogurt, apple",2024-07-06
4792,"tomato, beef, milk, chicken",2024-09-28
4793,"apple, bread, eggs",2024-01-22
4794,"pasta, yogurt",2025-11-29
4795,"rice, salt, tomato, bread, yogurt",2024-06-20
4796,"eggs, sugar, yogurt, milk",2024-06-22
4797,"bread, orange",2024-12-22
4798,"cereal, cheese, onion, milk, eggs, orange",2024-12-26
4799,"yogurt, salt, bread, banana, eggs, pasta",2025-05-22
4800,"banana, tomato, orange",2024-12-17
4801,"onion, banana, potato, milk, chicken",2025-09-06
4802,"potato, yogurt, sugar, cereal, orange",2025-01-22
4803,"banana, beef, chicken",2024-03-19
4804,"salt, beef",2024-09-15
4805,"salt, milk, beef, tomato",2024-12-08
4806,"beef, sugar, yogurt",2025-09-11
4807,"orange, sugar",2025-01-12
4808,"cereal, milk, butter, onion, rice",2025-02-05
4809,"potato, rice",2025-06-03
4810,"apple, pasta",2025-10-01
4811,"pasta, onion, cereal, salt",2024-05-30
4812,"orange, pasta, rice, cheese",2024-09-30
4813,"bread, potato, beef",2024-01-08
4814,"oil, banana, tomato, beef, bread, butter",2025-08-26
4815,"oil, chicken, bread, orange, tomato",2024-10-13
4816,"salt, bread, pasta, apple, beef, tomato",2025-01-13
4817,"beef, chicken, cereal, pasta",2024-01-09
4818,"yogurt, bread, apple, cereal",2025-03-14
4819,"bread, cereal, orange, milk, sugar, tomato",2025-07-22
4820,"sugar, eggs, pasta, orange, chicken",2025-10-27
4821,"potato, oil, salt, onion",2024-07-06
4822,"cereal, butter, pasta, sugar, yogurt",2024-06-20
4823,"apple, chicken, potato, pasta, banana, bread",2024-03-21
4824,"apple, onion, cheese, yogurt, tomato",2025-05-07
4825,"sugar, onion",2025-06-30
4826,"beef, eggs, banana, butter, cereal, oil",2025-08-23
4827,"apple, pasta, tomato, oil, beef, onion",2024-07-02
4828,"apple, milk, orange, beef, tomato, bread",2024-04-07
4829,"bread, orange, sugar, pasta, apple",2025-09-22
4830,"sugar, bread, potato, cereal, chicken, orange",2025-10-10
4831,"tomato, chicken, butter",2025-02-24
4832,"oil, bread, beef, yogurt, cheese",2025-02-02
4833,"beef, banana, chicken, oil, sugar, milk",2024-12-05
4834,"orange, cereal",2025-08-22
4835,"rice, yogurt, cheese, orange, eggs",2025-12-16
4836,"rice, milk, banana, cereal, onion",2024-05-19
4837,"salt, chicken, bread",2025-06-19
4838,"apple, banana, bread, cheese",2025-03-08
4839,"orange, apple, cereal, tomato",2025-07-29
4840,"salt, oil, butter, apple, tomato, cereal",2024-04-14
4841,"chicken, tomato, beef, sugar",2025-01-23
4842,"sugar, onion, banana, chicken, pasta, cereal",2025-12-13
4843,"rice, cheese, cereal, milk, tomato",2024-09-14
4844,"cereal, apple",2025-12-20
4845,"cheese, orange, beef, oil",2024-11-08
4846,"orange, eggs, cheese, apple, banana",2025-12-29
4847,"cheese, butter, chicken, orange",2025-05-01
4848,"eggs, yogurt, butter, salt, sugar",2024-11-03
4849,"cereal, milk",2025-11-03
4850,"cheese, apple, chicken, orange",2024-05-14
4851,"eggs, salt, sugar, apple, beef",2024-02-13
4852,"orange, yogurt, butter, beef",2025-06-11
4853,"eggs, milk",2024-12-09
4854,"beef, cereal, butter, eggs",2024-02-07
4855,"orange, yogurt, cheese, tomato, chicken",2024-10-29
4856,"cereal, yogurt, milk",2025-05-02
4857,"milk, sugar, salt, cheese, butter, chicken",2024-08-24
4858,"banana, eggs, chicken, cheese",2025-08-10
4859,"cereal, chicken, orange, butter, pasta",2025-08-12
4860,"tomato, cereal",2025-05-04
4861,"tomato, cereal, beef, sugar, banana, butter",2024-02-27
4862,"cereal, pasta, potato",2025-01-24
4863,"oil, rice, tomato, yogurt, pasta",2025-09-27
4864,"beef, potato, cheese, yogurt, orange",2025-10-31
4865,"salt, cheese, banana",2024-06-14
4866,"salt, bread, apple, orange, pasta",2025-10-18
4867,"onion, pasta, sugar, eggs, oil, beef",2024-07-09
4868,"sugar, butter, tomato, banana, potato",2025-03-06
4869,"pasta, milk, chicken",2024-02-28
4870,"bread, salt, sugar, yogurt, onion",2024-10-02
4871,"potato, tomato",2025-08-05
4872,"banana, sugar, cereal, bread",2025-07-24
4873,"yogurt, potato",2025-03-30
4874,"beef, salt, cereal, yogurt",2025-05-10
4875,"salt, onion, pasta",2025-01-29
4876,"beef, eggs, cheese, bread",2024-10-23
4877,"apple, bread, milk, cereal",2025-08-06
4878,"butter, eggs, pasta",2024-11-28
4879,"yogurt, tomato, apple, chicken, beef",2024-08-01
4880,"oil, cheese, yogurt, butter, eggs",2024-10-25
4881,"eggs, pasta",2024-10-01
4882,"cheese, apple, pasta",2025-12-21
4883,"tomato, rice, salt, cereal",2024-07-30
4884,"eggs, orange, sugar",2025-02-16
4885,"beef, sugar, rice",2024-04-04
4886,"banana, cheese",2025-11-14
4887,"sugar, tomato, milk, salt, chicken, cheese",2025-05-25
4888,"banana, chicken, butter, onion, cheese, apple",2024-12-20
4889,"chicken, onion, orange",2025-04-11
4890,"banana, rice, tomato, butter, oil, cheese",2025-03-16
4891,"potato, cheese, bread, butter",2024-06-30
4892,"cereal, eggs",2025-01-15
4893,"salt, orange, milk, chicken, yogurt",2024-05-04
4894,"beef, onion, oil",2025-09-21
4895,"rice, orange",2024-07-23
4896,"banana, butter, beef, sugar",2024-01-08
4897,"salt, eggs, onion, milk, yogurt",2024-07-27
4898,"salt, tomato, cheese, pasta",2025-07-15
4899,"potato, bread, sugar, pasta, chicken, rice",2025-11-13
4900,"salt, orange, rice, chicken, banana",2024-11-01
4901,"bread, eggs, cheese, orange, sugar, salt",2025-10-28
4902,"milk, salt, oil, rice, pasta, butter",2025-09-14
4903,"sugar, yogurt, oil",2025-06-20
4904,"bread, cereal",2025-08-25
4905,"eggs, cheese, potato, bread, onion, oil",2025-01-29
4906,"onion, apple",2024-10-17
4907,"cheese, chicken, orange, pasta, rice",2025-12-11
4908,"cereal, salt, tomato, yogurt, apple",2025-10-07
4909,"salt, chicken, pasta, onion, bread, cereal",2024-05-08
4910,"oil, tomato, banana, cereal",2024-11-11
4911,"apple, onion, cheese, beef, potato, pasta",2025-10-04
4912,"sugar, cheese, rice",2025-10-14
4913,"cheese, salt, apple",2025-08-16
4914,"cheese, rice, oil",2024-03-12
4915,"onion, pasta",2025-01-13
4916,"oil, eggs, bread, apple",2025-03-03
4917,"oil, banana",2024-03-17
4918,"cheese, salt, butter, banana, milk",2025-05-13
4919,"eggs, bread, potato, pasta, cheese, chicken",2024-07-10
4920,"onion, sugar",2025-10-17
4921,"yogurt, bread, apple",2024-07-30
4922,"orange, oil, beef, yogurt, eggs",2025-01-02
4923,"oil, apple, eggs, orange, chicken",2025-04-03
4924,"yogurt, beef",2024-01-11
4925,"cereal, orange, salt, eggs, rice",2024-03-25
4926,"tomato, bread, oil, butter, onion, chicken",2025-04-18
4927,"eggs, bread, oil",2024-06-03
4928,"beef, pasta, chicken, banana, oil",2024-02-09
4929,"orange, oil, salt, tomato, potato, milk",2024-07-12
4930,"apple, oil, salt",2025-04-19
4931,"sugar, yogurt, tomato, pasta, salt, banana",2025-03-20
4932,"milk, beef, rice, eggs, orange",2024-05-02
4933,"chicken, tomato, eggs, onion, rice",2025-01-26
4934,"orange, milk, butter, cereal, banana, bread",2024-02-16
4935,"onion, orange, cereal, sugar, butter",2024-01-13
4936,"cereal, orange",2024-08-21
4937,"apple, eggs, chicken, yogurt, potato",2025-02-04
4938,"yogurt, eggs, milk, potato, onion, orange",2024-01-28
4939,"potato, yogurt",2024-07-17
4940,"oil, tomato, bread",2024-07-16
4941,"cereal, pasta, sugar",2025-12-20
4942,"eggs, beef, cheese, butter, potato, yogurt",2025-06-08
4943,"bread, butter",2024-06-14
4944,"sugar, apple, orange, oil, beef",2024-09-08
4945,"butter, banana, potato, apple",2025-10-13
4946,"orange, eggs, tomato, cereal",2025-10-06
4947,"bread, orange, apple, cereal",2024-06-27
4948,"potato, salt, apple, yogurt, sugar, milk",2025-12-25
4949,"chicken, beef, apple, onion, potato, orange",2025-04-29
4950,"tomato, chicken, cheese",2024-04-11
4951,"yogurt, milk, chicken, banana, sugar",2025-02-20
4952,"bread, yogurt",2025-07-11
4953,"rice, yogurt, beef",2025-10-27
4954,"oil, rice, banana, apple, orange, milk",2025-04-26
4955,"orange, butter, tomato, chicken, potato",2025-06-01
4956,"pasta, banana, tomato, cereal",2025-08-19
4957,"potato, salt",2024-06-11
4958,"rice, salt, pasta, eggs, banana, apple",2024-08-13
4959,"beef, potato, yogurt, rice",2024-04-08
4960,"sugar, yogurt, onion, potato, salt, eggs",2025-12-15
4961,"eggs, potato, banana, beef",2025-03-22
4962,"cheese, pasta, rice",2025-04-17
4963,"cheese, bread, orange, salt, banana, apple",2025-03-07
4964,"tomato, chicken, banana, cereal, salt, bread",2025-08-31
4965,"apple, beef",2025-07-02
4966,"salt, apple, orange, milk, cheese, oil",2024-10-22
4967,"apple, banana",2025-02-13
4968,"banana, milk, cheese, rice, chicken",2024-03-24
4969,"yogurt, oil",2025-02-15
4970,"pasta, rice",2024-10-18
4971,"cereal, cheese",2024-09-06
4972,"milk, yogurt, onion",2025-12-30
4973,"tomato, cheese, onion, milk, apple, beef",2025-05-12
4974,"banana, tomato, bread",2024-02-26
4975,"eggs, bread, cheese, potato",2025-02-03
4976,"onion, cereal, butter, tomato, beef",2024-09-04
4977,"yogurt, chicken, cereal, potato",2025-06-04
4978,"beef, milk, onion, banana, salt",2024-01-16
4979,"orange, beef, eggs, banana, pasta",2024-03-19
4980,"potato, milk, eggs, yogurt, cereal, banana",2025-02-26
4981,"banana, potato",2025-12-19
4982,"cheese, pasta, onion, chicken, milk",2024-09-06
4983,"sugar, tomato, banana, oil, butter, cereal",2024-03-21
4984,"rice, pasta, cheese, milk, onion",2025-04-18
4985,"chicken, cereal",2025-07-09
4986,"bread, potato",2025-04-13
4987,"beef, apple, rice",2024-08-10
4988,"cereal, banana, pasta, butter",2025-09-10
4989,"oil, salt, sugar",2025-07-18
4990,"apple, oil, eggs",2025-11-11
4991,"apple, onion, chicken",2025-10-31
4992,"potato, beef, butter, yogurt, cereal",2025-05-25
4993,"oil, beef, salt, sugar, potato, banana",2025-02-03
4994,"rice, cheese",2025-10-04
4995,"rice, pasta, tomato, apple, chicken",2024-07-24
4996,"chicken, butter, oil",2025-01-30
4997,"rice, milk",2025-04-08
4998,"milk, salt",2025-10-06
4999,"salt, cheese",2025-07-12
5000,"oil, cereal, banana, chicken, rice",2025-03-30
5001,"tomato, yogurt, rice",2024-03-16
5002,"orange, potato, beef, rice, butter, sugar",2024-09-09
5003,"apple, onion, pasta",2024-11-06
5004,"milk, eggs, chicken, bread, cereal, potato",2025-08-02
5005,"banana, rice, milk, bread, yogurt, butter",2024-07-29
5006,"tomato, yogurt",2024-09-28
5007,"cereal, banana",2025-11-18
5008,"bread, chicken, salt, oil",2024-09-26
5009,"milk, eggs, apple, tomato, onion",2024-11-07
5010,"beef, eggs, butter, orange, cheese",2024-12-16
5011,"apple, milk, potato, rice, onion",2024-11-19
5012,"orange, apple, tomato",2025-06-02
5013,"onion, oil, pasta, tomato, butter, bread",2025-02-26
5014,"salt, chicken, onion, yogurt, rice, sugar",2024-08-02
5015,"beef, sugar",2025-05-09
5016,"orange, onion, butter, tomato",2024-05-29
5017,"cheese, tomato, potato, orange, salt",2025-07-21
5018,"butter, salt, beef, bread, apple, orange",2025-07-16
5019,"cheese, oil, pasta, chicken",2025-02-18
5020,"butter, cheese, pasta, eggs",2025-07-14
5021,"potato, apple, onion, sugar, orange",2025-01-01
5022,"banana, yogurt",2025-07-17
5023,"apple, potato, tomato",2024-12-14
5024,"milk, apple",2024-01-18
5025,"yogurt, chicken, tomato, potato, milk",2025-08-16
5026,"orange, sugar, rice, chicken",2025-06-18
5027,"beef, chicken, rice, potato, eggs",2025-05-11
5028,"onion, pasta",2025-12-20
5029,"potato, salt",2024-07-29
5030,"orange, apple, tomato, rice, cereal",2024-07-03
5031,"yogurt, cheese, oil, orange, beef",2025-10-27
5032,"chicken, apple, beef, milk, orange, salt",2024-07-28
5033,"eggs, apple",2025-08-27
5034,"oil, orange, cereal, tomato, beef, eggs",2025-03-06
5035,"oil, chicken, cheese, eggs, yogurt, sugar",2025-07-09
5036,"milk, cereal, apple, oil, rice, salt",2024-03-28
5037,"tomato, cereal, cheese, milk",2025-07-29
5038,"milk, orange, oil",2024-02-17
5039,"pasta, salt, cheese",2025-06-17
5040,"apple, oil, orange, yogurt",2025-10-25
5041,"butter, oil, cheese, bread, rice, onion",2024-05-15
5042,"tomato, apple",2025-07-02
5043,"eggs, onion, orange, banana",2024-09-21
5044,"pasta, banana, potato",2025-03-20
5045,"cheese, salt, apple, eggs",2025-08-21
5046,"rice, onion",2025-04-09
5047,"bread, butter, tomato",2025-04-17
5048,"bread, oil",2024-02-01
5049,"chicken, yogurt, cheese, oil, beef",2025-03-18
5050,"orange, chicken, sugar, cheese",2025-12-20
5051,"chicken, tomato, pasta, butter",2024-02-20
5052,"oil, potato, onion, chicken, orange, pasta",2025-02-25
5053,"eggs, butter",2024-07-26
5054,"butter, cereal, yogurt, banana, cheese",2024-07-27
5055,"eggs, chicken, rice, milk, banana, cereal",2024-05-29
5056,"banana, butter, rice, yogurt, onion",2024-03-23
5057,"milk, banana, butter, cheese, apple",2024-02-01
5058,"potato, chicken",2024-12-09
5059,"potato, tomato, sugar, apple",2025-01-09
5060,"sugar, salt",2024-12-01
5061,"oil, onion, sugar, bread",2024-02-04
5062,"bread, cereal",2025-07-23
5063,"milk, sugar",2024-05-29
5064,"rice, butter, eggs",2025-09-01
5065,"oil, beef, onion",2024-11-26
5066,"butter, chicken, sugar, cereal, salt",2025-04-08
5067,"rice, oil, tomato, eggs",2024-11-19
5068,"chicken, potato, onion, pasta, tomato, milk",2024-06-16
5069,"onion, cheese, orange",2025-03-21
5070,"eggs, orange",2025-08-18
5071,"salt, banana, bread, apple",2025-08-02
5072,"sugar, potato, orange, pasta",2024-10-02
5073,"butter, onion, orange, tomato",2024-12-08
5074,"apple, tomato, salt, yogurt, bread, pasta",2024-11-01
5075,"tomato, cheese, beef, onion, eggs",2024-10-02
5076,"bread, eggs",2025-09-27
5077,"eggs, salt, bread, potato, onion, banana",2024-09-10
5078,"orange, chicken, oil, yogurt, tomato",2024-10-11
5079,"onion, butter, sugar, rice, cheese",2024-04-03
5080,"apple, eggs, orange, cheese, milk, cereal",2025-01-13
5081,"cheese, onion",2024-09-02
5082,"sugar, salt, milk, pasta, banana",2025-04-08
5083,"sugar, apple, rice, eggs, tomato, beef",2024-04-20
5084,"banana, cheese",2024-08-15
5085,"apple, cheese",2025-09-16
5086,"milk, cheese",2024-07-27
5087,"potato, sugar, beef",2025-09-10
5088,"rice, yogurt, onion, sugar",2024-08-28
5089,"beef, pasta, milk, onion, orange",2025-07-10
5090,"sugar, butter",2025-01-25
5091,"salt, yogurt, tomato, sugar, pasta",2024-10-16
5092,"banana, bread, yogurt, chicken, oil",2024-02-04
5093,"salt, orange, beef, potato",2025-11-26
5094,"pasta, sugar",2024-12-04
5095,"beef, orange, cereal, bread, rice",2025-05-12
5096,"eggs, potato, yogurt",2024-05-22
5097,"yogurt, pasta, eggs, chicken",2025-02-13
5098,"oil, apple, bread",2024-05-28
5099,"pasta, bread, potato, oil, onion",2024-04-09
5100,"eggs, bread, cheese, apple, sugar",2025-10-28
5101,"rice, eggs",2025-05-07
5102,"cereal, rice, butter, milk, orange, sugar",2024-08-28
5103,"cheese, milk, bread, beef",2024-12-19
5104,"yogurt, potato, pasta, milk",2024-07-21
5105,"salt, eggs, pasta, tomato",2025-05-16
5106,"chicken, tomato, salt",2024-03-05
5107,"rice, sugar",2025-07-31
5108,"butter, eggs",2025-01-12
5109,"banana, beef, oil, eggs, pasta",2024-03-13
5110,"beef, salt",2025-09-28
5111,"apple, orange",2025-06-29
5112,"orange, oil, beef",2024-06-26
5113,"oil, eggs",2024-11-10
5114,"cereal, chicken, yogurt",2025-07-08
5115,"onion, tomato, yogurt, milk, cheese, potato",2025-11-13
5116,"cereal, cheese, eggs, bread, rice",2025-07-23
5117,"onion, tomato",2025-02-10
5118,"apple, tomato, potato, eggs, banana, sugar",2024-06-17
5119,"orange, sugar, tomato, potato, pasta, eggs",2025-01-13
5120,"apple, salt",2025-03-22
5121,"potato, yogurt, tomato, butter",2025-03-18
5122,"bread, rice",2025-06-10
5123,"cheese, apple, rice",2024-07-18
5124,"tomato, apple, beef, eggs, potato, cereal",2025-05-02
5125,"milk, rice, apple, butter, banana",2024-05-27
5126,"butter, potato, onion",2024-08-04
5127,"orange, apple",2025-10-09
5128,"milk, cheese, bread",2025-03-02
5129,"cheese, bread, apple, chicken, banana",2024-02-03
5130,"milk, potato, rice, cheese, cereal, yogurt",2024-10-06
5131,"potato, pasta",2024-08-16
5132,"bread, apple",2024-06-25
5133,"apple, tomato",2025-02-06
5134,"milk, banana, yogurt, bread",2024-01-22
5135,"salt, milk",2024-12-07
5136,"pasta, butter, onion, banana, bread, eggs",2025-05-25
5137,"eggs, tomato, banana",2025-05-16
5138,"potato, banana, oil",2024-10-25
5139,"cereal, butter, potato, cheese",2024-09-29
5140,"potato, bread, onion",2024-08-31
5141,"oil, onion, orange, rice",2025-01-12
5142,"chicken, bread, potato, milk, butter, oil",2024-01-02
5143,"tomato, bread, chicken",2024-06-01
5144,"pasta, eggs",2024-10-09
5145,"salt, sugar, beef, cheese",2025-10-08
5146,"sugar, butter, chicken, potato",2025-12-16
5147,"bread, onion, orange, sugar",2024-02-02
5148,"rice, bread, pasta",2025-01-06
5149,"beef, sugar",2024-05-18
5150,"rice, sugar, butter, eggs, apple, milk",2024-11-30
5151,"sugar, salt",2025-10-31
5152,"oil, chicken",2025-08-02
5153,"cereal, bread, butter",2025-07-30
5154,"orange, cheese, butter, apple, banana, tomato",2025-03-02
5155,"orange, potato, eggs, oil, butter",2025-04-02
5156,"oil, butter, cheese",2025-09-18
5157,"beef, potato",2024-09-04
5158,"beef, chicken, sugar",2025-09-08
5159,"tomato, cereal, banana, salt, apple",2025-08-27
5160,"rice, milk, chicken, banana, bread, eggs",2024-10-02
5161,"chicken, eggs, yogurt, cheese",2025-05-04
5162,"orange, yogurt, cereal, butter, oil",2025-11-02
5163,"onion, orange, butter",2025-08-09
5164,"onion, yogurt, potato, banana",2024-05-18
5165,"chicken, apple",2025-07-13
5166,"onion, cheese, cereal, butter",2025-04-25
5167,"orange, banana, bread, yogurt",2024-01-11
5168,"bread, eggs, salt",2025-04-03
5169,"butter, tomato, yogurt, milk, pasta",2024-10-14
5170,"cereal, beef, pasta, salt, banana, bread",2024-02-09
5171,"orange, cheese, potato",2025-09-24
5172,"orange, sugar, yogurt, cereal, oil, chicken",2024-05-18
5173,"orange, tomato, pasta, chicken, cheese",2025-12-22
5174,"onion, salt, apple",2024-02-29
5175,"eggs, tomato, apple, sugar, milk",2025-11-11
5176,"salt, chicken, apple, bread",2024-05-06
5177,"chicken, butter, eggs",2024-01-05
5178,"potato, onion, beef, cereal",2024-11-14
5179,"pasta, beef, yogurt, cereal, salt",2024-05-20
5180,"orange, onion",2024-10-21
5181,"pasta, beef, eggs, oil",2025-11-23
5182,"cheese, tomato, cereal",2025-04-15
5183,"beef, cheese, tomato, butter",2024-09-15
5184,"pasta, potato, tomato, butter, yogurt",2025-08-27
5185,"bread, sugar, pasta, rice, potato, yogurt",2024-10-14
5186,"beef, rice, eggs, sugar, cereal",2024-04-26
5187,"tomato, orange, milk",2025-09-04
5188,"apple, beef, tomato, cereal, salt, orange",2025-08-08
5189,"apple, oil, rice",2024-07-30
5190,"eggs, tomato, banana, sugar, cheese",2024-02-21
5191,"rice, yogurt, eggs, orange, chicken",2025-12-16
5192,"oil, onion, yogurt, cereal",2024-09-12
5193,"pasta, onion, yogurt",2025-12-15
5194,"banana, onion, oil, rice, yogurt",2024-01-01
5195,"apple, banana, salt",2025-05-06
5196,"oil, apple, cereal, sugar, banana, milk",2024-02-09
5197,"beef, orange, potato, banana, sugar",2024-12-17
5198,"banana, apple, onion, yogurt, cereal",2025-04-26
5199,"sugar, onion",2024-01-29
5200,"yogurt, butter",2025-12-12
5201,"yogurt, banana, cheese, bread, eggs, sugar",2025-05-06
5202,"apple, oil, orange, bread, potato, butter",2024-12-20
5203,"yogurt, cereal, onion, tomato, beef",2024-01-18
5204,"pasta, banana, tomato, rice",2025-08-23
5205,"apple, cheese, eggs, beef",2024-11-09
5206,"cereal, cheese",2025-10-26
5207,"apple, sugar, cheese, onion, butter",2024-08-18
5208,"potato, chicken, eggs, onion, banana, orange",2025-01-30
5209,"salt, banana",2025-02-06
5210,"milk, sugar",2024-09-19
5211,"cheese, tomato, cereal, eggs, salt",2024-11-20
5212,"bread, pasta, tomato",2024-06-23
5213,"salt, banana, tomato, beef, milk",2024-07-20
5214,"cereal, tomato, salt, potato, onion",2024-04-06
5215,"bread, sugar",2024-02-20
5216,"orange, onion, sugar, milk",2024-11-24
5217,"banana, cheese, chicken",2024-12-25
5218,"tomato, cereal, butter, salt, onion",2025-08-04
5219,"sugar, orange, oil, milk",2025-01-05
5220,"rice, potato",2025-03-28
5221,"apple, cheese, onion, salt",2024-04-22
5222,"cereal, cheese, yogurt, eggs",2025-10-10
5223,"apple, milk, rice, yogurt",2025-09-17
5224,"sugar, bread, milk, chicken, tomato",2025-03-09
5225,"cheese, yogurt, beef",2024-07-29
5226,"apple, salt, sugar, rice, bread",2024-06-10
5227,"bread, butter",2025-01-03
5228,"bread, pasta, salt, butter, tomato",2024-07-22
5229,"cheese, sugar, bread, butter",2025-02-12
5230,"chicken, butter, orange, bread, tomato, rice",2024-12-15
5231,"orange, cheese, sugar, butter, beef, yogurt",2025-08-02
5232,"cereal, pasta, potato, chicken, oil, milk",2024-01-17
5233,"oil, chicken, eggs, butter",2024-02-13
5234,"eggs, cereal, banana",2025-10-16
5235,"tomato, oil, eggs",2024-09-30
5236,"chicken, apple, banana, milk, rice",2024-08-14
5237,"potato, tomato",2024-11-18
5238,"tomato, onion, eggs, chicken, beef, cereal",2024-04-01
5239,"beef, banana, orange, potato, pasta, butter",2024-03-13
5240,"onion, potato, milk, yogurt, cereal, beef",2024-03-15
5241,"butter, yogurt, eggs",2024-02-22
5242,"potato, chicken",2025-10-16
5243,"yogurt, oil, beef, chicken",2025-05-12
5244,"tomato, butter, potato, cereal, orange",2025-11-13
5245,"salt, cheese, yogurt",2024-09-01
5246,"salt, eggs, cereal",2024-11-01
5247,"chicken, orange, banana",2025-11-08
5248,"eggs, apple, chicken, tomato, banana, salt",2025-12-04
5249,"cereal, oil, potato, rice",2024-07-15
5250,"bread, butter, cereal",2024-06-18
5251,"cereal, chicken",2025-11-05
5252,"bread, onion, butter, oil",2024-10-12
5253,"potato, beef, salt, oil, tomato",2025-04-15
5254,"milk, chicken, salt, onion, pasta, orange",2025-04-07
5255,"oil, banana, bread, butter",2025-08-26
5256,"eggs, oil, pasta",2025-06-02
5257,"onion, butter, rice, eggs",2025-03-23
5258,"orange, rice, bread, sugar, potato",2025-01-25
5259,"oil, chicken, sugar, yogurt, butter",2025-04-15
5260,"potato, chicken, eggs, milk, bread, orange",2024-03-20
5261,"onion, tomato, apple, potato, eggs",2025-11-01
5262,"cereal, bread, onion, eggs, yogurt",2025-03-05
5263,"eggs, bread, oil, tomato, chicken",2025-08-21
5264,"beef, pasta, salt, eggs",2025-01-22
5265,"sugar, banana, chicken, bread, onion",2024-09-30
5266,"bread, milk, sugar, banana, apple, oil",2024-04-21
5267,"oil, tomato, potato, banana, salt",2024-10-11
5268,"rice, butter, yogurt, orange, onion",2025-06-05
5269,"oil, milk, banana, cheese, butter, bread",2025-02-02
5270,"cheese, potato",2024-03-26
5271,"milk, orange, onion, chicken",2025-05-03
5272,"milk, butter",2025-10-24
5273,"salt, bread, milk, pasta, cheese",2024-07-26
5274,"chicken, cereal, rice",2024-07-17
5275,"milk, orange, yogurt, pasta",2025-03-07
5276,"bread, beef, pasta, eggs, banana",2024-01-29
5277,"butter, beef, banana, orange, chicken",2024-12-04
5278,"rice, salt",2025-10-23
5279,"cheese, chicken, eggs, butter, onion, banana",2024-05-25
5280,"tomato, eggs, pasta, oil, beef",2025-10-15
5281,"oil, potato, salt, cereal, apple, sugar",2024-10-03
5282,"beef, yogurt, banana, chicken",2025-11-05
5283,"tomato, sugar, beef",2024-07-14
5284,"pasta, apple, salt, oil",2024-05-15
5285,"apple, salt, cheese",2025-02-12
5286,"onion, salt, cheese, orange, yogurt, cereal",2025-03-14
5287,"oil, banana, eggs",2025-08-17
5288,"pasta, tomato, rice",2024-10-22
5289,"chicken, yogurt, eggs",2024-07-06
5290,"salt, onion, sugar, cheese, apple",2024-10-23
5291,"yogurt, potato, salt, apple, orange",2025-03-23
5292,"tomato, eggs, apple, potato",2025-07-02
5293,"yogurt, potato, bread, oil, milk, banana",2024-02-14
5294,"banana, pasta, oil",2025-11-20
5295,"milk, eggs, yogurt, rice, beef, pasta",2025-08-04
5296,"bread, tomato, pasta, sugar, beef",2025-12-14
5297,"orange, cereal",2024-01-28
5298,"cereal, banana",2024-10-19
5299,"salt, chicken, sugar",2025-01-03
5300,"cereal, milk, eggs, butter, orange",2025-01-16
5301,"pasta, milk, yogurt, salt, orange",2025-11-23
5302,"beef, rice",2025-12-27
5303,"tomato, apple, butter",2024-07-27
5304,"onion, salt, eggs, orange",2024-04-07
5305,"rice, eggs, butter",2024-04-22
5306,"pasta, yogurt, chicken",2024-03-17
5307,"milk, rice",2024-12-27
5308,"yogurt, sugar",2024-01-31
5309,"potato, bread, banana, yogurt",2024-09-09
5310,"oil, bread",2025-06-16
5311,"cheese, oil, cereal, salt",2025-07-11
5312,"tomato, milk, oil, bread",2024-03-03
5313,"pasta, chicken",2025-10-20
5314,"chicken, beef, cheese, orange, onion",2025-06-22
5315,"yogurt, butter",2025-07-15
5316,"butter, cheese, pasta, tomato, yogurt",2025-02-16
5317,"salt, tomato",2025-06-26
5318,"milk, salt",2024-05-12
5319,"milk, bread, cereal, apple",2024-04-03
5320,"milk, eggs, cereal, sugar, apple",2025-06-23
5321,"rice, bread, salt",2025-05-29
5322,"milk, salt, oil",2024-05-29
5323,"yogurt, tomato",2024-12-18
5324,"pasta, yogurt, tomato, rice, onion, sugar",2025-01-23
5325,"apple, pasta",2024-04-27
5326,"orange, rice, salt, yogurt",2025-10-13
5327,"beef, cheese, butter",2025-06-29
5328,"apple, bread, eggs, onion, beef, milk",2024-04-05
5329,"salt, yogurt, cereal, eggs",2025-11-20
5330,"sugar, onion, salt, potato, pasta, oil",2024-01-28
5331,"pasta, chicken, butter",2025-01-24
5332,"eggs, orange, bread, potato, beef, onion",2024-06-18
5333,"sugar, onion, pasta",2024-09-22
5334,"orange, oil",2024-02-12
5335,"bread, cereal",2025-01-23
5336,"eggs, beef, oil, banana, yogurt, potato",2024-03-17
5337,"bread, tomato, cereal",2025-12-13
5338,"tomato, bread, butter",2024-08-27
5339,"oil, butter",2025-12-31
5340,"orange, cheese, bread, milk",2024-06-01
5341,"orange, beef, salt, milk",2024-02-18
5342,"potato, oil, yogurt, beef, chicken",2025-08-31
5343,"apple, sugar, pasta",2024-12-24
5344,"milk, orange, banana, potato",2024-08-24
5345,"eggs, onion, cheese, butter",2025-10-25
5346,"tomato, yogurt, onion, pasta, apple, sugar",2025-09-09
5347,"tomato, potato, pasta, cheese, apple, banana",2025-07-27
5348,"tomato, sugar, beef, eggs",2024-03-04
5349,"oil, potato, apple",2025-10-16
5350,"oil, milk, salt, butter, cereal",2025-05-06
5351,"rice, chicken",2025-12-08
5352,"orange, eggs, salt, cheese",2025-12-17
5353,"milk, banana, tomato, yogurt, chicken",2025-06-13
5354,"apple, bread, rice",2024-04-18
5355,"pasta, apple, cereal, rice, salt, orange",2024-04-01
5356,"rice, cereal, milk, bread, pasta",2025-12-15
5357,"yogurt, sugar, bread, tomato",2024-12-02
5358,"yogurt, eggs, apple, oil, onion, potato",2024-10-15
5359,"orange, yogurt, salt",2024-03-30
5360,"milk, tomato",2025-08-18
5361,"beef, yogurt, eggs, orange",2024-02-14
5362,"chicken, milk, salt, butter, rice",2024-11-03
5363,"milk, yogurt, potato, orange",2024-12-10
5364,"apple, chicken, eggs",2025-07-21
5365,"potato, beef, salt",2025-02-16
5366,"cereal, cheese",2024-05-03
5367,"salt, milk, cheese",2025-10-19
5368,"onion, cheese, banana, butter, beef, rice",2024-03-26
5369,"cheese, rice",2025-04-17
5370,"pasta, milk, tomato, banana",2025-08-28
5371,"tomato, sugar, bread",2024-06-30
5372,"pasta, oil, banana, sugar",2024-04-09
5373,"milk, butter, potato, cheese, oil, bread",2024-06-25
5374,"eggs, orange, potato, sugar",2025-09-06
5375,"yogurt, bread, banana, oil",2025-05-05
5376,"rice, salt",2025-11-17
5377,"orange, chicken, cereal",2024-02-21
5378,"apple, onion, milk",2024-03-04
5379,"orange, pasta, milk, cheese",2024-01-09
5380,"potato, chicken",2024-07-26
5381,"oil, tomato, onion",2025-12-01
5382,"banana, butter, eggs, potato, rice",2025-10-28
5383,"pasta, eggs, orange, butter, onion, oil",2024-02-17
5384,"apple, onion, eggs",2024-06-14
5385,"milk, potato, beef, cheese, tomato, oil",2024-09-13
5386,"milk, cereal, chicken, beef",2024-10-23
5387,"beef, apple, butter",2025-09-01
5388,"pasta, cereal, banana, chicken",2024-07-15
5389,"cheese, bread, yogurt, sugar, apple, tomato",2025-04-02
5390,"onion, sugar, yogurt, chicken",2024-11-12
5391,"tomato, chicken",2024-03-11
5392,"rice, oil, cheese, bread",2025-06-24
5393,"oil, cereal, pasta, sugar, chicken",2024-02-27
5394,"orange, cereal, potato",2024-04-29
5395,"yogurt, beef",2025-01-24
5396,"tomato, orange",2024-12-31
5397,"potato, rice, tomato",2025-07-15
5398,"butter, chicken, rice, tomato, apple, milk",2025-09-08
5399,"bread, butter, oil",2024-12-19
5400,"potato, chicken, yogurt",2024-11-08
5401,"oil, yogurt, apple, onion, tomato, milk",2025-07-20
5402,"bread, cereal, milk, onion",2024-08-30
5403,"rice, potato, oil",2024-03-10
5404,"potato, milk, beef",2024-11-06
5405,"salt, sugar, bread, apple",2024-12-13
5406,"yogurt, chicken, banana, tomato",2025-11-10
5407,"pasta, orange",2024-05-18
5408,"sugar, tomato, beef, yogurt, cereal, butter",2025-02-05
5409,"tomato, oil",2025-07-11
5410,"beef, yogurt, orange",2025-11-17
5411,"potato, cheese, tomato, onion, milk, orange",2025-12-13
5412,"cheese, sugar, rice, oil, potato",2025-07-20
5413,"milk, apple, bread, salt",2024-02-17
5414,"onion, butter, banana, milk, cheese",2025-06-02
5415,"butter, bread, yogurt",2025-04-23
5416,"onion, potato, eggs",2024-09-24
5417,"pasta, milk, chicken, cereal, orange, butter",2025-04-19
5418,"apple, beef, butter, tomato",2025-07-08
5419,"cheese, butter, cereal, potato, bread, sugar",2024-09-08
5420,"cereal, yogurt",2025-01-30
5421,"onion, oil, pasta, chicken",2024-02-19
5422,"tomato, oil",2025-12-23
5423,"apple, eggs",2025-11-15
5424,"potato, tomato, chicken, orange",2025-03-26
5425,"orange, milk, salt, rice, tomato",2024-03-24
5426,"cheese, bread, oil, beef",2025-02-14
5427,"cereal, orange, banana",2025-07-14
5428,"onion, cereal, beef",2024-06-18
5429,"yogurt, milk, apple, oil, rice, butter",2024-10-13
5430,"banana, eggs, sugar, yogurt",2024-01-10
5431,"cereal, yogurt, apple, bread, oil, chicken",2025-07-31
5432,"chicken, sugar, orange, cereal",2025-04-03
5433,"cheese, oil, tomato, eggs, orange, rice",2024-08-11
5434,"orange, apple, banana",2024-06-06
5435,"cereal, salt, banana",2025-10-24
5436,"cereal, rice",2024-11-13
5437,"butter, bread",2024-07-17
5438,"bread, salt, eggs, chicken",2025-11-07
5439,"salt, bread, apple, oil, cereal",2024-03-21
5440,"eggs, potato, oil, onion",2025-05-03
5441,"rice, milk, sugar, cereal, onion",2025-06-21
5442,"milk, tomato",2024-04-27
5443,"salt, potato, bread",2024-07-18
5444,"onion, pasta, butter, cheese, yogurt",2024-12-17
5445,"orange, potato, tomato, rice, banana, cereal",2024-03-17
5446,"onion, butter, bread, beef, chicken, tomato",2025-08-01
5447,"potato, eggs",2024-01-03
5448,"chicken, bread, butter",2025-12-08
5449,"chicken, eggs",2025-04-28
5450,"rice, potato, oil",2024-05-10
5451,"apple, banana, sugar, onion, bread",2025-07-29
5452,"cheese, beef, apple, chicken",2024-07-02
5453,"cheese, eggs, oil, apple, rice",2025-09-08
5454,"bread, cereal",2024-06-16
5455,"beef, apple",2025-12-02
5456,"rice, sugar, chicken, oil, salt, cheese",2024-01-30
5457,"milk, eggs",2024-05-29
5458,"apple, yogurt, pasta, bread",2025-05-07
5459,"cereal, tomato, butter, potato, oil, rice",2025-08-08
5460,"pasta, oil, chicken, orange, apple",2024-01-23
5461,"apple, yogurt",2024-09-08
5462,"potato, bread, yogurt, orange, tomato",2025-12-22
5463,"apple, beef, sugar, cereal, oil, potato",2024-12-28
5464,"tomato, apple, milk, eggs, cereal",2024-12-06
5465,"banana, orange, potato, chicken, cereal, eggs",2024-07-27
5466,"chicken, banana, rice, salt, oil, butter",2025-04-19
5467,"butter, orange, cereal, onion",2025-10-20
5468,"cereal, cheese, yogurt",2025-12-27
5469,"potato, salt, banana",2024-05-31
5470,"oil, beef, chicken, sugar",2025-11-09
5471,"oil, rice, milk, beef, sugar",2024-07-06
5472,"bread, eggs, tomato",2025-04-26
5473,"oil, orange, onion, bread, yogurt, chicken",2025-09-10
5474,"banana, orange, cheese, onion, apple, milk",2024-12-06
5475,"cheese, bread, pasta, salt",2024-01-07
5476,"banana, onion, oil",2024-04-21
5477,"tomato, beef, bread, cheese",2024-05-06
5478,"salt, banana, onion, apple, orange, chicken",2024-08-04
5479,"pasta, banana, eggs",2024-12-20
5480,"eggs, oil",2025-02-07
5481,"onion, potato",2024-07-20
5482,"rice, cereal",2024-10-20
5483,"banana, oil, orange, eggs",2024-10-03
5484,"banana, beef",2025-01-20
5485,"sugar, milk",2024-01-20
5486,"salt, onion, cheese, rice, pasta, apple",2025-02-13
5487,"eggs, beef",2024-12-27
5488,"tomato, pasta, salt, onion",2025-11-23
5489,"orange, pasta, tomato, cheese, milk",2025-10-21
5490,"salt, oil, banana, eggs, butter",2024-04-10
5491,"banana, oil",2024-10-11
5492,"onion, sugar",2025-01-04
5493,"rice, salt, apple, oil, milk",2024-12-13
5494,"rice, oil",2025-03-28
5495,"eggs, chicken, yogurt, apple",2024-11-08
5496,"pasta, eggs, rice",2024-08-12
5497,"potato, oil, cheese",2024-08-13
5498,"yogurt, salt, orange",2024-08-30
5499,"sugar, potato, cheese, apple, banana, eggs",2024-10-04
5500,"orange, salt, cheese, potato, eggs, beef",2025-06-06
5501,"beef, pasta, butter",2025-06-03
5502,"beef, eggs, milk, potato, cereal",2024-11-11
5503,"salt, banana",2024-07-13
5504,"oil, sugar, beef, tomato, cereal",2025-01-16
5505,"tomato, orange",2025-04-10
5506,"onion, yogurt, tomato, bread, banana, beef",2024-01-09
5507,"bread, eggs, chicken, cheese",2025-04-03
5508,"butter, orange, salt, potato, oil",2024-10-10
5509,"orange, apple",2025-05-10
5510,"chicken, bread, oil, tomato, salt",2024-04-13
5511,"salt, bread, chicken, butter, onion, oil",2025-08-29
5512,"onion, sugar, milk, salt, butter, cheese",2025-08-15
5513,"tomato, orange, beef, pasta, apple",2024-03-27
5514,"apple, rice, cheese, onion, pasta",2024-02-27
5515,"banana, pasta, cheese, oil, onion, salt",2025-12-02
5516,"potato, chicken",2025-05-25
5517,"tomato, beef, potato",2024-06-18
5518,"cereal, beef, yogurt, oil, milk, apple",2024-04-26
5519,"cereal, tomato, chicken, potato",2024-06-02
5520,"tomato, sugar, potato, beef, salt",2024-05-23
5521,"tomato, onion, apple",2025-10-20
5522,"salt, beef, banana, yogurt, apple",2024-11-17
5523,"chicken, bread, salt",2025-08-20
5524,"potato, salt, yogurt",2025-05-04
5525,"tomato, chicken",2024-04-14
5526,"milk, sugar",2025-09-21
5527,"eggs, tomato, salt, butter, cereal",2024-05-30
5528,"tomato, cheese, pasta, salt",2025-07-16
5529,"yogurt, orange",2024-02-07
5530,"cereal, salt, pasta, sugar, rice, banana",2025-12-21
5531,"cheese, eggs, rice, yogurt",2025-10-21
5532,"potato, salt, milk",2025-08-20
5533,"onion, apple, beef, butter, cheese",2025-09-02
5534,"salt, cereal, banana, pasta, potato, tomato",2024-08-21
5535,"eggs, cheese, butter, tomato, banana",2024-07-01
5536,"chicken, orange",2025-08-24
5537,"yogurt, milk, rice",2024-05-19
5538,"potato, cereal",2024-08-24
5539,"milk, tomato, onion, butter, chicken",2025-11-29
5540,"salt, eggs, tomato, chicken",2024-01-14
5541,"chicken, milk, beef, yogurt",2025-01-14
5542,"banana, yogurt",2025-06-04
5543,"tomato, sugar, cheese, cereal, potato, milk",2025-03-10
5544,"oil, onion, yogurt",2025-08-28
5545,"potato, tomato",2025-07-13
5546,"apple, yogurt, potato, bread, onion, beef",2025-07-22
5547,"cheese, pasta, cereal, butter, tomato, eggs",2024-05-19
5548,"apple, rice, salt, pasta",2025-03-11
5549,"eggs, pasta",2024-08-13
5550,"bread, butter, yogurt, chicken, oil, banana",2025-03-27
5551,"tomato, eggs",2024-02-24
5552,"oil, chicken, pasta, onion, rice",2025-09-27
5553,"sugar, pasta",2025-06-22
5554,"tomato, eggs, rice, pasta",2025-03-23
5555,"oil, eggs, potato",2025-08-19
5556,"butter, apple",2024-09-08
5557,"tomato, pasta, potato, milk, oil",2025-06-16
5558,"banana, chicken, milk",2025-07-23
5559,"eggs, cheese, oil",2025-10-16
5560,"yogurt, milk",2024-02-22
5561,"rice, butter, bread, potato, sugar",2025-04-17
5562,"yogurt, eggs, bread, pasta",2024-02-06
5563,"oil, yogurt, orange, eggs, onion, bread",2025-11-30
5564,"potato, salt, beef, sugar, apple",2025-09-05
5565,"yogurt, orange, butter",2025-10-23
5566,"bread, beef",2025-04-29
5567,"tomato, milk, rice, onion, apple",2024-05-11
5568,"tomato, orange, chicken, sugar",2024-05-07
5569,"potato, oil, apple, chicken, butter, orange",2025-09-07
5570,"onion, eggs, cheese",2024-03-03
5571,"oil, salt, rice, sugar, yogurt",2024-04-01
5572,"pasta, sugar, potato",2024-09-10
5573,"bread, beef, chicken, oil, cereal, rice",2024-09-24
5574,"apple, cereal, cheese, rice, salt, beef",2024-10-31
5575,"apple, orange, potato",2024-02-12
5576,"milk, rice, potato, sugar, oil, eggs",2024-01-17
5577,"yogurt, cheese, salt, apple, beef, oil",2025-08-18
5578,"cheese, apple",2025-04-11
5579,"butter, cereal, milk",2025-09-02
5580,"oil, potato, sugar, orange",2025-07-17
5581,"eggs, banana, milk, bread, oil",2024-10-13
5582,"orange, rice, beef, potato",2025-07-10
5583,"tomato, milk, rice, potato, beef, pasta",2024-09-25
5584,"rice, pasta, cereal",2025-06-20
5585,"onion, cereal",2024-05-14
5586,"eggs, sugar, cereal, chicken, milk",2025-09-01
5587,"orange, cheese, beef, apple, pasta, tomato",2024-07-05
5588,"salt, bread, onion, chicken",2024-03-23
5589,"tomato, oil, beef, rice, yogurt",2024-04-30
5590,"butter, apple, milk, onion, chicken",2024-01-06
5591,"yogurt, orange, onion, eggs, pasta",2025-03-25
5592,"chicken, milk, salt, orange",2025-06-21
5593,"banana, bread, rice, pasta, oil",2024-06-16
5594,"milk, onion, tomato",2025-01-16
5595,"tomato, butter",2024-06-03
5596,"chicken, yogurt",2025-10-02
5597,"sugar, beef, apple, butter, pasta",2024-12-25
5598,"orange, oil, banana",2024-05-02
5599,"cheese, bread, apple, milk, onion, banana",2024-12-22
5600,"salt, butter, cheese, sugar, eggs, bread",2024-12-14
5601,"apple, onion, oil, cheese",2024-01-01
5602,"rice, pasta, banana, yogurt",2024-02-01
5603,"salt, yogurt, apple, orange, rice, pasta",2025-03-31
5604,"yogurt, butter, eggs, apple",2024-06-27
5605,"butter, milk, potato",2024-01-15
5606,"salt, banana, apple",2024-02-16
5607,"eggs, banana, cheese",2024-07-01
5608,"potato, onion, eggs, chicken, oil, yogurt",2024-12-01
5609,"cheese, potato",2025-07-25
5610,"rice, cereal, sugar, pasta",2024-09-17
5611,"rice, milk, orange, chicken",2024-07-28
5612,"cheese, orange, banana, potato, chicken, sugar",2025-01-14
5613,"bread, milk, onion, salt, beef, cheese",2024-10-25
5614,"orange, beef, banana, potato, tomato, chicken",2024-11-10
5615,"orange, rice, apple",2025-05-29
5616,"milk, banana, cereal, orange",2024-08-25
5617,"butter, oil",2024-05-03
5618,"salt, orange, apple, eggs",2025-04-13
5619,"potato, salt, eggs, bread, chicken, oil",2024-03-17
5620,"chicken, cheese, onion, rice, apple, orange",2024-07-22
5621,"cheese, banana, eggs, apple",2024-08-18
5622,"tomato, bread, potato, beef",2024-10-11
5623,"chicken, butter, potato, pasta, rice, milk",2024-02-05
5624,"beef, cheese, sugar",2024-09-09
5625,"rice, orange, eggs, chicken",2025-05-18
5626,"oil, butter, cheese, milk, orange",2025-06-24
5627,"oil, pasta, cheese, potato",2024-05-07
5628,"salt, onion, chicken, beef",2025-02-21
5629,"orange, rice, cheese, salt, oil",2025-10-08
5630,"salt, onion, pasta, milk, yogurt",2024-04-02
5631,"sugar, chicken, milk",2026-01-01
5632,"oil, beef, salt, orange, tomato",2025-07-20
5633,"apple, yogurt, onion, bread, chicken",2024-11-16
5634,"beef, milk, potato, yogurt, oil",2024-11-25
5635,"onion, chicken, eggs, bread, pasta",2024-06-08
5636,"rice, chicken, beef, cheese, pasta",2024-10-12
5637,"chicken, butter, cheese, milk",2024-12-23
5638,"cheese, potato, milk, eggs, bread",2025-02-02
5639,"pasta, yogurt, onion, cheese, beef",2025-11-29
5640,"onion, milk, apple, cheese, oil, butter",2025-06-16
5641,"cereal, apple, oil",2024-01-06
5642,"banana, sugar, onion, potato, orange",2025-08-19
5643,"oil, orange, chicken, cereal, milk, beef",2025-11-25
5644,"pasta, beef, tomato",2025-09-30
5645,"salt, banana, cheese, milk, rice, oil",2025-07-09
5646,"apple, butter",2025-03-03
5647,"cereal, oil, banana",2024-06-04
5648,"beef, butter",2025-01-10
5649,"salt, tomato, pasta, banana, rice",2024-01-21
5650,"orange, oil, milk, bread, sugar",2024-06-30
5651,"beef, cheese",2025-02-16
5652,"bread, onion, beef, pasta",2024-05-11
5653,"cheese, cereal, eggs, apple, potato",2025-08-20
5654,"rice, salt",2025-02-24
5655,"onion, milk, potato, cereal",2025-01-06
5656,"cheese, butter, milk, chicken, orange",2024-04-18
5657,"apple, beef, cereal, eggs, banana",2024-11-16
5658,"orange, cheese, oil, salt, chicken, tomato",2025-09-28
5659,"salt, onion, beef",2024-03-14
5660,"salt, onion, apple, beef, rice",2024-07-01
5661,"oil, salt, pasta",2024-10-05
5662,"cereal, beef",2025-01-03
5663,"potato, yogurt, eggs",2024-11-04
5664,"apple, cheese, oil, bread, chicken",2025-02-16
5665,"eggs, rice, cheese, tomato",2025-03-26
5666,"tomato, butter, chicken, milk, potato, yogurt",2024-10-06
5667,"chicken, yogurt, potato, banana, butter, eggs",2024-06-12
5668,"yogurt, beef, butter, sugar",2025-02-04
5669,"apple, orange, chicken, yogurt",2024-07-29
5670,"orange, rice",2024-07-10
5671,"banana, tomato, potato",2025-01-27
5672,"salt, bread, milk, tomato",2025-06-18
5673,"oil, cheese",2024-08-01
5674,"yogurt, tomato, chicken",2024-09-21
5675,"onion, sugar, oil, cheese, apple",2024-10-16
5676,"oil, butter, cereal",2025-10-16
5677,"butter, apple, orange, onion, beef, bread",2025-02-20
5678,"orange, chicken, oil, apple, pasta, cereal",2025-06-17
5679,"sugar, apple, butter",2024-06-10
5680,"eggs, orange",2025-06-28
5681,"beef, tomato, potato, sugar, milk",2024-01-18
5682,"orange, tomato, eggs",2024-11-26
5683,"bread, rice, cereal, potato",2025-05-19
5684,"apple, onion, butter, eggs, oil",2024-09-25
5685,"apple, eggs, cereal, pasta, oil",2024-02-29
5686,"onion, banana, orange",2024-09-21
5687,"eggs, yogurt, cereal",2024-05-16
5688,"pasta, eggs",2025-06-26
5689,"potato, oil",2024-10-05
5690,"potato, apple, cheese, orange, onion",2024-07-27
5691,"butter, oil, salt, onion",2024-09-24
5692,"orange, eggs, salt, butter",2025-11-17
5693,"onion, apple, butter, chicken, tomato, milk",2025-05-15
5694,"yogurt, rice",2025-12-22
5695,"cheese, tomato, milk, banana",2024-09-29
5696,"salt, potato, yogurt, sugar, bread",2024-02-04
5697,"milk, eggs",2025-05-26
5698,"butter, cereal, salt, sugar",2025-09-27
5699,"banana, butter, sugar, onion, cereal",2025-04-23
5700,"salt, milk, apple, pasta",2025-05-25
5701,"potato, beef, yogurt",2025-02-17
5702,"cereal, milk",2024-08-04
5703,"cereal, butter, rice, pasta",2025-08-28
5704,"chicken, milk, cheese",2024-09-29
5705,"eggs, bread, potato, onion",2024-09-06
5706,"onion, bread",2024-09-23
5707,"potato, cheese, orange, onion, yogurt, oil",2024-11-29
5708,"rice, apple",2024-02-18
5709,"apple, butter, salt, yogurt, tomato, pasta",2024-07-07
5710,"pasta, banana, eggs, oil",2024-10-08
5711,"potato, rice, chicken, beef, onion, banana",2025-02-02
5712,"milk, rice",2025-05-10
5713,"apple, tomato, beef, pasta, rice",2024-01-20
5714,"rice, oil, bread, beef",2024-11-15
5715,"cereal, pasta, onion, eggs, rice, banana",2025-02-05
5716,"tomato, orange",2025-08-02
5717,"sugar, oil, tomato",2024-04-22
5718,"yogurt, pasta, orange",2024-07-24
5719,"orange, cereal, bread, tomato, butter, salt",2025-07-02
5720,"butter, rice, orange",2025-02-08
5721,"rice, salt, milk",2025-06-12
5722,"salt, yogurt, butter, rice",2025-02-05
5723,"apple, potato",2024-06-02
5724,"apple, tomato",2024-09-25
5725,"banana, pasta, salt, orange, cereal",2025-01-02
5726,"pasta, onion, tomato, banana, butter",2024-09-23
5727,"bread, potato",2025-11-20
5728,"pasta, potato, apple",2025-05-30
5729,"banana, eggs, onion, rice, milk, potato",2024-12-14
5730,"orange, eggs, bread, potato",2025-02-07
5731,"orange, yogurt",2025-04-01
5732,"oil, salt, rice, beef, cheese",2024-06-19
5733,"butter, pasta",2024-03-27
5734,"eggs, potato",2024-01-19
5735,"orange, eggs, oil, cheese",2025-01-07
5736,"eggs, butter, yogurt, oil, milk, cheese",2025-12-30
5737,"banana, orange, beef, onion",2025-11-09
5738,"cheese, milk, orange",2026-01-01
5739,"potato, cereal, oil, apple, butter, beef",2025-01-21
5740,"bread, rice",2024-01-25
5741,"bread, salt",2025-01-18
5742,"yogurt, chicken, apple, potato, oil",2024-12-04
5743,"chicken, rice, onion, oil",2025-12-03
5744,"cereal, banana, tomato, oil, eggs, pasta",2024-10-19
5745,"cereal, potato, onion, salt, oil",2024-06-02
5746,"orange, milk, oil, yogurt, tomato",2025-01-31
5747,"chicken, pasta, oil, bread, milk, salt",2025-09-11
5748,"rice, tomato",2025-07-02
5749,"oil, sugar, eggs, butter, bread",2024-03-15
5750,"rice, tomato",2025-06-10
5751,"apple, cheese, orange",2024-05-04
5752,"pasta, oil, banana",2025-12-12
5753,"cheese, tomato, butter, sugar, eggs",2025-12-04
5754,"cheese, onion, tomato, salt",2024-05-27
5755,"cheese, potato, apple, beef, onion",2025-11-22
5756,"orange, rice, beef, pasta, salt, sugar",2024-08-07
5757,"cereal, eggs, tomato",2025-10-01
5758,"yogurt, orange, rice, butter",2025-10-11
5759,"sugar, rice, chicken, bread, potato, eggs",2025-11-18
5760,"banana, onion, bread, cereal, tomato",2024-11-14
5761,"pasta, bread, tomato",2024-10-22
5762,"cereal, butter, orange, cheese, onion",2024-07-30
5763,"potato, eggs",2024-10-20
5764,"milk, bread",2025-10-12
5765,"chicken, sugar, yogurt, cheese, bread",2025-08-08
5766,"bread, apple, onion, sugar",2024-08-12
5767,"salt, chicken",2025-12-14
5768,"chicken, orange, banana, pasta, tomato",2025-07-11
5769,"pasta, tomato, potato, oil",2025-07-03
5770,"butter, chicken, cheese, sugar, eggs, cereal",2025-05-28
5771,"salt, butter, cheese, potato",2024-08-09
5772,"orange, potato, oil, pasta",2024-10-02
5773,"eggs, rice, cheese, sugar, milk",2025-06-23
5774,"cheese, chicken, rice, eggs, beef, apple",2025-10-13
5775,"bread, butter, sugar, yogurt, cheese, eggs",2024-08-12
5776,"onion, salt",2024-02-09
5777,"banana, oil, sugar",2024-06-08
5778,"beef, salt",2025-10-02
5779,"milk, yogurt, oil, apple, beef, bread",2025-09-12
5780,"onion, potato",2024-11-05
5781,"potato, milk, orange, tomato, bread, cheese",2024-09-18
5782,"pasta, salt, cheese, bread",2025-09-24
5783,"salt, butter, eggs, apple",2025-03-13
5784,"apple, banana",2024-12-14
5785,"cheese, yogurt",2024-10-13
5786,"chicken, sugar, potato, cereal",2024-08-22
5787,"eggs, banana, cereal, tomato, sugar",2024-01-29
5788,"eggs, apple, onion, banana",2025-04-10
5789,"rice, pasta, eggs, salt, chicken, sugar",2025-04-15
5790,"sugar, salt, rice, cheese, yogurt",2025-06-06
5791,"butter, chicken, yogurt",2024-01-27
5792,"rice, cheese",2025-09-26
5793,"beef, bread, yogurt",2024-12-08
5794,"milk, apple, pasta",2025-12-28
5795,"orange, cheese, onion, tomato",2025-12-06
5796,"tomato, cereal, apple, butter",2024-04-01
5797,"salt, oil, rice",2024-01-15
5798,"potato, banana, tomato",2024-06-24
5799,"pasta, orange, banana",2025-07-03
5800,"rice, cheese",2025-07-08
5801,"salt, rice, tomato, potato, oil",2024-06-06
5802,"potato, sugar",2025-08-22
5803,"salt, oil, eggs, chicken, orange, bread",2024-10-10
5804,"cereal, potato, tomato, banana, sugar",2025-01-18
5805,"tomato, beef, rice, bread, onion, butter",2025-09-12
5806,"milk, butter, oil, chicken, yogurt, bread",2025-03-20
5807,"yogurt, chicken, tomato",2025-04-29
5808,"salt, chicken, pasta",2025-10-14
5809,"rice, tomato, milk, sugar, potato",2025-11-26
5810,"bread, apple, butter, chicken",2024-06-17
5811,"potato, yogurt, apple, banana, rice, orange",2025-02-01
5812,"eggs, bread, yogurt, chicken",2025-07-01
5813,"eggs, banana, yogurt, potato, cheese",2025-05-13
5814,"rice, cheese",2024-03-20
5815,"sugar, pasta, onion, potato",2025-09-18
5816,"butter, cheese, orange, oil, sugar",2024-09-07
5817,"sugar, onion, cereal",2024-08-30
5818,"yogurt, oil, banana, butter, onion",2024-07-24
5819,"chicken, oil, cereal, potato, sugar",2024-06-18
5820,"yogurt, tomato, orange",2024-02-22
5821,"rice, butter, eggs, beef, onion, chicken",2025-05-19
5822,"rice, oil",2024-11-23
5823,"bread, banana, chicken",2025-06-11
5824,"milk, beef, potato, salt, cereal, bread",2025-03-02
5825,"chicken, rice, milk, butter",2025-09-26
5826,"salt, banana, eggs, yogurt",2024-11-29
5827,"pasta, rice",2024-10-15
5828,"apple, eggs, onion, potato",2024-06-24
5829,"orange, butter, onion",2024-01-26
5830,"salt, butter",2024-08-02
5831,"potato, eggs, cereal, pasta, milk",2025-08-25
5832,"banana, onion",2024-03-06
5833,"rice, apple",2025-11-13
5834,"sugar, butter, orange, apple, bread",2025-11-27
5835,"tomato, pasta, yogurt, orange",2025-02-23
5836,"cheese, chicken, butter, bread, onion, salt",2024-08-18
5837,"eggs, rice, milk",2025-05-13
5838,"butter, milk, tomato, cheese",2024-10-21
5839,"cereal, yogurt, pasta",2025-06-06
5840,"beef, rice, potato, butter, salt, eggs",2025-09-05
5841,"orange, eggs, apple",2025-05-08
5842,"chicken, milk, butter, beef, cereal",2025-11-13
5843,"chicken, rice, cereal, apple, milk",2025-12-30
5844,"onion, sugar, cheese",2025-07-22
5845,"butter, cheese, yogurt",2025-08-14
5846,"potato, oil, milk, butter",2024-05-31
5847,"tomato, pasta, rice, bread, yogurt",2025-09-10
5848,"eggs, beef, cheese, banana",2025-01-29
5849,"orange, sugar",2024-01-26
5850,"potato, banana",2025-11-27
5851,"apple, banana",2025-05-22
5852,"sugar, pasta",2024-04-15
5853,"cheese, eggs, pasta, oil, orange",2024-08-18
5854,"milk, onion, salt, apple, potato",2025-10-31
5855,"bread, oil, cheese, sugar, chicken, beef",2024-11-15
5856,"apple, tomato, eggs, cheese",2025-07-20
5857,"tomato, rice, potato",2025-12-28
5858,"banana, apple, chicken, yogurt, beef, salt",2025-12-06
5859,"onion, eggs, salt",2025-08-14
5860,"pasta, yogurt",2025-03-14
5861,"chicken, oil, bread",2025-04-04
5862,"bread, pasta, onion, milk, orange",2025-03-18
5863,"eggs, pasta",2024-07-11
5864,"orange, oil",2025-04-18
5865,"salt, onion, yogurt, banana, cereal",2025-05-09
5866,"cheese, butter, oil, beef, potato",2024-04-12
5867,"salt, chicken, bread",2025-12-20
5868,"orange, cheese, cereal, bread",2025-09-27
5869,"orange, milk, apple, salt, cheese",2025-03-05
5870,"yogurt, apple",2025-07-18
5871,"beef, pasta, cereal, salt, onion",2025-01-14
5872,"banana, butter, milk, sugar, orange",2025-04-23
5873,"eggs, apple, yogurt, milk, orange",2025-10-25
5874,"bread, chicken, rice, banana, milk",2025-05-24
5875,"milk, salt, potato, banana",2025-12-19
5876,"butter, yogurt, pasta, potato, milk, onion",2024-10-09
5877,"salt, milk, rice, sugar, pasta, orange",2025-05-09
5878,"banana, orange, apple, pasta, rice",2025-10-04
5879,"eggs, potato, yogurt, cheese, rice",2024-03-11
5880,"cheese, apple, chicken, beef, yogurt",2024-04-25
5881,"banana, apple, salt",2025-07-21
5882,"apple, tomato, rice, eggs, onion, orange",2024-12-21
5883,"beef, salt, apple, rice, bread, chicken",2025-02-11
5884,"salt, milk, sugar, cheese",2025-11-29
5885,"cheese, yogurt, salt, butter, milk",2025-06-30
5886,"rice, banana, sugar, eggs",2024-03-03
5887,"yogurt, chicken, rice, milk, oil",2025-11-10
5888,"potato, butter, cereal, yogurt, banana, sugar",2025-09-01
5889,"beef, eggs, milk, cereal, rice",2024-07-01
5890,"pasta, cereal, potato, orange, tomato, butter",2024-10-14
5891,"salt, tomato",2024-04-19
5892,"pasta, bread",2025-03-04
5893,"rice, apple, yogurt, banana, chicken, pasta",2025-02-24
5894,"yogurt, onion, bread, milk",2025-09-18
5895,"banana, oil, yogurt, tomato",2025-12-31
5896,"sugar, chicken, salt, onion, potato",2025-06-14
5897,"banana, yogurt, eggs",2025-05-02
5898,"banana, bread, pasta",2025-11-20
5899,"orange, beef, tomato, cheese, salt",2025-11-14
5900,"onion, rice, yogurt, oil",2025-12-17
5901,"butter, bread, cereal, banana",2025-12-16
5902,"rice, milk, banana, sugar",2024-04-19
5903,"onion, oil, eggs, chicken",2025-07-01
5904,"cereal, onion, rice, apple, pasta",2025-10-03
5905,"cereal, potato, oil, milk, beef, yogurt",2024-10-27
5906,"pasta, tomato, banana, sugar, eggs",2024-03-10
5907,"potato, onion, tomato",2024-09-07
5908,"oil, bread, banana, salt",2025-12-04
5909,"orange, eggs",2024-09-08
5910,"cheese, onion, apple, sugar, cereal",2024-05-12
5911,"milk, eggs, cereal",2024-09-20
5912,"bread, cereal, apple, orange, oil, yogurt",2025-07-21
5913,"sugar, pasta",2024-12-08
5914,"tomato, potato, butter, banana",2025-05-27
5915,"banana, milk, oil, bread, apple, pasta",2024-05-18
5916,"sugar, bread",2024-03-02
5917,"beef, sugar, onion, rice",2024-07-01
5918,"sugar, banana, pasta",2025-11-22
5919,"yogurt, tomato, potato, sugar",2025-05-22
5920,"cheese, oil",2024-10-28
5921,"sugar, milk, salt",2024-10-11
5922,"milk, tomato, cereal, potato, onion, beef",2025-07-03
5923,"beef, milk, cereal, sugar",2025-02-13
5924,"salt, beef, potato, cereal, sugar",2025-05-31
5925,"chicken, rice, onion, butter, bread",2025-02-19
5926,"bread, orange, onion, salt",2025-05-14
5927,"pasta, orange, oil",2024-05-30
5928,"tomato, eggs",2025-12-25
5929,"cheese, apple, salt",2025-07-16
5930,"eggs, bread, rice, cheese",2025-09-06
5931,"onion, banana",2024-03-03
5932,"cereal, onion, pasta, milk, potato, salt",2024-01-01
5933,"milk, oil, pasta, butter, cereal, sugar",2025-07-07
5934,"yogurt, banana",2025-05-22
5935,"onion, cereal, banana, oil, bread",2025-11-01
5936,"potato, rice",2025-11-05
5937,"pasta, yogurt, sugar, milk, chicken",2025-02-11
5938,"beef, onion, pasta",2025-04-24
5939,"pasta, cheese, beef, potato, apple",2024-10-24
5940,"onion, butter, salt, tomato, pasta",2024-06-23
5941,"tomato, pasta, cheese, butter, salt, cereal",2025-09-10
5942,"onion, chicken, pasta, butter",2025-07-11
5943,"eggs, salt, cheese, tomato, sugar, milk",2024-11-04
5944,"onion, orange",2024-08-03
5945,"orange, onion, beef, oil, tomato, chicken",2025-07-03
5946,"beef, cereal, pasta",2024-09-03
5947,"oil, apple",2025-03-29
5948,"salt, orange, apple",2024-08-09
5949,"potato, bread, cereal, cheese, orange, pasta",2024-03-27
5950,"beef, tomato, butter, sugar, cereal, cheese",2025-04-26
5951,"yogurt, tomato, sugar, cheese, orange",2025-05-10
5952,"orange, butter, salt, chicken",2024-07-18
5953,"chicken, rice, tomato",2025-02-21
5954,"pasta, onion, eggs, oil, salt, rice",2024-01-31
5955,"sugar, butter, salt, bread, tomato, eggs",2025-10-07
5956,"salt, rice, butter",2024-01-07
5957,"cheese, beef, orange, eggs",2025-08-21
5958,"pasta, chicken, cheese, yogurt, bread, banana",2024-03-12
5959,"rice, beef",2024-06-08
5960,"cheese, bread, potato, cereal",2024-04-17
5961,"cheese, yogurt",2024-04-28
5962,"rice, yogurt, oil",2025-12-26
5963,"oil, yogurt, cheese, butter",2025-06-24
5964,"salt, cheese",2024-01-27
5965,"milk, sugar",2025-01-14
5966,"cereal, orange, beef, oil, bread",2025-04-08
5967,"beef, chicken, rice, tomato",2024-09-23
5968,"chicken, apple",2024-12-29
5969,"onion, eggs, tomato, milk, butter, salt",2024-01-23
5970,"oil, salt, orange",2024-08-03
5971,"apple, banana, salt",2025-05-01
5972,"yogurt, oil",2025-05-07
5973,"apple, yogurt, orange",2025-12-12
5974,"oil, cereal, chicken",2024-07-30
5975,"beef, cereal, banana, yogurt, orange, bread",2025-05-17
5976,"banana, chicken",2025-11-28
5977,"oil, eggs, banana, cereal",2025-04-12
5978,"tomato, banana, pasta",2024-04-26
5979,"pasta, cereal, orange",2024-08-13
5980,"potato, oil, sugar, yogurt, beef",2024-09-19
5981,"butter, yogurt, orange, oil, eggs",2024-05-15
5982,"yogurt, onion",2025-02-27
5983,"bread, yogurt, pasta, eggs, cheese",2025-05-26
5984,"butter, eggs, tomato",2024-05-05
5985,"cereal, apple",2024-12-09
5986,"apple, banana, cheese, yogurt, pasta",2024-05-10
5987,"potato, tomato, onion, banana, eggs",2024-10-24
5988,"banana, apple",2025-05-12
5989,"cereal, oil, cheese, potato",2025-12-10
5990,"bread, sugar, cereal, pasta",2024-09-13
5991,"eggs, salt, sugar",2025-02-23
5992,"chicken, eggs, potato, rice, sugar, pasta",2025-01-01
5993,"butter, beef, apple",2025-02-23
5994,"milk, rice, cheese, onion, chicken, potato",2025-10-22
5995,"banana, eggs, milk",2025-05-06
5996,"beef, bread",2024-02-24
5997,"eggs, rice, salt",2025-07-21
5998,"onion, bread, milk",2024-06-15
5999,"banana, onion, apple, pasta, sugar, milk",2024-06-07
6000,"orange, beef, oil, cheese, banana, chicken",2025-02-26
6001,"yogurt, potato, onion, rice, cheese",2024-09-07
6002,"cheese, beef, potato, banana, bread",2025-12-30
6003,"cereal, eggs, potato, sugar, apple, rice",2024-08-18
6004,"butter, sugar",2025-03-05
6005,"sugar, salt, yogurt, butter",2025-01-31
6006,"salt, cheese, butter",2024-03-27
6007,"salt, tomato, beef",2024-10-28
6008,"apple, yogurt, rice, cheese",2024-04-02
6009,"sugar, apple, oil, bread",2025-02-14
6010,"yogurt, potato, bread",2024-10-14
6011,"cheese, eggs, beef",2025-01-16
6012,"potato, chicken, oil",2025-01-16
6013,"cereal, banana, chicken, yogurt, cheese, pasta",2024-03-14
6014,"oil, potato, cheese, sugar, onion, yogurt",2025-04-26
6015,"cheese, eggs",2024-09-30
6016,"cereal, pasta, onion, banana, orange",2025-04-08
6017,"onion, bread",2025-08-17
6018,"chicken, milk, sugar, rice, eggs, banana",2025-03-15
6019,"orange, onion",2025-08-03
6020,"oil, eggs, chicken",2024-12-19
6021,"butter, orange",2024-10-08
6022,"chicken, beef, bread",2024-11-03
6023,"banana, cereal, potato, salt, orange",2024-05-31
6024,"banana, sugar, apple, potato",2025-07-20
6025,"eggs, banana, beef",2025-08-11
6026,"rice, cheese, yogurt, cereal, sugar",2025-08-23
6027,"onion, butter, sugar, bread, beef, tomato",2024-04-12
6028,"oil, cereal",2024-09-04
6029,"sugar, apple, butter, oil, salt, cheese",2025-09-24
6030,"cereal, salt, milk, eggs, butter, bread",2025-12-22
6031,"orange, beef, oil, salt, cereal",2025-11-04
6032,"milk, beef, orange",2025-01-30
6033,"sugar, chicken, orange, butter",2024-07-27
6034,"butter, rice, cheese, banana, chicken",2024-01-01
6035,"milk, cheese, eggs, cereal",2025-06-15
6036,"sugar, apple",2025-08-24
6037,"potato, butter, banana",2025-06-30
6038,"potato, onion, butter, bread, yogurt",2026-01-01
6039,"sugar, cheese, pasta, onion, oil, beef",2024-06-06
6040,"eggs, rice, salt, potato",2024-01-23
6041,"milk, butter, eggs, cheese, rice",2024-09-02
6042,"butter, orange, oil",2024-03-01
6043,"butter, cheese, banana",2025-02-23
6044,"butter, tomato",2024-12-25
6045,"apple, chicken, eggs, onion, tomato, banana",2024-01-18
6046,"salt, potato, rice",2024-07-06
6047,"apple, bread, tomato, milk",2025-04-20
6048,"tomato, bread, beef, sugar",2025-08-16
6049,"cereal, eggs, onion, tomato",2024-04-17
6050,"banana, rice",2025-07-22
6051,"chicken, eggs, bread, potato",2025-03-06
6052,"salt, tomato, potato, chicken",2024-01-19
6053,"chicken, apple, yogurt",2025-03-30
6054,"potato, cereal, bread, milk, butter",2025-02-19
6055,"sugar, orange, beef, cheese",2025-03-02
6056,"eggs, cereal, pasta",2025-01-13
6057,"bread, chicken, onion, milk, cheese, orange",2025-05-26
6058,"milk, chicken, apple",2024-03-27
6059,"rice, apple",2025-01-17
6060,"potato, banana, orange, chicken, bread, salt",2024-11-18
6061,"eggs, milk, potato, orange, beef, rice",2024-07-02
6062,"bread, onion, apple, beef, milk, banana",2025-12-16
6063,"milk, cereal, tomato, onion, rice",2025-03-22
6064,"butter, pasta, beef, apple",2025-09-22
6065,"apple, tomato",2025-12-03
6066,"cereal, potato, tomato, milk, beef",2025-05-03
6067,"onion, chicken",2024-05-27
6068,"eggs, yogurt, rice, milk",2024-04-17
6069,"yogurt, potato, tomato, cereal",2025-08-09
6070,"sugar, banana",2025-12-10
6071,"cereal, chicken, bread",2025-05-24
6072,"onion, milk, orange, apple, yogurt",2024-06-06
6073,"salt, potato, sugar, apple, banana, milk",2025-09-26
6074,"salt, banana, beef",2025-11-02
6075,"beef, oil, cereal",2024-10-06
6076,"eggs, milk, salt, pasta, banana, cereal",2025-03-25
6077,"oil, cheese, cereal, sugar, butter",2025-07-26
6078,"chicken, oil, rice, eggs, cereal, banana",2025-08-31
6079,"cheese, sugar, beef",2025-01-28
6080,"yogurt, oil, onion",2024-06-21
6081,"yogurt, potato, chicken, oil, beef, butter",2025-09-02
6082,"onion, yogurt, tomato, butter, rice",2024-12-06
6083,"chicken, orange, potato, sugar",2025-08-29
6084,"orange, chicken, sugar, beef, rice, onion",2024-09-07
6085,"eggs, bread, rice, orange",2024-08-17
6086,"oil, banana, bread, tomato, rice",2024-01-06
6087,"apple, tomato, cereal",2025-04-04
6088,"cereal, oil, orange",2024-10-22
6089,"pasta, cereal",2025-10-24
6090,"apple, salt, eggs, yogurt",2025-07-24
6091,"salt, potato, onion, apple",2024-05-23
6092,"onion, banana",2024-07-06
6093,"sugar, cereal, yogurt",2025-01-28
6094,"sugar, eggs, orange, yogurt",2025-02-15
6095,"beef, banana, oil, eggs, orange",2025-11-23
6096,"cheese, chicken, apple, rice",2025-02-12
6097,"onion, potato, oil, rice",2024-05-29
6098,"butter, sugar, milk, onion",2025-02-14
6099,"yogurt, rice, sugar",2024-11-13
6100,"yogurt, salt, pasta, beef, apple, milk",2024-11-30
6101,"cereal, tomato, beef, eggs, salt",2025-03-17
6102,"tomato, eggs, yogurt, orange, potato, oil",2024-11-15
6103,"eggs, cheese, apple",2025-05-25
6104,"eggs, banana, sugar, potato",2024-03-24
6105,"chicken, bread, cereal, yogurt, sugar, milk",2024-06-09
6106,"cheese, milk, sugar, pasta, cereal",2024-11-15
6107,"banana, milk",2024-09-15
6108,"rice, banana, chicken",2025-01-07
6109,"yogurt, oil",2025-04-15
6110,"yogurt, banana",2024-07-05
6111,"apple, yogurt, banana, orange, potato",2024-06-13
6112,"banana, oil, rice",2025-03-29
6113,"chicken, potato, sugar, orange, butter",2024-07-15
6114,"chicken, apple",2025-04-05
6115,"chicken, eggs, sugar, beef, butter, potato",2025-09-27
6116,"pasta, tomato, butter, rice, beef, oil",2024-06-13
6117,"chicken, pasta",2025-08-29
6118,"onion, salt, butter, chicken",2024-07-30
6119,"onion, beef, cereal, milk, cheese, butter",2024-01-13
6120,"salt, potato, oil, orange, beef",2024-05-05
6121,"cereal, bread, oil, rice, sugar",2024-05-19
6122,"eggs, sugar, milk",2025-08-22
6123,"sugar, eggs, tomato",2025-01-30
6124,"potato, eggs, yogurt, bread",2025-07-12
6125,"potato, onion, yogurt, oil",2025-02-25
6126,"salt, milk, chicken, cereal, oil",2025-10-05
6127,"rice, beef, oil",2024-10-14
6128,"tomato, potato, eggs, orange, milk",2025-02-07
6129,"potato, butter, sugar, onion, salt",2025-05-14
6130,"cereal, pasta",2025-03-15
6131,"cereal, potato",2025-09-24
6132,"onion, rice, cereal",2024-01-27
6133,"eggs, beef, bread, yogurt, pasta",2025-07-26
6134,"salt, cheese, banana, tomato, butter",2024-10-14
6135,"bread, onion, banana, beef, eggs, butter",2024-02-25
6136,"beef, orange, butter, cheese, tomato",2024-05-17
6137,"onion, rice, pasta, sugar, oil, apple",2025-06-22
6138,"potato, orange",2024-02-23
6139,"bread, banana",2025-05-06
6140,"potato, orange, onion, rice",2025-04-24
6141,"sugar, beef",2024-06-21
6142,"rice, bread, yogurt, salt",2024-09-23
6143,"oil, salt, potato, tomato, apple",2024-05-30
6144,"orange, rice",2024-09-25
6145,"apple, beef, chicken",2025-05-07
6146,"salt, butter",2024-01-29
6147,"orange, pasta, banana, sugar, bread, yogurt",2025-07-17
6148,"bread, sugar, pasta",2024-07-16
6149,"bread, milk, onion, eggs, sugar, chicken",2025-08-28
6150,"sugar, banana",2024-03-02
6151,"bread, pasta, milk, sugar, onion",2024-12-23
6152,"banana, beef, cheese, milk, salt, pasta",2025-04-17
6153,"potato, chicken, tomato",2025-03-29
6154,"sugar, bread, cereal, yogurt",2025-04-30
6155,"pasta, rice, milk",2025-08-14
6156,"potato, pasta",2024-12-05
6157,"yogurt, beef, cheese, chicken, milk, eggs",2025-10-10
6158,"yogurt, eggs",2025-10-17
6159,"chicken, salt, apple",2024-07-12
6160,"yogurt, cereal",2025-09-05
6161,"banana, bread, beef, cereal",2025-04-28
6162,"banana, chicken",2024-02-24
6163,"milk, apple, orange, sugar",2025-12-03
6164,"cheese, onion, yogurt, pasta, banana, eggs",2025-09-02
6165,"yogurt, beef",2025-12-04
6166,"cheese, sugar, yogurt, milk",2025-10-12
6167,"chicken, salt, beef",2025-05-19
6168,"milk, banana",2025-02-17
6169,"cereal, potato, milk, sugar",2024-09-29
6170,"butter, onion, salt, apple, yogurt, oil",2025-01-26
6171,"tomato, orange, potato, cheese, apple, pasta",2024-01-20
6172,"rice, butter, sugar, beef",2025-08-10
6173,"banana, eggs, cheese",2024-03-26
6174,"chicken, tomato",2024-03-12
6175,"apple, milk, cereal, salt, eggs",2025-06-20
6176,"eggs, cereal",2025-10-27
6177,"salt, pasta, milk",2024-07-23
6178,"apple, onion",2024-10-26
6179,"orange, onion, chicken, eggs, yogurt",2025-09-11
6180,"onion, sugar, banana, potato, beef, butter",2025-12-07
6181,"yogurt, banana, sugar",2024-02-05
6182,"yogurt, cheese, apple",2025-05-27
6183,"bread, rice",2025-10-27
6184,"sugar, beef",2024-06-21
6185,"sugar, pasta, salt, rice",2024-12-27
6186,"banana, beef, milk, eggs, cheese",2025-05-12
6187,"banana, eggs, oil, onion, cereal",2024-10-22
6188,"milk, butter",2025-05-22
6189,"pasta, potato",2025-02-15
6190,"yogurt, eggs, sugar",2024-03-13
6191,"butter, chicken",2024-06-26
6192,"yogurt, milk, potato, onion, sugar, apple",2025-07-05
6193,"chicken, cereal",2024-04-11
6194,"apple, cereal",2025-04-10
6195,"yogurt, tomato, orange, oil",2024-05-16
6196,"sugar, tomato, orange, potato",2025-12-31
6197,"chicken, sugar, cereal, butter, banana, eggs",2025-01-22
6198,"cheese, salt, sugar, butter, onion",2024-12-25
6199,"cheese, sugar, beef",2025-05-22
6200,"potato, yogurt, sugar, orange",2025-06-04
6201,"butter, banana, pasta, tomato",2025-11-12
6202,"bread, potato, eggs, oil",2025-10-06
6203,"yogurt, onion, oil, bread, banana",2024-12-24
6204,"sugar, tomato, bread, cheese, oil, potato",2024-08-05
6205,"cheese, chicken, eggs",2024-08-26
6206,"tomato, butter, oil, cereal",2025-04-14
6207,"pasta, eggs",2024-11-06
6208,"banana, eggs",2024-04-14
6209,"onion, sugar, apple, bread, milk, eggs",2024-08-10
6210,"milk, butter, bread",2025-04-14
6211,"tomato, onion, orange, bread",2024-03-24
6212,"apple, tomato, orange, rice, onion, salt",2024-03-15
6213,"tomato, banana, eggs, salt, orange",2025-04-30
6214,"oil, cereal, apple, cheese, sugar, rice",2024-06-20
6215,"bread, salt, sugar",2025-02-10
6216,"eggs, oil, butter, banana, cheese, pasta",2025-03-15
6217,"salt, cheese, yogurt, apple",2024-05-10
6218,"butter, cereal, rice, salt",2025-02-20
6219,"rice, salt, apple, butter",2025-06-23
6220,"tomato, cheese, oil, pasta",2025-03-12
6221,"beef, cheese, chicken, sugar, bread, eggs",2024-11-10
6222,"butter, banana, cheese",2025-03-05
6223,"sugar, rice, chicken, apple, salt",2025-07-29
6224,"milk, pasta, cereal",2025-01-17
6225,"potato, apple, orange, pasta",2024-02-22
6226,"cheese, yogurt, sugar, butter, beef, cereal",2024-03-25
6227,"cereal, eggs, orange, onion",2024-09-29
6228,"pasta, chicken, orange",2025-01-08
6229,"sugar, cheese",2024-08-29
6230,"tomato, orange, rice, sugar",2024-08-30
6231,"eggs, chicken, rice, banana, oil",2024-04-12
6232,"cheese, eggs, pasta, yogurt, salt, butter",2025-11-17
6233,"cereal, oil, yogurt",2025-09-04
6234,"onion, sugar, pasta, orange, tomato",2024-01-03
6235,"cereal, oil",2024-05-17
6236,"banana, cereal",2025-03-20
6237,"cereal, salt, cheese",2025-01-25
6238,"banana, orange, potato, pasta, bread",2025-10-04
6239,"tomato, banana",2025-08-13
6240,"sugar, cheese, eggs, beef",2025-04-22
6241,"tomato, banana, bread, eggs",2024-08-18
6242,"onion, eggs, salt, banana, chicken, oil",2025-04-25
6243,"cereal, rice",2024-08-24
6244,"cereal, potato, rice, pasta, oil",2024-06-26
6245,"oil, eggs, tomato, butter",2024-10-27
6246,"milk, pasta, cereal, onion, apple, bread",2025-09-17
6247,"rice, cereal",2025-06-28
6248,"potato, bread, milk, beef, rice, onion",2024-05-24
6249,"apple, butter, chicken",2025-03-21
6250,"eggs, orange, yogurt, milk, bread, beef",2025-03-27
6251,"oil, bread, cheese",2024-02-12
6252,"onion, butter, yogurt",2024-10-11
6253,"beef, orange, onion, eggs",2025-01-15
6254,"pasta, yogurt, orange, potato, sugar",2025-10-17
6255,"sugar, butter, bread",2024-05-16
6256,"milk, bread, pasta, salt, orange",2024-01-05
6257,"chicken, yogurt, rice, onion, sugar, cheese",2025-09-27
6258,"sugar, tomato, yogurt",2025-03-02
6259,"sugar, potato, onion, rice",2025-09-25
6260,"yogurt, rice, beef, onion, butter, sugar",2024-10-23
6261,"yogurt, rice",2025-09-15
6262,"pasta, beef, salt, orange",2025-10-19
6263,"potato, rice",2024-07-25
6264,"oil, pasta, butter, bread, milk",2025-08-11
6265,"chicken, milk, banana, bread, rice",2025-06-10
6266,"apple, sugar",2025-02-28
6267,"butter, cereal, oil",2025-04-08
6268,"apple, beef, bread",2025-11-01
6269,"cheese, apple, chicken",2024-05-07
6270,"sugar, milk, tomato, onion, eggs",2025-09-24
6271,"sugar, tomato, bread, salt",2024-06-17
6272,"oil, banana, tomato, eggs, salt",2024-04-26
6273,"apple, pasta, cheese, oil, banana, milk",2024-10-21
6274,"salt, chicken, rice, yogurt, banana, pasta",2024-01-14
6275,"beef, cereal, rice, eggs",2024-06-20
6276,"rice, cheese",2024-04-03
6277,"butter, orange",2025-11-19
6278,"onion, potato, milk, beef, chicken, eggs",2025-12-08
6279,"chicken, banana",2024-11-30
6280,"bread, beef, rice",2024-05-06
6281,"pasta, yogurt",2024-08-05
6282,"pasta, orange, banana, cheese, rice, beef",2025-11-19
6283,"bread, oil",2024-03-20
6284,"sugar, orange, apple",2025-03-02
6285,"eggs, apple, cheese, salt",2025-03-22
6286,"cereal, potato, rice, tomato",2025-08-21
6287,"banana, cereal",2025-12-14
6288,"banana, potato, oil, bread, sugar",2025-08-17
6289,"banana, rice, apple, cheese, pasta, tomato",2025-09-06
6290,"butter, cheese, yogurt, salt",2025-04-10
6291,"onion, cereal, beef",2025-01-23
6292,"bread, butter, salt, oil, beef, sugar",2025-08-16
6293,"salt, yogurt, banana, bread",2024-12-20
6294,"orange, butter, apple, onion, oil, salt",2024-10-07
6295,"milk, pasta, cereal",2025-01-10
6296,"cereal, butter, milk, potato",2024-02-04
6297,"sugar, eggs, milk, bread, orange",2025-08-14
6298,"milk, salt, chicken, banana, rice, pasta",2025-03-11
6299,"salt, onion, tomato, rice, eggs",2025-04-07
6300,"oil, eggs, beef, salt, apple",2025-07-15
6301,"butter, milk, banana",2024-12-04
6302,"chicken, onion, banana, yogurt, eggs",2025-06-20
6303,"rice, banana, pasta, potato, sugar, orange",2025-04-22
6304,"orange, beef, oil, apple",2024-09-17
6305,"orange, eggs, oil, sugar",2025-09-30
6306,"butter, yogurt, potato, orange, cheese, onion",2025-12-01
6307,"salt, bread, orange",2024-04-14
6308,"eggs, yogurt, cheese, chicken, onion, potato",2024-03-05
6309,"cereal, banana",2024-08-21
6310,"banana, apple, yogurt",2024-08-30
6311,"yogurt, eggs, cheese, cereal, pasta",2025-10-16
6312,"beef, chicken, apple",2025-03-31
6313,"tomato, yogurt, butter, pasta, potato, apple",2024-11-14
6314,"eggs, cheese, milk, orange",2025-06-27
6315,"pasta, banana, orange, cheese, rice",2025-01-29
6316,"salt, pasta, chicken",2024-02-22
6317,"cheese, salt",2025-12-22
6318,"chicken, beef, pasta, rice, potato, cereal",2025-03-08
6319,"orange, chicken",2025-07-28
6320,"orange, chicken, oil, bread, apple",2024-10-27
6321,"potato, beef, rice, cheese, bread",2025-10-30
6322,"oil, banana, potato, beef, cereal",2025-02-05
6323,"bread, chicken",2025-05-28
6324,"cereal, eggs, butter",2024-03-31
6325,"orange, rice, butter, chicken",2025-01-30
6326,"beef, yogurt, orange, oil, sugar",2024-01-03
6327,"banana, butter",2025-09-21
6328,"eggs, bread, salt, tomato",2024-11-17
6329,"butter, chicken, banana, bread, onion, orange",2024-05-23
6330,"yogurt, potato",2025-05-30
6331,"milk, orange, beef, apple, rice, banana",2024-10-28
6332,"oil, eggs, yogurt, banana, cereal, sugar",2024-02-11
6333,"tomato, butter, cereal, pasta, sugar",2025-09-28
6334,"pasta, eggs, bread, yogurt",2025-04-18
6335,"beef, yogurt, potato, oil, sugar",2025-04-24
6336,"salt, milk, oil",2024-09-24
6337,"apple, cheese, rice",2024-06-16
6338,"pasta, sugar, cheese, orange, oil, banana",2025-06-15
6339,"chicken, onion, banana, sugar, eggs",2024-10-18
6340,"salt, oil, tomato, chicken",2024-10-14
6341,"banana, potato, milk",2024-03-28
6342,"apple, banana, milk, potato, salt",2024-09-11
6343,"sugar, orange, milk, bread",2024-12-05
6344,"potato, orange, oil, onion, salt, sugar",2025-09-21
6345,"bread, milk, sugar, potato, beef, cereal",2024-02-23
6346,"sugar, butter, rice, beef, chicken",2025-07-07
6347,"milk, butter, onion, salt, cheese, orange",2024-11-06
6348,"tomato, cheese, beef, apple",2024-12-26
6349,"salt, eggs, bread, sugar, beef",2024-09-25
6350,"tomato, chicken, cheese",2024-05-11
6351,"bread, banana, cheese, orange",2024-09-08
6352,"sugar, yogurt, potato, cheese, oil, eggs",2024-05-13
6353,"salt, orange",2024-02-12
6354,"orange, cereal, pasta, cheese, yogurt, apple",2024-07-19
6355,"bread, butter",2025-10-08
6356,"cheese, rice",2025-05-24
6357,"cereal, yogurt",2025-02-04
6358,"milk, cheese, rice, cereal, bread",2024-03-07
6359,"salt, apple, milk, chicken, butter, rice",2025-12-17
6360,"beef, milk, orange",2025-04-26
6361,"pasta, tomato, cereal, butter, rice",2024-02-16
6362,"pasta, potato",2025-02-02
6363,"pasta, bread, onion, potato, salt, cereal",2024-11-03
6364,"cereal, sugar, bread, tomato",2025-05-02
6365,"cereal, oil, salt, banana, tomato, cheese",2024-09-24
6366,"sugar, beef, eggs",2024-08-29
6367,"tomato, banana, oil, potato",2024-07-20
6368,"cereal, beef, onion, bread, apple, chicken",2024-06-28
6369,"butter, tomato, eggs",2024-08-06
6370,"yogurt, milk, rice, cheese, onion",2025-02-13
6371,"onion, cheese, chicken, pasta, potato",2025-09-27
6372,"rice, apple",2024-05-22
6373,"pasta, cereal",2025-11-22
6374,"sugar, orange, banana, cheese, potato, tomato",2024-12-08
6375,"banana, chicken, salt",2025-09-10
6376,"beef, orange, sugar",2025-07-29
6377,"onion, oil, tomato, sugar, beef",2024-06-16
6378,"cereal, rice",2024-05-17
6379,"banana, oil, sugar, milk, beef",2024-09-03
6380,"yogurt, rice, pasta",2025-06-13
6381,"bread, salt, potato, cereal, orange, sugar",2025-09-27
6382,"potato, cereal, rice, pasta, butter",2024-10-17
6383,"onion, sugar, eggs",2024-07-16
6384,"sugar, cereal",2025-06-01
6385,"banana, beef, chicken, cheese",2024-12-03
6386,"onion, eggs, sugar",2025-05-29
6387,"milk, tomato, orange",2025-07-04
6388,"chicken, oil, pasta, bread, butter, tomato",2025-03-17
6389,"rice, cheese",2024-02-19
6390,"cheese, milk, potato",2024-10-15
6391,"orange, cheese, yogurt",2024-06-04
6392,"yogurt, milk, salt, bread, butter",2025-02-24
6393,"beef, cereal, bread, orange, cheese, yogurt",2024-10-06
6394,"banana, eggs",2024-04-27
6395,"salt, orange, milk, pasta",2025-10-27
6396,"potato, milk",2025-01-18
6397,"eggs, yogurt, bread, tomato",2024-08-11
6398,"cereal, eggs, banana, apple",2025-06-18
6399,"cereal, banana, butter",2025-04-20
6400,"cheese, butter, rice, apple",2024-07-14
6401,"banana, cheese",2024-09-23
6402,"banana, chicken, onion",2025-06-01
6403,"rice, apple, orange",2024-12-04
6404,"rice, beef, potato, sugar",2024-01-23
6405,"milk, cereal, tomato",2024-11-11
6406,"potato, cereal",2025-05-05
6407,"potato, beef, rice, sugar, tomato",2024-01-31
6408,"pasta, potato, rice, chicken, cheese",2024-01-26
6409,"apple, pasta, beef, rice, cheese",2025-04-29
6410,"eggs, beef, apple, banana",2025-08-28
6411,"oil, eggs",2025-09-03
6412,"beef, milk",2025-03-31
6413,"potato, eggs, onion",2024-03-12
6414,"milk, onion",2025-10-13
6415,"salt, rice",2025-10-27
6416,"milk, onion, beef",2025-01-26
6417,"butter, orange, banana, milk, beef",2025-07-19
6418,"banana, beef, bread, onion, oil",2024-06-13
6419,"tomato, butter, eggs, chicken, orange",2024-08-07
6420,"salt, eggs, banana, beef, butter, onion",2024-08-19
6421,"tomato, banana, pasta, beef, bread",2024-09-23
6422,"banana, chicken",2024-10-11
6423,"apple, potato, tomato, chicken, rice",2024-11-12
6424,"onion, bread, apple",2024-05-07
6425,"potato, apple, beef, chicken",2024-04-13
6426,"yogurt, salt, chicken, cereal, beef",2024-01-23
6427,"sugar, tomato, orange, chicken, potato",2025-10-17
6428,"yogurt, potato",2025-12-18
6429,"oil, tomato, butter, salt",2025-06-27
6430,"pasta, eggs, cheese",2025-06-17
6431,"bread, beef, eggs, butter",2025-06-08
6432,"pasta, rice, tomato, bread, eggs, onion",2025-05-26
6433,"milk, chicken, apple, potato, banana",2024-01-20
6434,"chicken, yogurt, onion, cereal, milk, butter",2024-11-18
6435,"cheese, banana, potato, eggs",2024-07-12
6436,"cereal, oil, bread, cheese, orange",2024-07-21
6437,"beef, apple, tomato, cereal, eggs, yogurt",2024-05-27
6438,"milk, rice, yogurt",2025-03-02
6439,"cereal, milk",2025-10-10
6440,"bread, orange, sugar, eggs",2025-09-30
6441,"beef, eggs, chicken, bread, oil, apple",2024-09-14
6442,"cereal, chicken, banana, eggs, tomato, pasta",2024-04-16
6443,"chicken, banana, yogurt, apple",2024-03-31
6444,"salt, banana",2024-01-11
6445,"yogurt, orange",2024-08-01
6446,"beef, chicken, rice, yogurt, cereal, pasta",2025-11-12
6447,"yogurt, rice, chicken, bread",2024-05-15
6448,"yogurt, sugar, beef, pasta, banana, oil",2025-08-22
6449,"salt, tomato, butter",2025-09-12
6450,"pasta, chicken, potato, salt, rice",2025-01-14
6451,"eggs, rice, yogurt, bread, banana",2024-05-20
6452,"beef, sugar, yogurt, rice, eggs, orange",2025-01-29
6453,"beef, yogurt",2024-10-26
6454,"cereal, salt, orange, yogurt",2025-01-24
6455,"bread, orange, potato, beef",2025-08-24
6456,"cereal, bread, pasta",2025-04-05
6457,"yogurt, banana, tomato, pasta",2025-12-05
6458,"tomato, beef, rice",2024-01-23
6459,"oil, butter, apple, salt",2024-12-01
6460,"rice, tomato, beef, cheese",2024-06-20
6461,"cheese, milk, apple",2024-03-08
6462,"chicken, salt",2025-01-30
6463,"chicken, tomato, rice, cheese, yogurt, banana",2024-03-15
6464,"onion, eggs, pasta, rice, milk",2024-04-26
6465,"eggs, banana",2024-04-25
6466,"eggs, chicken, potato, beef",2025-05-10
6467,"potato, banana, yogurt",2024-06-13
6468,"rice, sugar, yogurt, cheese, salt",2024-08-13
6469,"beef, onion, yogurt, eggs, salt, chicken",2025-01-16
6470,"salt, pasta, rice, bread, beef, onion",2024-12-30
6471,"oil, chicken",2024-12-21
6472,"eggs, orange",2025-12-28
6473,"sugar, potato",2025-11-23
6474,"sugar, onion, cereal, orange",2024-04-07
6475,"cereal, rice, bread, pasta",2024-03-21
6476,"potato, chicken, salt, banana, apple, tomato",2024-11-06
6477,"bread, banana, sugar, beef",2025-03-22
6478,"onion, beef, banana, orange, chicken, pasta",2024-03-03
6479,"salt, rice, banana",2024-07-11
6480,"yogurt, beef, rice",2025-01-03
6481,"cheese, oil, potato, apple",2025-11-10
6482,"potato, orange, onion",2025-09-15
6483,"beef, onion, eggs",2025-02-14
6484,"rice, beef, chicken",2025-04-25
6485,"butter, tomato, eggs",2025-10-14
6486,"tomato, pasta, oil, milk, rice, eggs",2024-08-26
6487,"cereal, bread, orange, rice",2025-05-10
6488,"oil, pasta, tomato, chicken",2024-08-28
6489,"pasta, cheese, tomato",2025-09-11
6490,"potato, rice, butter",2025-02-01
6491,"banana, milk, rice, yogurt",2025-11-15
6492,"banana, milk, butter, orange",2025-09-04
6493,"eggs, onion, tomato",2025-05-15
6494,"oil, sugar",2024-03-01
6495,"banana, eggs, beef",2024-03-22
6496,"apple, sugar, rice, oil",2025-07-25
6497,"cheese, sugar, tomato",2025-08-17
6498,"cheese, eggs, cereal, pasta",2025-08-21
6499,"salt, rice",2024-04-18
6500,"orange, tomato, bread, eggs, salt",2024-03-13
6501,"tomato, milk, butter",2024-04-03
6502,"cheese, milk, butter",2025-05-23
6503,"butter, pasta, salt, apple",2025-01-04
6504,"bread, beef",2024-10-03
6505,"milk, rice, pasta, eggs",2024-12-25
6506,"bread, oil",2025-11-16
6507,"tomato, potato",2025-04-02
6508,"yogurt, onion, cereal",2025-09-16
6509,"onion, cheese, eggs, apple, salt, yogurt",2024-06-11
6510,"cheese, bread, salt, apple, beef",2025-11-15
6511,"bread, oil, salt, orange",2024-10-26
6512,"bread, salt, oil, sugar, onion",2025-03-07
6513,"orange, sugar, milk",2024-02-19
6514,"chicken, oil, butter",2025-12-06
6515,"butter, orange, cereal",2024-06-04
6516,"beef, pasta, bread",2025-09-23
6517,"bread, chicken, butter, cereal, apple, beef",2025-12-18
6518,"cheese, yogurt, beef, butter, chicken",2024-11-21
6519,"apple, yogurt, bread, potato",2025-04-17
6520,"sugar, onion, tomato, rice",2024-01-27
6521,"pasta, beef",2025-11-09
6522,"tomato, beef, eggs",2024-09-21
6523,"banana, tomato, sugar, orange, apple",2025-02-26
6524,"rice, milk, oil, apple",2025-07-16
6525,"sugar, beef, banana, milk",2024-10-12
6526,"banana, yogurt, butter, rice",2025-07-10
6527,"potato, sugar, tomato, apple",2025-03-05
6528,"salt, yogurt, onion, sugar, rice",2024-10-08
6529,"chicken, banana, apple, cereal",2024-10-06
6530,"apple, yogurt",2025-02-04
6531,"sugar, pasta, yogurt",2024-03-16
6532,"potato, rice, bread, cheese, sugar",2025-08-09
6533,"cereal, pasta, rice",2025-12-27
6534,"salt, apple",2024-10-07
6535,"milk, banana, eggs, beef, potato, oil",2025-01-07
6536,"pasta, tomato",2025-10-20
6537,"eggs, yogurt, sugar, potato, oil, milk",2024-10-06
6538,"banana, milk, sugar, oil, rice, cereal",2025-12-10
6539,"rice, potato, bread, oil",2024-02-23
6540,"butter, tomato, bread, yogurt, chicken, orange",2025-12-29
6541,"tomato, yogurt, milk, sugar",2025-04-19
6542,"cereal, orange, apple",2025-05-16
6543,"apple, bread",2025-01-13
6544,"apple, salt, tomato, pasta, potato",2025-03-24
6545,"cereal, pasta, chicken",2025-03-12
6546,"milk, onion, banana, bread, salt, apple",2024-01-31
6547,"milk, beef, bread",2025-03-25
6548,"onion, cereal",2025-08-09
6549,"beef, bread, salt, banana, potato, eggs",2024-06-12
6550,"onion, sugar, rice, pasta, apple, beef",2025-02-08
6551,"tomato, chicken, butter, cereal",2025-11-10
6552,"salt, banana, sugar, eggs, beef, milk",2025-10-01
6553,"bread, banana, chicken",2024-04-21
6554,"orange, cheese, potato, pasta",2025-10-20
6555,"beef, banana",2025-02-05
6556,"apple, chicken, tomato",2025-11-09
6557,"pasta, beef, salt, rice, bread, potato",2025-08-16
6558,"chicken, onion, rice",2025-02-08
6559,"tomato, onion, beef",2024-09-12
6560,"bread, rice, eggs, chicken",2024-01-29
6561,"bread, potato, salt",2025-11-23
6562,"banana, potato, salt",2024-12-23
6563,"yogurt, tomato",2025-08-19
6564,"beef, apple, milk, eggs, salt, chicken",2025-06-16
6565,"orange, cheese, tomato, salt, chicken, sugar",2024-02-26
6566,"banana, rice, cereal, chicken, butter, orange",2024-06-14
6567,"cereal, pasta, apple, oil, yogurt",2025-12-11
6568,"bread, apple, eggs, rice, sugar",2024-08-29
6569,"pasta, potato",2025-08-29
6570,"butter, pasta, yogurt, cereal, oil, onion",2024-12-30
6571,"butter, cereal, beef, apple",2024-12-18
6572,"potato, apple, banana, cereal, chicken, salt",2024-02-27
6573,"pasta, cereal, orange, yogurt, onion, eggs",2024-02-21
6574,"orange, rice, banana, oil",2025-07-15
6575,"salt, apple, oil, cheese",2024-09-09
6576,"milk, orange, rice, salt",2024-11-25
6577,"salt, chicken",2025-10-04
6578,"banana, milk, bread",2025-11-11
6579,"sugar, rice, beef, milk, potato",2024-03-01
6580,"cheese, potato, bread, cereal, sugar, rice",2025-06-06
6581,"sugar, eggs, potato, milk",2025-02-10
6582,"beef, orange, eggs",2025-08-01
6583,"banana, oil, tomato, onion, chicken",2024-10-31
6584,"tomato, butter, bread, onion, rice",2025-02-22
6585,"rice, yogurt",2025-11-14
6586,"salt, bread",2025-06-09
6587,"milk, sugar, cereal, potato, tomato, salt",2024-11-10
6588,"sugar, cereal, eggs, tomato, bread, cheese",2024-09-08
6589,"bread, oil, cheese",2024-07-10
6590,"milk, banana",2024-10-17
6591,"salt, apple, butter, oil, rice, bread",2025-03-13
6592,"eggs, onion, oil, beef, orange, apple",2024-06-16
6593,"cheese, cereal, bread, potato",2025-10-05
6594,"orange, pasta",2024-02-14
6595,"pasta, rice, apple, bread, onion, cheese",2025-08-22
6596,"eggs, apple, chicken",2025-09-19
6597,"orange, cheese, onion, bread, potato, butter",2024-01-16
6598,"eggs, sugar, yogurt",2024-03-27
6599,"tomato, potato, apple, bread, cheese, butter",2025-09-24
6600,"sugar, salt, tomato, orange, oil",2025-01-14
6601,"bread, butter, apple, cheese, sugar, orange",2025-01-19
6602,"pasta, bread, salt",2025-12-20
6603,"cereal, cheese, sugar",2025-05-20
6604,"beef, tomato",2024-05-03
6605,"sugar, beef, butter, cheese",2025-10-19
6606,"butter, banana",2024-08-24
6607,"oil, butter, beef",2024-07-04
6608,"potato, onion, beef",2025-10-05
6609,"rice, tomato, yogurt, milk",2024-04-27
6610,"cereal, eggs, milk, cheese",2024-03-16
6611,"apple, rice, yogurt, orange",2024-03-22
6612,"bread, chicken, orange",2024-07-24
6613,"potato, chicken, tomato, beef",2025-03-09
6614,"sugar, beef",2024-08-22
6615,"oil, pasta",2025-10-27
6616,"bread, banana, salt, milk",2025-01-12
6617,"oil, cereal, milk, tomato",2024-10-21
6618,"butter, potato, beef",2025-03-03
6619,"rice, bread",2025-03-31
6620,"cheese, eggs, yogurt, oil, salt, butter",2025-09-05
6621,"salt, chicken",2025-07-24
6622,"chicken, eggs, sugar",2024-03-27
6623,"rice, potato, oil, butter, orange",2024-05-31
6624,"beef, eggs",2025-09-04
6625,"onion, salt, rice, pasta, butter, apple",2025-12-21
6626,"onion, sugar",2024-05-22
6627,"yogurt, chicken, pasta",2025-06-21
6628,"butter, pasta, tomato, rice",2024-01-16
6629,"potato, tomato",2025-04-18
6630,"potato, oil, onion, tomato",2025-03-02
6631,"butter, potato, eggs",2024-11-17
6632,"chicken, oil, cheese, butter, orange",2024-03-11
6633,"rice, apple, beef, cheese, banana, chicken",2024-12-30
6634,"potato, orange, cheese, butter, banana",2024-02-20
6635,"onion, butter",2025-11-27
6636,"banana, yogurt, pasta, salt",2025-05-23
6637,"milk, potato",2024-07-19
6638,"pasta, banana, tomato",2024-04-29
6639,"eggs, pasta",2024-05-02
6640,"cereal, pasta, rice, orange, butter, sugar",2024-02-19
6641,"milk, tomato, salt, sugar, eggs",2025-03-07
6642,"oil, yogurt, banana, onion, cheese, salt",2025-08-05
6643,"chicken, cereal, butter, beef, cheese, yogurt",2024-06-21
6644,"bread, rice, beef, orange, potato, banana",2024-04-25
6645,"sugar, beef, bread, salt",2024-06-12
6646,"sugar, onion",2024-03-03
6647,"salt, oil",2025-09-15
6648,"pasta, bread, milk",2025-05-13
6649,"bread, sugar, milk, salt, chicken, eggs",2025-06-17
6650,"banana, bread, onion, beef",2024-05-12
6651,"sugar, oil",2025-09-22
6652,"cheese, bread, orange, eggs, butter",2024-01-08
6653,"tomato, beef, pasta",2025-04-10
6654,"salt, pasta, cereal, bread, beef, apple",2024-04-22
6655,"eggs, potato, banana, salt",2024-10-27
6656,"bread, eggs, yogurt",2024-06-22
6657,"banana, eggs, oil, onion",2025-04-11
6658,"chicken, orange, banana, pasta",2025-01-02
6659,"onion, sugar, oil, milk, tomato",2025-05-06
6660,"onion, cheese",2024-09-14
6661,"milk, oil",2024-01-31
6662,"eggs, rice, apple, orange, banana, pasta",2025-08-16
6663,"eggs, cereal, rice, bread",2024-03-15
6664,"sugar, bread",2025-08-25
6665,"cheese, pasta, eggs, milk, beef, cereal",2025-09-29
6666,"onion, cereal, sugar, banana, eggs",2024-03-22
6667,"onion, salt, yogurt, butter",2025-10-11
6668,"milk, banana, butter, pasta, cheese, cereal",2025-03-14
6669,"apple, orange",2025-12-02
6670,"chicken, apple, oil, eggs",2025-04-05
6671,"beef, rice, eggs, apple",2025-12-01
6672,"salt, pasta, butter, sugar",2024-12-21
6673,"oil, bread, tomato, rice, pasta",2024-03-19
6674,"salt, beef, yogurt",2024-12-28
6675,"pasta, tomato, onion",2025-04-29
6676,"rice, oil, salt, potato",2025-03-29
6677,"tomato, chicken, cereal, rice, potato, sugar",2025-06-18
6678,"potato, rice",2024-03-20
6679,"bread, butter, orange, yogurt, banana",2024-07-07
6680,"chicken, salt, rice, cereal, pasta",2024-04-22
6681,"tomato, eggs, orange",2024-03-10
6682,"yogurt, chicken, beef, sugar, oil, milk",2025-12-18
6683,"apple, tomato, yogurt, onion, pasta, sugar",2024-09-10
6684,"eggs, bread, salt, milk, orange",2025-07-02
6685,"pasta, cheese, potato, bread",2025-09-29
6686,"milk, butter",2024-07-24
6687,"cheese, orange",2025-02-03
6688,"cereal, orange, potato, oil, eggs",2024-12-04
6689,"butter, eggs",2024-11-24
6690,"milk, onion",2024-11-14
6691,"banana, oil, onion",2025-01-03
6692,"orange, salt",2024-02-05
6693,"orange, cereal, oil, chicken",2025-04-27
6694,"pasta, chicken, onion",2025-01-13
6695,"beef, potato, oil, cheese, butter",2024-11-20
6696,"cereal, milk, sugar, beef, orange",2024-05-27
6697,"oil, pasta, beef, salt",2025-07-25
6698,"banana, beef, cheese, bread, oil",2024-10-21
6699,"onion, oil, chicken, banana, eggs",2025-08-23
6700,"oil, pasta",2024-09-22
6701,"milk, sugar, tomato, chicken",2024-10-26
6702,"pasta, bread",2025-06-21
6703,"banana, bread, orange, cheese",2024-08-29
6704,"pasta, rice, yogurt, oil, tomato",2025-08-18
6705,"apple, cereal, tomato, butter",2025-03-28
6706,"butter, tomato, beef, eggs",2025-10-09
6707,"milk, tomato",2025-09-28
6708,"milk, sugar, potato",2024-08-17
6709,"cheese, sugar",2025-10-03
6710,"tomato, eggs, sugar, yogurt, salt, banana",2025-09-29
6711,"butter, orange, potato, banana, cheese, sugar",2024-06-19
6712,"cheese, chicken",2025-02-28
6713,"onion, banana, milk, salt, cheese",2024-03-08
6714,"rice, orange, milk",2025-07-11
6715,"yogurt, sugar, orange, potato",2025-01-02
6716,"potato, orange, chicken, tomato, milk, yogurt",2024-01-24
6717,"bread, banana, milk, butter, rice, orange",2024-11-03
6718,"banana, chicken, cereal, cheese, bread, tomato",2024-01-29
6719,"beef, milk, pasta",2025-07-18
6720,"sugar, bread, yogurt",2024-03-27
6721,"beef, cheese, pasta, salt",2024-11-25
6722,"banana, rice, tomato",2025-04-05
6723,"chicken, orange, onion",2024-07-02
6724,"bread, banana",2024-04-29
6725,"chicken, rice, apple, orange, eggs",2024-04-29
6726,"cheese, apple, oil, orange",2024-11-09
6727,"beef, chicken, tomato, bread",2024-11-29
6728,"yogurt, chicken",2024-08-09
6729,"cheese, potato",2025-07-23
6730,"sugar, salt, yogurt",2024-05-20
6731,"eggs, potato",2025-05-09
6732,"rice, banana, sugar, pasta, apple",2025-03-02
6733,"rice, milk",2024-09-18
6734,"orange, pasta, cheese, beef, tomato, onion",2024-02-26
6735,"oil, cereal",2025-10-06
6736,"apple, milk, pasta, beef, tomato",2025-03-22
6737,"tomato, apple, sugar",2024-02-20
6738,"onion, tomato, rice, yogurt",2025-06-01
6739,"apple, salt, milk, sugar",2024-11-21
6740,"sugar, cereal, orange",2024-11-16
6741,"beef, banana",2024-06-01
6742,"rice, beef, bread, tomato, potato",2024-03-12
6743,"butter, chicken, cheese",2025-08-16
6744,"pasta, onion, bread",2025-05-03
6745,"cereal, pasta",2025-08-23
6746,"milk, banana",2024-10-25
6747,"cereal, bread, salt",2025-02-05
6748,"bread, pasta",2025-12-15
6749,"oil, eggs, tomato",2025-04-06
6750,"apple, orange, pasta, potato, yogurt, banana",2025-11-21
6751,"eggs, sugar, apple, salt, pasta, cheese",2024-02-15
6752,"potato, milk",2024-11-22
6753,"rice, yogurt, onion, apple, cereal, banana",2024-07-02
6754,"beef, tomato, cereal",2024-09-07
6755,"banana, apple, oil, orange, bread, potato",2025-12-13
6756,"orange, beef, pasta, banana, cereal",2025-03-11
6757,"yogurt, orange, bread, pasta, sugar",2025-01-01
6758,"sugar, salt, apple, cereal, cheese, banana",2025-06-07
6759,"milk, bread",2024-10-31
6760,"eggs, cereal, rice, bread, milk, chicken",2024-05-12
6761,"yogurt, bread, chicken",2025-09-13
6762,"apple, cereal, bread, chicken, rice",2024-11-29
6763,"cereal, chicken, tomato, cheese",2025-11-03
6764,"milk, chicken",2024-04-11
6765,"chicken, sugar, orange, cereal, butter",2025-06-25
6766,"sugar, bread",2024-12-06
6767,"butter, orange, milk, chicken, pasta, beef",2025-12-04
6768,"rice, potato, milk",2025-02-13
6769,"onion, tomato, cereal, banana, milk",2024-04-02
6770,"cheese, salt, potato, orange, apple",2025-02-10
6771,"orange, salt",2024-10-25
6772,"eggs, tomato, pasta",2025-02-16
6773,"oil, rice",2024-04-19
6774,"bread, pasta, banana, yogurt",2024-01-11
6775,"cereal, bread, cheese, pasta, yogurt",2024-11-16
6776,"yogurt, apple, butter, beef",2025-10-28
6777,"milk, cheese, banana, cereal, chicken, potato",2025-03-12
6778,"potato, onion, sugar, beef, yogurt",2024-08-16
6779,"apple, milk, rice, oil",2025-12-13
6780,"onion, bread, pasta, sugar, oil",2024-09-19
6781,"cheese, cereal, salt, pasta",2024-06-18
6782,"eggs, butter, chicken, salt",2025-07-09
6783,"cheese, yogurt, potato, orange, rice, cereal",2025-05-22
6784,"beef, salt, banana, butter, apple",2025-08-19
6785,"orange, bread, eggs, onion, cereal, rice",2024-10-03
6786,"cereal, banana, beef, sugar, milk",2024-05-22
6787,"bread, chicken, butter, yogurt",2024-07-31
6788,"eggs, beef",2025-10-05
6789,"onion, orange, bread, milk",2024-05-14
6790,"onion, eggs, rice",2025-03-29
6791,"beef, butter, orange, cereal",2025-07-20
6792,"milk, yogurt",2025-09-21
6793,"cereal, potato, apple",2025-02-20
6794,"cereal, tomato, apple, bread, rice",2024-05-05
6795,"apple, cereal, cheese",2024-04-03
6796,"tomato, cereal",2025-05-02
6797,"tomato, eggs, bread, salt, orange",2025-03-22
6798,"potato, salt",2025-09-15
6799,"orange, yogurt, eggs, rice, cereal",2025-08-21
6800,"beef, cereal",2025-10-20
6801,"banana, apple",2025-06-24
6802,"orange, beef, bread, apple, tomato",2024-04-21
6803,"onion, sugar, pasta, cereal",2024-01-05
6804,"potato, yogurt, onion, oil",2025-12-12
6805,"onion, oil, salt, tomato, cereal",2025-01-20
6806,"pasta, potato, tomato, butter",2024-04-25
6807,"cereal, pasta, rice",2025-08-17
6808,"salt, banana, onion",2024-01-28
6809,"pasta, cereal, chicken",2025-09-05
6810,"salt, chicken, oil, cheese, potato",2025-06-20
6811,"banana, oil, sugar, cereal, potato",2024-08-17
6812,"tomato, pasta, salt, chicken, apple",2024-11-13
6813,"orange, apple, cheese",2024-05-10
6814,"eggs, butter",2024-07-02
6815,"bread, sugar, beef, yogurt, eggs",2024-06-16
6816,"milk, tomato",2024-08-09
6817,"orange, butter",2025-02-18
6818,"pasta, salt, oil",2024-06-15
6819,"milk, bread, chicken",2025-11-25
6820,"potato, eggs, tomato, banana",2025-01-25
6821,"sugar, apple",2024-01-30
6822,"pasta, rice, oil, bread, onion",2024-03-21
6823,"pasta, orange, butter, onion",2025-05-02
6824,"rice, pasta, cheese",2025-07-11
6825,"cereal, eggs, yogurt, sugar",2025-06-29
6826,"rice, beef, eggs, bread, butter",2025-08-23
6827,"salt, beef, bread, yogurt, eggs",2024-11-20
6828,"banana, cheese",2024-09-20
6829,"chicken, tomato, sugar, beef",2025-03-02
6830,"milk, pasta, potato, cereal, rice, onion",2024-12-31
6831,"milk, banana, yogurt, cheese",2024-11-18
6832,"banana, salt, sugar, beef",2024-01-18
6833,"sugar, chicken, bread, orange",2024-03-24
6834,"onion, butter, sugar",2025-08-03
6835,"tomato, orange",2025-02-28
6836,"yogurt, salt, pasta, orange",2024-01-30
6837,"onion, beef, chicken, potato, sugar, yogurt",2024-03-01
6838,"salt, pasta",2024-03-28
6839,"apple, banana",2024-05-07
6840,"yogurt, sugar",2025-07-10
6841,"chicken, tomato, milk, oil",2025-02-16
6842,"butter, banana",2024-08-09
6843,"cheese, milk",2024-07-25
6844,"apple, chicken, oil",2025-11-16
6845,"potato, eggs, cheese, apple, banana, milk",2025-05-15
6846,"eggs, rice, potato",2024-07-19
6847,"cereal, apple, sugar",2024-03-08
6848,"apple, onion",2024-04-29
6849,"yogurt, potato",2025-09-27
6850,"tomato, milk, bread, orange, rice, sugar",2025-11-05
6851,"orange, cereal",2024-04-30
6852,"sugar, beef, orange",2024-03-15
6853,"apple, salt, tomato, beef, oil, cereal",2025-01-25
6854,"banana, potato, eggs",2025-06-03
6855,"cheese, tomato, orange, potato, onion, banana",2024-10-17
6856,"sugar, yogurt, orange, salt, beef, pasta",2025-03-18
6857,"tomato, cereal, bread",2024-12-01
6858,"yogurt, butter",2025-01-06
6859,"oil, sugar",2024-05-21
6860,"chicken, tomato, onion",2025-03-22
6861,"banana, cereal, milk, chicken",2024-05-05
6862,"rice, milk, butter",2025-04-25
6863,"potato, onion, sugar, salt",2025-07-28
6864,"milk, tomato",2025-09-11
6865,"oil, yogurt, milk",2024-04-05
6866,"pasta, banana, bread, potato",2024-08-14
6867,"cheese, rice",2025-02-18
6868,"cheese, rice",2025-07-30
6869,"tomato, onion, milk, bread, beef",2025-02-01
6870,"cheese, pasta, cereal, orange, butter, beef",2024-07-03
6871,"bread, salt, eggs",2025-10-30
6872,"tomato, butter, orange, beef, milk, yogurt",2025-12-27
6873,"cheese, chicken, cereal, butter, onion, banana",2025-01-25
6874,"beef, sugar, yogurt",2024-02-20
6875,"pasta, banana, eggs, tomato, yogurt",2024-12-18
6876,"banana, apple, pasta, oil",2025-01-06
6877,"pasta, banana, bread, milk, oil",2025-07-06
6878,"milk, oil, eggs",2025-01-16
6879,"pasta, sugar, rice, eggs",2025-05-14
6880,"yogurt, apple",2025-03-12
6881,"cheese, orange",2025-08-20
6882,"cheese, potato, tomato, rice",2025-02-28
6883,"beef, bread, cereal, orange, yogurt",2025-07-22
6884,"butter, yogurt, onion, potato, eggs, cereal",2025-01-03
6885,"potato, milk, banana, cheese",2025-09-16
6886,"orange, pasta, sugar, salt, yogurt, milk",2024-10-21
6887,"beef, tomato, banana, oil, pasta",2024-05-30
6888,"milk, pasta, chicken, apple, butter, cheese",2024-10-15
6889,"rice, tomato, apple",2025-04-18
6890,"cheese, bread, onion",2024-05-17
6891,"bread, potato, butter, oil, apple, sugar",2024-08-03
6892,"banana, orange, yogurt, pasta, chicken",2024-03-15
6893,"butter, milk, salt, rice, apple, cereal",2024-03-05
6894,"cheese, beef, eggs",2024-05-20
6895,"eggs, cheese, cereal, beef, tomato, salt",2025-02-01
6896,"orange, beef, banana, onion, butter",2025-03-06
6897,"oil, tomato",2025-07-02
6898,"cheese, tomato, potato, sugar",2025-03-07
6899,"onion, sugar, butter, oil",2025-11-08
6900,"oil, bread, yogurt",2024-10-09
6901,"onion, orange, beef, cheese, potato",2025-10-13
6902,"sugar, rice, orange, bread, oil, yogurt",2025-07-27
6903,"tomato, rice, apple",2025-06-01
6904,"eggs, potato, cereal, pasta, chicken",2024-02-23
6905,"chicken, sugar, butter, apple, eggs",2025-09-04
6906,"orange, chicken, beef, oil",2025-10-26
6907,"butter, orange, milk, onion, salt",2024-11-09
6908,"salt, onion, bread, sugar, oil, beef",2025-01-08
6909,"rice, pasta, cheese",2025-12-23
6910,"orange, apple, cheese, tomato",2024-03-25
6911,"milk, cereal",2024-12-26
6912,"banana, yogurt",2025-02-13
6913,"yogurt, chicken, beef",2025-08-24
6914,"eggs, banana, orange",2024-06-07
6915,"orange, potato, chicken, butter, tomato, onion",2025-01-13
6916,"milk, rice, onion",2024-08-25
6917,"apple, salt, banana, beef, rice",2025-05-23
6918,"eggs, potato, cheese",2024-10-02
6919,"eggs, onion",2024-06-27
6920,"pasta, cereal, oil",2025-02-02
6921,"sugar, oil, banana, onion, orange, beef",2025-08-24
6922,"pasta, chicken, oil",2025-04-27
6923,"tomato, milk, banana, bread",2025-04-12
6924,"sugar, bread",2024-08-06
6925,"pasta, banana, oil, sugar",2025-04-11
6926,"milk, chicken, rice",2025-01-06
6927,"cheese, salt, pasta, rice, potato",2025-09-29
6928,"butter, milk",2025-07-04
6929,"cheese, milk, butter, oil, potato",2025-01-16
6930,"rice, butter, eggs",2025-05-05
6931,"sugar, banana, pasta, butter",2024-10-01
6932,"tomato, butter, cheese, banana, beef",2025-11-05
6933,"eggs, chicken",2024-05-24
6934,"banana, milk, rice",2024-07-10
6935,"orange, salt",2025-07-19
6936,"rice, chicken, cheese, yogurt",2025-10-31
6937,"oil, cheese, banana, pasta",2024-05-03
6938,"pasta, eggs, rice",2025-01-12
6939,"potato, beef, apple, orange",2024-03-21
6940,"banana, cereal, chicken, eggs, milk",2025-11-11
6941,"rice, sugar",2025-01-17
6942,"pasta, butter",2025-12-10
6943,"cheese, oil, chicken",2025-02-16
6944,"yogurt, milk, eggs, cheese",2025-10-16
6945,"bread, sugar, milk, banana",2025-03-14
6946,"chicken, yogurt, cereal, butter, rice",2024-05-12
6947,"potato, apple, tomato, orange, beef, onion",2025-08-19
6948,"oil, butter, potato",2024-04-06
6949,"beef, rice, cereal",2025-10-10
6950,"milk, apple, banana, onion, cheese",2025-12-04
6951,"yogurt, tomato, oil",2024-11-14
6952,"orange, chicken, bread, yogurt, beef, onion",2024-08-07
6953,"sugar, banana, bread, cereal",2024-01-04
6954,"apple, oil, milk, banana, bread, cereal",2025-05-09
6955,"yogurt, rice, chicken",2025-05-08
6956,"oil, sugar, beef, pasta, eggs",2025-05-12
6957,"sugar, eggs, tomato, milk, pasta",2025-04-21
6958,"tomato, sugar, salt",2024-03-24
6959,"rice, pasta, eggs, apple, banana, tomato",2025-12-30
6960,"yogurt, potato, oil, salt",2025-09-16
6961,"oil, sugar, beef",2024-06-23
6962,"cheese, butter",2025-12-09
6963,"tomato, beef, yogurt, cheese",2025-10-26
6964,"onion, cereal, tomato, potato, butter",2024-05-17
6965,"onion, cereal, banana, yogurt, chicken",2025-03-20
6966,"beef, sugar, cheese",2025-09-26
6967,"bread, banana, sugar, salt, butter, rice",2025-03-19
6968,"salt, bread, eggs, pasta, milk",2024-09-10
6969,"tomato, chicken",2024-07-11
6970,"eggs, banana, tomato, pasta, cereal, butter",2025-08-19
6971,"onion, eggs, cheese",2024-05-14
6972,"apple, rice, bread, oil, pasta",2025-01-22
6973,"salt, pasta, apple",2025-05-24
6974,"chicken, milk",2025-04-10
6975,"eggs, cheese, sugar",2024-02-16
6976,"banana, apple, bread, salt, oil, butter",2024-04-08
6977,"milk, yogurt, potato, apple",2024-07-11
6978,"rice, bread, oil, sugar",2025-12-05
6979,"salt, eggs, cereal, onion, pasta, bread",2024-09-20
6980,"salt, oil",2025-12-19
6981,"onion, pasta",2024-05-06
6982,"salt, orange, oil, butter",2024-02-15
6983,"salt, yogurt, butter, rice",2024-05-17
6984,"tomato, chicken, salt",2024-03-10
6985,"potato, orange, eggs, butter, yogurt, beef",2025-04-07
6986,"cereal, potato, oil, sugar",2025-07-24
6987,"tomato, cheese",2024-01-15
6988,"bread, orange",2025-10-07
6989,"sugar, yogurt, onion, cereal, milk",2025-06-28
6990,"onion, pasta, tomato",2024-12-22
6991,"potato, cheese",2024-04-10
6992,"rice, chicken, potato",2025-10-31
6993,"apple, rice, beef, yogurt, orange, chicken",2024-02-14
6994,"onion, apple, rice, tomato, orange",2024-05-12
6995,"oil, potato, bread",2024-05-25
6996,"sugar, butter, salt, banana, chicken",2025-04-03
6997,"oil, yogurt, milk",2025-08-10
6998,"beef, chicken, sugar, apple, cheese, banana",2024-09-09
6999,"apple, tomato, eggs, yogurt, bread, cereal",2024-08-08
7000,"rice, potato, cheese, tomato, oil",2024-03-08
7001,"orange, butter, salt, beef, apple, cereal",2025-05-14
7002,"tomato, pasta, yogurt, orange",2024-11-01
7003,"oil, salt, potato, pasta",2025-05-21
7004,"milk, tomato, bread, chicken, potato, oil",2024-06-13
7005,"bread, onion, potato",2025-06-29
7006,"apple, salt, milk",2024-09-16
7007,"salt, tomato, sugar, oil, onion",2024-12-20
7008,"milk, beef, chicken",2024-12-31
7009,"chicken, sugar, salt, tomato, beef",2024-11-02
7010,"pasta, yogurt, milk, banana, chicken, bread",2025-07-19
7011,"apple, cheese, oil, tomato",2024-10-21
7012,"tomato, milk",2024-05-08
7013,"rice, chicken, cereal, apple, salt, yogurt",2025-08-08
7014,"banana, oil, sugar, pasta, yogurt, orange",2025-07-22
7015,"cheese, eggs",2025-04-04
7016,"pasta, chicken, milk, rice, orange",2024-05-09
7017,"rice, chicken, onion",2024-02-02
7018,"chicken, milk, sugar",2025-04-21
7019,"pasta, onion, orange, salt, cereal, rice",2025-10-12
7020,"bread, cheese",2025-01-14
7021,"sugar, butter, bread, milk",2024-11-12
7022,"chicken, banana, tomato, butter",2024-12-12
7023,"apple, potato, pasta",2025-07-14
7024,"yogurt, apple, banana, milk, sugar, beef",2025-02-03
7025,"apple, salt, banana",2024-11-14
7026,"orange, cheese, bread",2024-09-29
7027,"pasta, eggs, cereal",2025-06-30
7028,"eggs, onion, butter",2024-06-13
7029,"pasta, chicken",2025-04-13
7030,"chicken, pasta, banana",2025-01-24
7031,"cereal, rice",2025-01-06
7032,"butter, sugar, oil, eggs",2024-04-15
7033,"banana, tomato, milk",2025-12-16
7034,"salt, rice",2025-06-29
7035,"yogurt, cheese, sugar, beef",2024-12-20
7036,"beef, onion, bread",2024-04-23
7037,"cheese, orange, beef",2025-10-07
7038,"eggs, yogurt",2024-05-19
7039,"banana, yogurt, salt",2025-12-09
7040,"banana, beef",2024-05-20
7041,"cheese, oil, beef, pasta, rice",2024-11-22
7042,"cheese, sugar, milk",2024-12-22
7043,"yogurt, chicken",2024-01-06
7044,"bread, eggs, butter",2025-04-22
7045,"cheese, cereal, potato",2024-01-26
7046,"yogurt, rice, tomato, salt",2025-04-11
7047,"onion, potato, tomato, yogurt, sugar",2024-02-04
7048,"oil, yogurt, rice, butter, eggs, beef",2025-12-10
7049,"rice, chicken, sugar, cereal, oil, orange",2024-03-07
7050,"cereal, pasta, bread",2025-03-04
7051,"eggs, onion, orange, cheese, oil, banana",2024-02-24
7052,"apple, butter",2024-01-25
7053,"cheese, beef, milk, rice",2025-09-21
7054,"cereal, tomato, milk",2024-01-10
7055,"salt, oil, banana",2025-07-22
7056,"beef, apple, bread, cereal",2024-10-13
7057,"apple, eggs",2024-03-23
7058,"yogurt, cheese, salt",2024-11-30
7059,"cheese, rice, chicken, beef",2025-05-15
7060,"orange, milk, salt, onion, eggs, butter",2024-07-26
7061,"eggs, cereal, onion",2025-09-23
7062,"yogurt, tomato, cheese, banana, sugar, cereal",2025-05-24
7063,"salt, pasta, potato, milk, tomato, orange",2024-05-18
7064,"chicken, orange, beef, eggs",2024-03-25
7065,"beef, pasta, yogurt, milk, onion, tomato",2024-06-22
7066,"onion, rice",2025-08-05
7067,"banana, eggs, rice, sugar",2024-10-07
7068,"banana, cereal, butter, orange, beef, pasta",2024-02-26
7069,"beef, sugar",2024-04-22
7070,"beef, cheese, milk",2025-02-17
7071,"sugar, cheese, cereal",2024-10-31
7072,"bread, orange, onion",2024-07-12
7073,"tomato, oil",2024-07-12
7074,"eggs, beef",2024-10-16
7075,"yogurt, sugar, onion, cheese",2025-12-31
7076,"butter, sugar, orange, cereal",2025-05-29
7077,"yogurt, sugar, chicken",2025-05-08
7078,"onion, milk, orange, apple",2024-02-28
7079,"orange, pasta",2024-08-29
7080,"tomato, bread, pasta, potato, banana",2024-07-13
7081,"beef, salt",2024-02-04
7082,"salt, cheese, yogurt",2024-10-25
7083,"salt, orange, banana, potato",2025-01-05
7084,"beef, bread",2024-06-01
7085,"cereal, banana, potato, apple",2024-10-15
7086,"apple, eggs, potato, yogurt, milk",2024-02-29
7087,"rice, milk",2025-07-29
7088,"apple, chicken, yogurt, sugar, potato",2025-09-06
7089,"eggs, onion, beef, apple",2024-12-08
7090,"rice, onion, sugar, milk, yogurt, oil",2024-12-25
7091,"tomato, chicken, apple, beef",2025-07-08
7092,"milk, oil, potato, beef",2024-05-11
7093,"bread, salt, yogurt, sugar",2025-12-02
7094,"salt, eggs, chicken, potato",2025-04-23
7095,"eggs, cheese",2025-12-26
7096,"yogurt, milk, salt, banana",2024-06-01
7097,"pasta, beef, potato, cheese, banana",2025-03-05
7098,"milk, bread, rice, apple, eggs, potato",2025-03-04
7099,"eggs, salt, tomato",2024-07-30
7100,"salt, bread, eggs, sugar, yogurt",2024-05-26
7101,"salt, pasta, sugar, butter, rice, banana",2024-07-17
7102,"orange, tomato, sugar",2024-09-23
7103,"banana, beef",2025-11-25
7104,"rice, beef, apple, salt, butter, yogurt",2024-04-20
7105,"tomato, banana, onion",2024-09-01
7106,"cheese, oil, orange, potato, salt",2025-06-14
7107,"banana, oil, potato",2024-09-21
7108,"sugar, eggs",2025-04-21
7109,"beef, cheese, potato, oil, orange",2025-12-01
7110,"cheese, eggs, yogurt",2024-07-21
7111,"cereal, potato, sugar, beef, orange, eggs",2025-10-24
7112,"apple, milk, beef, yogurt, onion, oil",2025-10-19
7113,"tomato, chicken, rice, butter",2024-04-09
7114,"orange, rice, beef, pasta",2024-10-17
7115,"chicken, orange, salt",2025-03-18
7116,"tomato, orange, pasta, milk",2024-11-28
7117,"butter, eggs",2024-06-04
7118,"oil, onion, eggs",2025-09-09
7119,"onion, cheese, eggs, salt, orange",2025-06-18
7120,"butter, sugar",2025-10-05
7121,"milk, yogurt, orange, pasta, apple",2025-03-28
7122,"orange, onion",2024-04-01
7123,"bread, orange, tomato, pasta, chicken, apple",2025-09-17
7124,"eggs, milk",2024-10-06
7125,"salt, bread, onion, pasta, banana, beef",2025-01-26
7126,"yogurt, orange, cereal, chicken, butter, potato",2024-10-02
7127,"salt, chicken, pasta, potato, beef, bread",2024-02-18
7128,"eggs, milk, yogurt, rice, onion",2025-02-22
7129,"chicken, sugar, tomato",2025-07-06
7130,"chicken, pasta, oil, onion, salt",2024-09-26
7131,"cereal, beef, potato, bread",2025-12-12
7132,"bread, chicken, eggs, onion, salt",2024-07-22
7133,"orange, pasta",2025-02-20
7134,"sugar, tomato, orange",2025-03-07
7135,"tomato, apple",2025-04-07
7136,"orange, yogurt",2024-09-06
7137,"sugar, bread, onion",2025-03-09
7138,"apple, milk, cereal, butter",2024-12-14
7139,"yogurt, oil",2025-07-01
7140,"bread, banana, onion, yogurt, chicken",2025-02-11
7141,"salt, oil",2025-09-07
7142,"milk, butter, cheese, banana",2024-01-06
7143,"cheese, bread, milk",2024-11-24
7144,"onion, oil, milk, pasta, orange, sugar",2024-02-05
7145,"pasta, eggs, cheese, apple, potato, sugar",2025-11-12
7146,"onion, butter, rice, cereal, yogurt",2025-03-09
7147,"banana, salt, oil, beef",2025-05-30
7148,"cereal, bread, salt, cheese, pasta, chicken",2024-01-09
7149,"onion, milk, salt",2025-07-24
7150,"salt, beef, banana, milk, sugar, yogurt",2025-12-19
7151,"apple, rice",2024-01-12
7152,"sugar, potato, cheese",2024-12-12
7153,"butter, rice, milk, beef, chicken",2025-11-09
7154,"yogurt, butter, orange, pasta, cereal",2024-02-26
7155,"pasta, salt, cheese, onion",2025-03-20
7156,"onion, beef, chicken",2025-05-27
7157,"pasta, chicken, tomato, cereal, banana, potato",2025-02-09
7158,"oil, tomato, sugar, chicken, orange, banana",2024-09-02
7159,"rice, salt, bread",2025-08-12
7160,"cereal, chicken, bread, banana, tomato",2024-11-25
7161,"sugar, cheese, oil, tomato",2024-09-17
7162,"apple, sugar",2025-07-31
7163,"potato, rice, orange",2025-08-29
7164,"beef, butter, apple, rice, cheese",2024-12-23
7165,"banana, onion, bread, milk",2024-02-13
7166,"eggs, apple, butter, salt, bread, banana",2025-09-04
7167,"orange, banana",2025-09-20
7168,"tomato, salt, onion, yogurt, cheese, pasta",2025-02-14
7169,"chicken, potato, apple",2024-05-29
7170,"yogurt, onion",2025-05-27
7171,"yogurt, eggs, potato, cereal, chicken, sugar",2024-03-21
7172,"butter, apple",2025-04-04
7173,"milk, yogurt, butter, apple",2024-03-28
7174,"banana, chicken, onion, tomato, orange, yogurt",2025-12-27
7175,"eggs, potato, cereal, sugar",2025-04-26
7176,"onion, butter",2025-08-02
7177,"chicken, yogurt",2025-01-08
7178,"rice, orange, sugar, butter, cereal, tomato",2025-01-20
7179,"yogurt, beef",2024-09-18
7180,"milk, apple",2025-07-18
7181,"milk, oil, pasta, butter",2024-11-21
7182,"potato, banana, tomato, butter",2025-08-14
7183,"milk, yogurt, beef, rice, orange",2025-05-12
7184,"oil, sugar, butter, yogurt, salt",2025-04-23
7185,"banana, cereal, orange, tomato, potato, butter",2024-07-27
7186,"apple, onion",2025-01-15
7187,"pasta, cereal, banana, yogurt, butter",2024-01-10
7188,"orange, yogurt",2024-11-23
7189,"milk, beef, bread, pasta, potato",2025-07-15
7190,"cereal, bread, tomato",2025-07-08
7191,"butter, eggs",2024-07-04
7192,"onion, orange, pasta, butter, potato",2025-08-08
7193,"salt, cereal, oil, beef, rice",2025-09-10
7194,"rice, salt, yogurt",2025-03-14
7195,"butter, chicken, tomato, milk, cereal, yogurt",2024-04-03
7196,"butter, tomato, cereal, oil, beef, eggs",2024-01-13
7197,"banana, cheese, tomato, yogurt, chicken",2025-05-11
7198,"rice, milk, apple, bread, eggs, orange",2025-06-10
7199,"onion, cheese, eggs, salt, potato",2025-07-16
7200,"cereal, butter",2025-09-21
7201,"cheese, oil, sugar, salt, butter",2024-10-25
7202,"rice, yogurt, sugar, potato, butter",2024-11-11
7203,"orange, apple, butter, bread, cheese",2025-05-30
7204,"onion, sugar, oil",2025-01-08
7205,"yogurt, sugar, apple, banana",2025-07-30
7206,"sugar, cereal, salt, banana, bread, pasta",2025-10-11
7207,"milk, rice, bread, salt, orange, pasta",2024-02-21
7208,"orange, cheese, tomato, yogurt, salt, milk",2024-12-21
7209,"pasta, sugar, beef",2024-02-08
7210,"cheese, potato",2025-04-20
7211,"chicken, sugar, bread, tomato",2025-01-25
7212,"beef, milk, butter",2025-05-01
7213,"milk, cereal, orange, butter, onion",2025-06-08
7214,"orange, tomato, eggs, yogurt, bread, salt",2025-04-18
7215,"pasta, onion, bread",2024-01-22
7216,"sugar, banana, cereal, apple, chicken",2025-07-28
7217,"chicken, cheese, onion, butter, cereal, oil",2025-09-01
7218,"eggs, chicken, onion, rice, cheese",2025-04-27
7219,"milk, yogurt, chicken, sugar",2024-04-01
7220,"apple, banana, bread, beef, orange, yogurt",2025-10-16
7221,"apple, bread, chicken, orange, rice, cereal",2025-05-22
7222,"orange, onion",2024-09-15
7223,"bread, butter, yogurt, sugar, banana",2025-02-14
7224,"pasta, eggs, banana",2025-06-07
7225,"eggs, cereal, apple, onion",2025-05-22
7226,"bread, tomato, potato, rice, cheese",2025-12-23
7227,"tomato, apple",2024-11-03
7228,"apple, orange, beef, tomato, cheese, rice",2025-07-26
7229,"cheese, orange, tomato, onion, pasta, bread",2025-08-11
7230,"cheese, beef, potato, milk, tomato",2025-03-01
7231,"banana, pasta, rice, yogurt, chicken",2025-08-16
7232,"salt, apple",2024-08-28
7233,"banana, eggs, beef, chicken, potato, salt",2025-10-19
7234,"chicken, cheese",2024-05-25
7235,"cheese, eggs",2024-11-02
7236,"apple, orange, yogurt, banana, pasta",2024-05-30
7237,"apple, salt, eggs, bread, beef",2025-06-13
7238,"bread, cereal, orange, cheese",2024-12-09
7239,"potato, orange, oil, cereal, rice, sugar",2025-02-15
7240,"rice, pasta, cereal, eggs, tomato, milk",2025-10-05
7241,"bread, rice, cheese",2024-06-14
7242,"salt, milk, yogurt, eggs, pasta, bread",2025-01-04
7243,"beef, chicken, apple, orange",2025-09-21
7244,"yogurt, beef, butter, eggs, chicken",2024-01-26
7245,"pasta, cereal, rice, eggs, banana",2025-07-07
7246,"tomato, oil, cheese",2024-08-13
7247,"beef, cheese, yogurt, potato",2024-06-30
7248,"beef, cheese, salt, banana, chicken, milk",2025-10-22
7249,"onion, sugar, cheese, chicken, beef",2024-03-07
7250,"butter, potato, rice, orange, salt",2024-11-19
7251,"apple, cereal, oil, yogurt, potato, sugar",2025-03-01
7252,"potato, cereal, rice, orange",2025-08-10
7253,"yogurt, eggs, onion",2025-02-18
7254,"cereal, chicken, bread, beef, apple",2024-06-29
7255,"onion, sugar",2024-03-12
7256,"orange, banana",2024-09-12
7257,"rice, tomato, cheese, apple",2024-02-25
7258,"banana, milk, eggs, butter, oil",2024-10-24
7259,"salt, orange, onion",2025-09-27
7260,"apple, butter, tomato, orange, onion",2024-05-03
7261,"cereal, bread, potato, pasta, beef",2024-08-22
7262,"potato, yogurt, cereal, sugar, bread",2024-07-07
7263,"tomato, salt, apple, orange, potato",2024-12-09
7264,"eggs, rice",2025-01-30
7265,"rice, apple, bread, orange, eggs, sugar",2024-07-26
7266,"pasta, chicken",2025-11-18
7267,"sugar, orange, beef, apple",2025-06-06
7268,"salt, rice",2024-03-05
7269,"yogurt, banana, beef, bread, butter",2025-02-12
7270,"milk, tomato, oil, banana, beef",2024-09-30
7271,"oil, butter, cereal",2024-10-18
7272,"potato, onion, beef",2024-07-19
7273,"cheese, beef, orange",2024-07-06
7274,"sugar, cheese, butter",2024-11-29
7275,"bread, chicken, rice, banana, cereal",2025-07-06
7276,"cheese, rice, butter",2025-02-01
7277,"butter, salt, rice, potato",2025-09-23
7278,"sugar, apple",2025-06-11
7279,"milk, beef, yogurt, butter, orange",2024-11-20
7280,"apple, cereal, milk, pasta, cheese",2024-10-24
7281,"butter, salt, apple, oil, cereal",2025-04-08
7282,"salt, beef, pasta, onion, eggs",2024-08-24
7283,"onion, cheese, rice, milk",2025-02-05
7284,"oil, salt",2025-05-11
7285,"salt, eggs, oil, cheese, rice, cereal",2024-08-14
7286,"onion, sugar, apple, salt, bread",2025-06-11
7287,"cereal, yogurt, eggs, onion, milk",2025-09-09
7288,"cheese, onion, butter",2025-06-11
7289,"oil, cheese, yogurt, eggs, salt",2024-12-03
7290,"butter, salt, beef, bread, orange, cheese",2024-05-10
7291,"cereal, milk, yogurt, apple, orange",2024-04-01
7292,"milk, cereal, salt, potato",2025-05-27
7293,"milk, chicken, rice, oil",2024-04-17
7294,"sugar, beef",2024-04-27
7295,"butter, banana",2025-08-13
7296,"salt, eggs, oil, butter, yogurt",2024-11-14
7297,"banana, yogurt, orange, pasta",2025-02-16
7298,"banana, oil, sugar, milk, chicken",2025-09-12
7299,"sugar, onion",2025-10-23
7300,"beef, butter, rice, banana, apple",2024-12-27
7301,"orange, yogurt, tomato, salt, potato, butter",2025-10-31
7302,"eggs, potato, milk, bread, cereal",2025-05-20
7303,"butter, cereal, beef",2025-05-29
7304,"potato, beef, salt, yogurt",2024-06-12
7305,"rice, apple, salt, banana",2025-04-19
7306,"bread, sugar, orange, banana, butter, pasta",2025-10-29
7307,"beef, pasta, milk, rice",2025-12-09
7308,"cereal, pasta",2025-03-08
7309,"banana, orange, salt, apple, pasta",2024-09-01
7310,"eggs, tomato",2025-09-07
7311,"orange, potato, onion, banana, salt",2025-01-07
7312,"cheese, bread, chicken, eggs, orange, yogurt",2024-05-12
7313,"sugar, rice, beef, eggs",2025-02-27
7314,"pasta, onion, banana",2025-12-15
7315,"beef, orange, sugar, cereal, onion, salt",2025-01-23
7316,"eggs, milk, cheese, bread, yogurt, apple",2025-11-07
7317,"cereal, onion, oil, eggs, bread",2025-04-11
7318,"orange, milk, bread, pasta, rice",2024-08-21
7319,"cereal, chicken, potato, sugar",2025-12-27
7320,"butter, rice",2025-07-03
7321,"onion, milk, butter, oil, rice",2024-07-06
7322,"sugar, pasta, eggs, chicken, beef, apple",2024-03-05
7323,"orange, eggs, cheese",2025-06-03
7324,"apple, potato, cereal, pasta, milk",2024-04-18
7325,"oil, yogurt, beef, sugar, rice",2024-04-29
7326,"apple, orange, beef, banana, bread",2025-03-05
7327,"cheese, chicken, orange, salt",2024-04-30
7328,"potato, beef",2025-05-27
7329,"eggs, cheese, chicken, onion, butter",2025-07-07
7330,"banana, pasta, salt, cheese, tomato, sugar",2024-09-24
7331,"onion, milk, tomato",2024-06-26
7332,"apple, beef",2025-07-08
7333,"sugar, banana, bread, eggs, onion, tomato",2024-01-04
7334,"yogurt, oil",2024-05-05
7335,"orange, yogurt",2025-03-26
7336,"butter, tomato, milk, onion, sugar, salt",2025-11-15
7337,"apple, rice, eggs, yogurt, tomato, beef",2025-11-14
7338,"tomato, apple",2025-09-02
7339,"banana, pasta, orange, apple, potato",2024-07-06
7340,"oil, orange, eggs, milk",2025-12-05
7341,"apple, bread, rice, banana",2025-09-08
7342,"pasta, oil, onion, bread",2025-01-27
7343,"oil, cereal",2024-05-05
7344,"beef, milk, potato, salt, apple",2024-10-17
7345,"banana, orange",2024-03-06
7346,"banana, sugar",2024-05-19
7347,"cheese, bread, cereal, chicken, rice",2025-07-22
7348,"banana, sugar, tomato, pasta, orange",2025-02-13
7349,"banana, onion, orange, salt, bread",2024-05-16
7350,"eggs, cheese",2024-08-04
7351,"sugar, yogurt, eggs",2024-06-12
7352,"butter, yogurt, cereal, chicken, eggs, oil",2024-02-15
7353,"cereal, cheese, eggs, butter, beef, milk",2024-06-10
7354,"tomato, apple",2025-03-19
7355,"yogurt, apple, butter",2025-02-24
7356,"chicken, milk",2025-03-13
7357,"butter, onion, cheese",2024-08-26
7358,"milk, rice",2024-05-20
7359,"tomato, cereal, salt, butter, rice",2025-08-28
7360,"butter, potato",2025-09-15
7361,"apple, potato, rice, milk, oil, eggs",2024-11-11
7362,"orange, milk, rice, butter, chicken, apple",2024-03-19
7363,"milk, banana, tomato, chicken, salt",2025-09-29
7364,"sugar, bread, oil, potato, onion, cereal",2024-03-09
7365,"oil, potato, eggs, cheese",2025-06-13
7366,"yogurt, salt, beef, cereal, apple",2024-03-28
7367,"salt, banana, oil, yogurt",2025-09-23
7368,"eggs, tomato",2025-12-21
7369,"bread, tomato, banana, milk, cereal",2024-01-08
7370,"eggs, onion, apple",2024-02-28
7371,"beef, eggs",2024-12-19
7372,"sugar, eggs, tomato, cereal",2025-12-22
7373,"yogurt, rice, sugar, salt",2025-05-12
7374,"tomato, rice, onion, eggs, chicken, apple",2024-03-30
7375,"beef, milk, tomato, bread",2025-04-05
7376,"yogurt, banana, beef, apple",2025-07-27
7377,"salt, cheese",2024-02-05
7378,"bread, oil, sugar",2025-11-12
7379,"apple, milk, potato, pasta, cheese",2025-12-16
7380,"sugar, oil, milk, apple",2025-09-02
7381,"orange, milk, yogurt",2024-07-13
7382,"oil, salt, yogurt, banana, pasta, rice",2025-05-12
7383,"apple, rice, cereal, chicken",2024-06-10
7384,"rice, pasta, beef, chicken, potato, oil",2024-02-05
7385,"banana, sugar",2025-08-17
7386,"bread, beef, onion, tomato, rice",2024-10-20
7387,"banana, bread, potato, pasta, cheese, cereal",2025-04-16
7388,"bread, banana, cereal, apple, oil",2025-07-04
7389,"cereal, potato",2024-04-20
7390,"eggs, tomato, orange, bread, cheese",2025-02-21
7391,"cheese, banana, oil, milk, pasta",2025-12-19
7392,"banana, orange, yogurt, potato, bread",2025-10-26
7393,"salt, banana, chicken, tomato",2025-10-03
7394,"sugar, oil, orange, apple, bread, banana",2024-10-08
7395,"potato, tomato, oil",2024-03-25
7396,"yogurt, pasta, tomato, sugar, cheese, salt",2025-06-25
7397,"cheese, rice",2025-12-10
7398,"orange, tomato",2025-09-25
7399,"butter, salt, potato, pasta, rice",2025-07-01
7400,"sugar, salt, bread",2024-06-06
7401,"cereal, onion, bread, beef, cheese, chicken",2025-07-09
7402,"pasta, rice, onion",2025-11-26
7403,"chicken, butter, cheese",2024-02-27
7404,"bread, sugar, banana, apple, orange",2025-02-03
7405,"tomato, eggs, apple, yogurt",2025-04-12
7406,"cheese, butter, rice, tomato, orange",2024-07-28
7407,"bread, oil",2024-01-12
7408,"beef, bread, salt, tomato",2025-03-18
7409,"sugar, bread, orange, oil, rice",2025-01-07
7410,"rice, potato",2025-06-27
7411,"onion, apple, butter, cereal, oil",2025-06-27
7412,"cheese, chicken",2024-10-22
7413,"beef, bread, milk, pasta, yogurt",2025-02-17
7414,"salt, yogurt",2025-01-01
7415,"onion, cereal, cheese, salt, tomato, apple",2025-10-15
7416,"sugar, tomato",2024-07-10
7417,"apple, pasta",2025-04-11
7418,"potato, eggs, oil",2025-05-27
7419,"oil, salt, milk",2024-01-30
7420,"beef, salt, tomato, sugar, eggs",2025-04-14
7421,"milk, potato, apple, yogurt, beef",2024-08-19
7422,"tomato, beef",2025-07-14
7423,"tomato, apple",2025-08-10
7424,"milk, banana, eggs, potato, apple",2024-06-30
7425,"butter, eggs",2025-12-16
7426,"rice, banana",2024-06-07
7427,"cheese, bread, potato",2025-07-25
7428,"beef, oil",2025-12-23
7429,"oil, tomato",2024-02-26
7430,"tomato, yogurt, eggs",2025-04-28
7431,"cereal, pasta, onion, milk, beef",2024-06-26
7432,"cheese, chicken, cereal, rice",2025-03-30
7433,"oil, tomato, chicken",2025-12-16
7434,"potato, oil",2025-11-13
7435,"butter, yogurt",2024-06-29
7436,"potato, pasta, apple",2024-11-02
7437,"orange, apple",2024-09-14
7438,"yogurt, potato, orange, rice, beef, sugar",2025-04-07
7439,"salt, onion, pasta, sugar, apple",2025-05-19
7440,"chicken, banana, yogurt, rice, potato",2025-06-05
7441,"rice, oil, sugar, cheese",2025-07-10
7442,"orange, eggs, pasta, cheese, salt",2025-05-15
7443,"butter, cheese, rice, banana",2024-01-16
7444,"rice, pasta, banana",2025-09-28
7445,"potato, chicken, milk, onion, rice",2024-02-01
7446,"cereal, butter, pasta",2025-10-04
7447,"onion, banana, potato, milk",2025-11-23
7448,"onion, oil, milk, potato",2025-09-05
7449,"potato, cheese, beef, yogurt, bread, rice",2024-02-12
7450,"yogurt, butter",2024-08-20
7451,"yogurt, bread, orange, cheese, pasta, sugar",2024-12-31
7452,"beef, oil, chicken, cheese, banana, bread",2025-02-22
7453,"cheese, milk, beef, orange",2024-02-17
7454,"eggs, banana",2024-06-21
7455,"apple, chicken, potato, butter",2024-10-08
7456,"cereal, yogurt, onion",2025-11-24
7457,"milk, apple",2024-01-09
7458,"cereal, potato, banana, apple, orange, tomato",2024-12-11
7459,"pasta, apple, onion",2025-08-25
7460,"sugar, beef, chicken, onion",2024-02-04
7461,"apple, pasta, rice, cheese",2025-01-30
7462,"cereal, milk, bread, pasta, tomato",2024-10-04
7463,"chicken, apple, potato, onion, tomato, butter",2024-10-02
7464,"salt, yogurt, potato, apple, chicken, rice",2025-06-12
7465,"sugar, pasta",2024-05-13
7466,"bread, orange",2024-01-02
7467,"bread, rice, orange, pasta",2024-12-24
7468,"bread, orange",2025-10-16
7469,"milk, pasta, tomato, yogurt",2024-09-06
7470,"chicken, bread",2024-03-02
7471,"milk, onion, oil",2024-02-03
7472,"beef, cereal",2025-03-24
7473,"yogurt, tomato",2024-10-06
7474,"milk, yogurt, banana, butter",2025-08-14
7475,"oil, rice, sugar, apple, eggs",2024-04-19
7476,"oil, butter",2025-02-01
7477,"banana, apple, tomato, salt, oil",2024-01-18
7478,"onion, bread, yogurt, butter",2024-02-22
7479,"bread, onion, oil, potato, apple, cereal",2024-11-03
7480,"rice, butter, banana",2025-02-12
7481,"banana, butter, tomato",2024-10-16
7482,"eggs, beef",2024-08-14
7483,"banana, rice, beef, oil",2024-07-02
7484,"tomato, rice",2024-12-12
7485,"cheese, banana, tomato, bread",2024-06-18
7486,"apple, banana, pasta",2024-05-28
7487,"potato, onion, eggs, butter",2025-11-30
7488,"beef, yogurt",2025-07-03
7489,"cereal, salt, eggs, orange, oil, beef",2024-11-04
7490,"oil, eggs, butter, banana, chicken, pasta",2024-01-30
7491,"cheese, onion, yogurt, orange, banana, sugar",2025-01-26
7492,"yogurt, sugar, cheese",2025-11-25
7493,"oil, salt, potato",2024-11-19
7494,"banana, yogurt, tomato, cheese",2024-03-29
7495,"yogurt, rice, onion, butter, milk",2025-05-28
7496,"cereal, tomato, bread, oil, apple, pasta",2024-11-07
7497,"milk, sugar, banana, salt",2025-02-23
7498,"onion, butter, banana, sugar",2024-11-26
7499,"apple, bread, salt",2024-08-23
7500,"eggs, sugar, bread, yogurt, milk, salt",2024-05-24
7501,"oil, chicken, potato, cereal, sugar",2024-06-18
7502,"salt, oil, yogurt, apple, beef",2024-07-30
7503,"eggs, tomato, onion, banana, cereal, apple",2024-11-24
7504,"potato, bread",2024-03-09
7505,"oil, pasta, sugar, butter, rice",2025-12-09
7506,"sugar, eggs, yogurt, bread, apple",2025-05-12
7507,"salt, milk",2025-04-19
7508,"apple, sugar, orange, salt, rice",2024-10-16
7509,"cheese, beef, eggs, rice, milk, banana",2025-05-13
7510,"butter, tomato, pasta, apple, orange, yogurt",2024-02-19
7511,"banana, potato",2025-01-26
7512,"eggs, apple, onion",2024-03-01
7513,"beef, rice, yogurt",2024-02-19
7514,"eggs, banana, pasta, milk",2024-08-07
7515,"yogurt, salt, potato, butter, milk",2025-02-19
7516,"salt, onion",2025-03-07
7517,"orange, apple, salt",2025-04-05
7518,"potato, rice, orange",2025-06-23
7519,"yogurt, cereal, milk",2024-06-24
7520,"rice, chicken",2024-09-07
7521,"potato, chicken, beef, sugar, orange",2025-09-26
7522,"apple, milk, potato, pasta, salt",2025-06-08
7523,"butter, rice, cereal",2024-09-17
7524,"beef, rice, cereal, butter",2024-12-21
7525,"cheese, oil",2024-04-05
7526,"oil, pasta, cheese",2024-10-10
7527,"orange, yogurt, beef, chicken, onion",2024-01-25
7528,"rice, orange, apple, sugar",2025-01-20
7529,"eggs, orange, oil, apple",2025-01-29
7530,"onion, banana, cheese, butter",2024-09-17
7531,"chicken, milk",2024-06-09
7532,"eggs, bread",2024-12-29
7533,"orange, eggs, apple, sugar",2024-03-08
7534,"eggs, potato",2025-07-13
7535,"pasta, rice, salt, eggs, sugar",2024-09-18
7536,"orange, salt, potato, tomato",2025-09-04
7537,"apple, chicken, pasta, banana, bread, tomato",2025-04-20
7538,"eggs, apple, salt, tomato, oil",2024-05-22
7539,"onion, sugar, cheese, cereal, pasta",2024-04-30
7540,"chicken, cheese, potato, banana, bread",2024-03-04
7541,"rice, salt, beef, tomato",2025-11-22
7542,"milk, sugar, banana, yogurt",2025-09-29
7543,"potato, butter",2025-12-22
7544,"oil, sugar, orange",2024-08-22
7545,"banana, oil",2025-09-11
7546,"banana, apple, potato, bread",2025-11-22
7547,"eggs, banana",2025-10-12
7548,"cereal, bread",2024-04-18
7549,"onion, sugar, bread",2025-06-24
7550,"tomato, potato",2024-03-12
7551,"potato, chicken, apple, cheese",2024-06-25
7552,"banana, oil, apple, milk, potato",2024-01-03
7553,"orange, butter",2024-08-24
7554,"yogurt, butter, chicken, banana, cereal, orange",2025-11-30
7555,"milk, potato",2024-09-05
7556,"cheese, beef, apple, potato, tomato, butter",2024-10-24
7557,"yogurt, tomato, bread, cereal",2025-11-02
7558,"yogurt, onion, rice, butter",2024-05-27
7559,"apple, oil, butter",2025-07-28
7560,"beef, potato, sugar, bread, salt, butter",2024-12-18
7561,"chicken, pasta, beef, butter",2024-06-29
7562,"oil, onion",2024-10-16
7563,"eggs, bread, cereal, pasta, onion, cheese",2024-07-11
7564,"beef, bread, butter, apple, cereal",2025-02-14
7565,"apple, tomato",2024-10-22
7566,"potato, cheese, butter, apple, rice, salt",2024-11-28
7567,"apple, sugar, onion",2025-07-11
7568,"yogurt, apple, onion, butter, oil",2024-09-13
7569,"chicken, rice, yogurt",2024-05-17
7570,"onion, potato, rice, cereal",2024-03-16
7571,"chicken, butter, onion, sugar, salt",2025-11-18
7572,"yogurt, butter, tomato",2025-11-12
7573,"milk, cereal, oil, chicken, butter, cheese",2024-06-17
7574,"sugar, cheese, orange, eggs",2025-11-28
7575,"potato, milk, sugar, pasta, orange",2025-10-16
7576,"banana, onion",2024-09-16
7577,"onion, tomato, bread, banana, eggs, sugar",2024-11-23
7578,"onion, potato",2024-11-18
7579,"salt, eggs, apple, pasta, rice, banana",2024-05-26
7580,"orange, butter, banana, sugar",2024-07-23
7581,"tomato, bread",2024-08-21
7582,"onion, potato, butter, apple, banana",2025-10-17
7583,"salt, banana",2025-10-23
7584,"banana, tomato, butter, cereal, bread, sugar",2025-04-08
7585,"oil, onion, tomato, orange, chicken, salt",2025-08-29
7586,"pasta, beef",2024-07-22
7587,"chicken, cheese, milk",2024-11-10
7588,"pasta, milk, butter, eggs, oil",2025-12-11
7589,"milk, bread, salt, beef, pasta",2024-08-25
7590,"butter, onion, orange",2025-02-13
7591,"eggs, apple, banana",2024-09-04
7592,"cheese, butter, eggs, apple",2025-07-01
7593,"sugar, beef, apple, milk, bread, banana",2024-09-24
7594,"salt, tomato, onion",2025-11-23
7595,"cereal, sugar, oil, rice, tomato",2025-04-10
7596,"chicken, bread, cereal, potato, yogurt",2024-07-30
7597,"cheese, oil, apple, rice",2024-07-18
7598,"sugar, yogurt, cereal, cheese, orange",2025-07-25
7599,"salt, banana",2025-09-27
7600,"butter, cereal, chicken",2025-12-27
7601,"banana, potato, onion, apple, milk",2025-10-22
7602,"potato, rice, chicken, butter",2024-06-30
7603,"oil, potato",2025-01-28
7604,"orange, milk, bread, sugar",2025-01-08
7605,"cheese, yogurt, tomato",2025-07-15
7606,"onion, banana, beef, apple, tomato",2025-10-03
7607,"oil, bread, pasta, sugar, cheese",2025-12-10
7608,"salt, potato, sugar, milk",2025-10-16
7609,"eggs, bread, tomato, pasta",2025-06-12
7610,"tomato, apple, orange",2024-08-19
7611,"tomato, oil, potato",2025-12-13
7612,"chicken, tomato, salt, rice",2024-04-24
7613,"bread, chicken, sugar, oil, cereal, rice",2024-09-12
7614,"cheese, bread, oil, beef, yogurt, apple",2024-11-25
7615,"oil, butter",2024-05-19
7616,"rice, salt",2025-09-05
7617,"cereal, butter, tomato, beef, banana, onion",2024-07-11
7618,"milk, chicken, oil, pasta, cereal, yogurt",2024-02-29
7619,"salt, sugar, oil, pasta, butter, tomato",2025-03-21
7620,"eggs, bread, tomato, potato, pasta, oil",2025-03-22
7621,"salt, cereal",2025-07-21
7622,"milk, orange, tomato, chicken",2025-05-15
7623,"cereal, onion, potato, yogurt, pasta",2024-11-07
7624,"sugar, butter, rice",2025-05-27
7625,"beef, pasta, tomato, eggs, onion",2025-09-25
7626,"salt, cheese, banana, sugar, yogurt",2024-02-19
7627,"rice, oil, beef",2024-04-07
7628,"onion, bread",2025-02-28
7629,"sugar, bread, pasta, milk, potato, orange",2025-08-28
7630,"butter, salt, chicken",2025-06-15
7631,"tomato, onion, pasta, sugar, bread",2024-09-24
7632,"butter, oil, cereal, yogurt",2025-12-20
7633,"eggs, onion",2025-12-22
7634,"yogurt, bread, tomato, banana, eggs, rice",2025-07-21
7635,"bread, eggs, banana",2025-06-13
7636,"yogurt, onion, oil",2025-11-02
7637,"onion, chicken, cheese, eggs",2024-04-26
7638,"chicken, yogurt",2024-12-03
7639,"rice, onion, chicken, sugar",2024-07-09
7640,"eggs, oil",2025-06-14
7641,"milk, onion, butter",2024-09-17
7642,"milk, tomato, chicken, butter",2025-11-23
7643,"rice, cereal, oil, milk, beef",2025-07-27
7644,"yogurt, oil, tomato, beef, onion, rice",2025-04-23
7645,"cheese, rice, yogurt, cereal",2025-03-15
7646,"onion, yogurt, rice, potato, chicken, orange",2024-07-16
7647,"bread, yogurt, butter, chicken, onion",2025-01-28
7648,"tomato, banana, cheese, yogurt",2024-08-28
7649,"tomato, beef, milk, potato, apple, banana",2024-10-19
7650,"orange, bread, eggs",2025-05-29
7651,"onion, bread, potato, chicken",2024-08-15
7652,"onion, orange, oil, sugar, butter",2024-06-17
7653,"onion, beef, oil, eggs, orange, potato",2024-05-06
7654,"cheese, rice, chicken",2025-05-05
7655,"cereal, oil, potato, pasta, orange",2025-10-15
7656,"sugar, apple, potato, milk, tomato, orange",2024-09-03
7657,"bread, sugar, cereal, rice, banana, orange",2024-03-30
7658,"onion, yogurt",2024-07-28
7659,"banana, bread, salt, cereal, tomato",2024-03-11
7660,"chicken, tomato",2025-06-27
7661,"milk, butter, chicken, pasta, yogurt, orange",2025-06-18
7662,"apple, eggs, banana",2024-06-28
7663,"apple, beef",2025-04-29
7664,"pasta, yogurt, orange, beef, salt, banana",2025-05-19
7665,"onion, banana, eggs, cheese, apple, rice",2024-05-03
7666,"onion, orange",2024-02-09
7667,"oil, bread, onion, chicken",2024-06-21
7668,"milk, sugar",2025-07-21
7669,"eggs, butter, milk, rice, beef, orange",2024-04-07
7670,"onion, potato, pasta, milk, orange",2024-10-17
7671,"potato, rice, butter, tomato",2024-07-01
7672,"salt, beef, tomato, chicken, bread",2025-02-27
7673,"sugar, banana",2025-05-26
7674,"butter, sugar, potato",2024-10-01
7675,"onion, sugar, yogurt",2025-05-11
7676,"cheese, onion, yogurt, orange",2024-06-05
7677,"pasta, tomato, apple, sugar, eggs",2024-02-13
7678,"salt, yogurt, oil, apple",2025-01-29
7679,"rice, oil",2024-12-17
7680,"beef, oil",2024-10-05
7681,"banana, rice, potato, eggs, oil, beef",2024-03-27
7682,"banana, tomato, salt, sugar",2024-10-27
7683,"chicken, cereal, orange",2024-10-11
7684,"eggs, milk, banana, butter",2025-08-12
7685,"salt, potato, tomato",2025-09-10
7686,"beef, cheese, potato, bread, butter, apple",2025-06-30
7687,"cereal, beef, butter, onion",2025-08-20
7688,"rice, banana",2025-03-17
7689,"butter, cereal, potato, cheese, rice, yogurt",2025-11-30
7690,"eggs, beef, oil, apple",2025-05-10
7691,"orange, beef, cheese, onion, bread, chicken",2025-08-20
7692,"rice, beef, cereal",2024-08-08
7693,"butter, sugar, yogurt",2025-03-10
7694,"rice, banana, beef",2024-01-14
7695,"rice, beef, onion, apple",2024-11-22
7696,"potato, tomato, rice",2025-06-06
7697,"banana, cereal",2024-07-01
7698,"beef, milk, butter, bread",2024-12-31
7699,"pasta, chicken, sugar, butter, milk, onion",2025-10-06
7700,"milk, beef, eggs, chicken, cereal, potato",2025-11-06
7701,"cheese, bread, oil, tomato, beef",2024-09-22
7702,"chicken, butter, potato, orange, salt",2025-09-05
7703,"eggs, beef, pasta, banana",2024-12-17
7704,"butter, salt, bread",2024-12-15
7705,"tomato, butter",2025-10-12
7706,"cheese, eggs, pasta, apple, orange, tomato",2025-04-01
7707,"tomato, salt, eggs, chicken, onion",2024-08-13
7708,"apple, cereal, bread, rice, chicken",2025-01-05
7709,"oil, milk, orange, yogurt, cereal",2024-11-18
7710,"beef, tomato, milk, eggs, oil",2024-01-15
7711,"chicken, apple",2024-07-31
7712,"rice, yogurt, banana",2024-02-22
7713,"pasta, onion, bread",2025-04-24
7714,"potato, sugar, oil, milk, cheese, yogurt",2025-11-11
7715,"banana, apple, salt, sugar, chicken",2024-11-26
7716,"yogurt, cheese, bread, rice",2024-03-11
7717,"salt, tomato",2024-01-05
7718,"tomato, sugar, chicken, orange, cereal",2025-01-01
7719,"cereal, onion, milk",2024-10-17
7720,"cereal, yogurt, beef, onion",2025-06-01
7721,"salt, eggs, potato",2024-08-27
7722,"beef, banana, tomato",2025-05-11
7723,"beef, tomato, bread",2024-05-21
7724,"sugar, cereal, salt, tomato, milk",2024-03-29
7725,"eggs, onion, butter, yogurt, sugar",2024-06-03
7726,"pasta, salt",2024-11-12
7727,"orange, salt, tomato",2025-01-24
7728,"eggs, tomato, milk, apple",2024-04-23
7729,"onion, oil, yogurt",2024-07-23
7730,"salt, beef, rice, eggs, yogurt, butter",2024-10-23
7731,"eggs, milk, pasta, orange, cereal, potato",2024-03-20
7732,"milk, potato, beef, butter, tomato, pasta",2025-07-16
7733,"cheese, sugar, orange, butter, rice",2025-11-05
7734,"oil, rice, potato, chicken, butter, cheese",2025-12-04
7735,"banana, potato, eggs, milk, pasta, apple",2025-06-30
7736,"yogurt, banana, onion, potato",2025-03-30
7737,"yogurt, eggs, sugar, pasta",2024-10-17
7738,"onion, eggs",2025-02-02
7739,"cereal, yogurt, orange, beef, chicken",2025-09-03
7740,"cereal, oil, yogurt, potato, sugar",2024-09-30
7741,"onion, yogurt, salt, bread, orange",2024-06-03
7742,"beef, salt, cheese",2025-09-15
7743,"tomato, salt, bread, eggs",2025-02-06
7744,"rice, potato, tomato, apple",2025-12-03
7745,"tomato, salt, apple, beef",2025-12-23
7746,"cereal, tomato",2025-08-07
7747,"orange, butter, salt, potato, beef, cheese",2024-04-02
7748,"yogurt, onion, tomato, pasta",2024-06-05
7749,"chicken, tomato, oil, cereal, butter",2024-02-14
7750,"beef, bread, yogurt",2024-06-20
7751,"orange, pasta, beef, oil",2024-04-12
7752,"onion, apple",2024-07-16
7753,"eggs, oil, apple, milk",2025-12-20
7754,"beef, cheese",2025-07-01
7755,"rice, tomato, bread, chicken, onion",2025-09-25
7756,"butter, pasta, onion, yogurt",2025-03-06
7757,"beef, banana, sugar, eggs, yogurt, bread",2025-07-12
7758,"banana, rice",2024-05-02
7759,"beef, banana, sugar, pasta, cereal, onion",2025-11-16
7760,"banana, oil",2025-03-06
7761,"cheese, bread",2025-08-29
7762,"yogurt, pasta, potato, chicken",2025-03-21
7763,"cereal, cheese, sugar, bread, oil, banana",2025-06-01
7764,"salt, tomato, cheese",2025-08-03
7765,"cheese, oil",2024-05-05
7766,"rice, tomato",2024-09-08
7767,"tomato, onion, rice",2024-07-14
7768,"potato, rice, salt",2025-05-12
7769,"chicken, cheese, potato, butter, yogurt, tomato",2025-10-06
7770,"cereal, orange, banana, eggs, sugar, butter",2024-04-18
7771,"butter, milk, sugar, banana",2024-11-26
7772,"banana, cereal, sugar, butter",2025-10-31
7773,"chicken, beef",2024-07-06
7774,"cereal, rice, bread, oil, beef, yogurt",2025-10-01
7775,"cheese, potato, sugar, salt, bread, butter",2025-10-02
7776,"bread, apple, eggs, cereal, beef, rice",2024-02-06
7777,"rice, bread, chicken, eggs, onion, tomato",2024-12-18
7778,"eggs, bread, cheese, potato",2025-09-14
7779,"butter, bread",2024-03-31
7780,"salt, milk",2024-08-15
7781,"cheese, tomato, oil, cereal",2024-10-05
7782,"orange, yogurt",2024-01-01
7783,"sugar, cereal, apple, chicken",2024-10-07
7784,"oil, onion",2024-05-09
7785,"beef, eggs, oil, salt, milk",2025-02-11
7786,"apple, butter, oil, onion, beef",2025-12-28
7787,"eggs, pasta, onion, yogurt",2024-02-24
7788,"cereal, onion",2024-09-26
7789,"apple, potato, milk, eggs, cheese",2024-01-03
7790,"tomato, butter, bread, eggs",2025-04-24
7791,"milk, cheese, eggs, butter",2025-06-18
7792,"potato, yogurt, rice, sugar, cheese, cereal",2024-11-03
7793,"banana, potato",2025-03-14
7794,"bread, salt, milk, eggs, tomato",2025-04-16
7795,"chicken, cereal",2025-01-01
7796,"potato, pasta",2024-12-04
7797,"chicken, potato, butter",2024-05-01
7798,"salt, yogurt, onion, apple, banana, butter",2025-08-25
7799,"beef, pasta, banana, cheese",2025-11-08
7800,"cereal, eggs, pasta",2025-05-09
7801,"butter, chicken, salt, pasta, cheese, tomato",2025-10-01
7802,"rice, cereal",2025-09-15
7803,"butter, cereal, chicken",2025-03-31
7804,"butter, onion, cheese, tomato, bread",2025-12-11
7805,"bread, pasta, milk, butter, potato, orange",2024-11-06
7806,"potato, sugar, apple, salt",2024-04-26
7807,"oil, rice, pasta, orange",2025-07-25
7808,"sugar, apple, onion, milk",2025-09-25
7809,"yogurt, milk, beef, butter, sugar",2024-06-23
7810,"oil, potato",2025-12-21
7811,"oil, yogurt, cheese, rice, potato, onion",2024-05-15
7812,"milk, banana",2024-10-28
7813,"potato, beef, rice, banana, tomato",2024-07-29
7814,"pasta, cheese, apple",2024-06-20
7815,"yogurt, sugar, onion",2025-07-12
7816,"apple, bread, butter, tomato",2024-02-18
7817,"yogurt, rice, tomato, onion, banana, chicken",2025-03-21
7818,"potato, onion",2025-01-13
7819,"butter, chicken",2024-08-21
7820,"apple, salt, yogurt, tomato, potato",2025-06-13
7821,"salt, rice, beef, milk, potato, oil",2025-11-12
7822,"cereal, chicken",2024-06-23
7823,"bread, milk, yogurt, apple, beef, tomato",2024-02-16
7824,"bread, beef",2024-01-19
7825,"butter, onion, apple, banana, potato",2025-06-22
7826,"onion, apple, potato, rice",2024-07-09
7827,"butter, cheese, milk, oil",2024-05-26
7828,"cereal, milk, potato",2024-06-20
7829,"banana, pasta, butter, bread",2024-08-08
7830,"eggs, beef, tomato, apple",2024-09-19
7831,"yogurt, cheese, chicken, cereal, bread, apple",2024-12-21
7832,"potato, rice, apple",2024-02-06
7833,"chicken, tomato, apple",2025-01-26
7834,"apple, banana, rice",2025-06-16
7835,"cereal, sugar",2024-02-10
7836,"butter, potato, rice",2025-02-03
7837,"oil, salt, cereal, onion, chicken, cheese",2025-03-09
7838,"cheese, sugar, cereal",2024-09-27
7839,"chicken, salt, onion, apple, oil, butter",2024-12-16
7840,"oil, salt, banana, onion, potato",2025-12-03
7841,"sugar, cheese, banana, salt, bread, chicken",2025-07-26
7842,"cheese, beef",2024-08-04
7843,"sugar, salt, beef, cereal, rice",2025-05-09
7844,"eggs, sugar",2024-06-17
7845,"banana, cheese, onion",2025-03-16
7846,"oil, potato, orange, salt, cheese",2024-06-27
7847,"sugar, eggs, cereal, butter",2025-10-15
7848,"sugar, onion",2024-06-20
7849,"tomato, bread, rice, milk, onion, yogurt",2025-10-11
7850,"butter, rice, beef, eggs",2024-02-08
7851,"potato, apple",2025-03-11
7852,"beef, bread, rice, oil",2024-02-26
7853,"chicken, orange, yogurt, salt, sugar",2024-02-28
7854,"banana, salt, butter, pasta, potato, sugar",2025-11-04
7855,"orange, bread",2024-04-19
7856,"chicken, cereal",2024-12-23
7857,"pasta, beef",2025-11-06
7858,"eggs, pasta, cheese, beef, sugar",2024-07-15
7859,"onion, salt",2024-12-20
7860,"salt, orange, chicken, oil, milk, onion",2025-02-11
7861,"butter, orange, sugar, milk, rice",2024-05-05
7862,"beef, orange, banana, milk",2025-09-22
7863,"apple, onion",2024-06-15
7864,"pasta, beef, sugar",2024-06-16
7865,"potato, apple",2024-06-06
7866,"oil, chicken, butter, orange, salt, apple",2025-06-25
7867,"tomato, oil, potato, bread",2025-12-26
7868,"bread, eggs, cereal, banana, sugar",2024-09-18
7869,"orange, eggs",2024-06-17
7870,"pasta, sugar, potato, tomato, yogurt, apple",2025-10-12
7871,"oil, beef, tomato",2025-07-10
7872,"banana, bread",2024-10-23
7873,"chicken, banana, sugar",2025-12-22
7874,"rice, eggs, milk, potato, sugar",2025-02-20
7875,"chicken, orange, rice, butter, bread, oil",2024-09-05
7876,"banana, potato, sugar, pasta, beef",2025-12-06
7877,"beef, onion, eggs",2025-11-09
7878,"eggs, salt, beef",2024-11-25
7879,"onion, eggs, orange",2024-02-25
7880,"chicken, orange, eggs, bread, onion",2025-10-06
7881,"cereal, orange, apple, tomato, milk",2025-08-19
7882,"banana, bread",2024-04-05
7883,"eggs, beef",2024-11-28
7884,"potato, cereal, onion, eggs, bread, orange",2025-06-25
7885,"oil, sugar",2025-11-23
7886,"pasta, beef, yogurt, banana, eggs",2024-05-25
7887,"salt, beef, onion, apple",2024-09-10
7888,"chicken, bread, salt, eggs",2025-02-03
7889,"salt, banana, cereal",2024-10-14
7890,"salt, bread, sugar",2024-07-28
7891,"milk, apple, banana",2024-02-17
7892,"potato, banana",2024-06-15
7893,"banana, pasta",2025-10-29
7894,"yogurt, orange, potato, sugar, cheese",2025-07-06
7895,"oil, cereal, salt, sugar",2024-07-05
7896,"rice, tomato",2024-09-14
7897,"eggs, orange, tomato, oil, cereal, sugar",2024-09-05
7898,"orange, beef, tomato",2024-07-23
7899,"butter, yogurt, beef, chicken",2024-09-24
7900,"onion, bread, rice, orange, cereal, salt",2024-09-14
7901,"cheese, onion, rice, banana, apple, tomato",2024-06-03
7902,"orange, yogurt, cereal, pasta",2024-09-04
7903,"apple, cereal",2025-06-06
7904,"chicken, cheese, cereal, banana",2025-09-15
7905,"bread, apple, banana, eggs, salt",2025-01-31
7906,"milk, butter",2025-05-12
7907,"butter, beef, onion, cereal, sugar, tomato",2024-08-07
7908,"onion, beef, sugar",2025-09-25
7909,"salt, apple",2024-10-08
7910,"orange, eggs, beef, sugar, cheese",2024-06-24
7911,"cheese, oil, bread, cereal, tomato, eggs",2024-06-20
7912,"sugar, pasta, bread, beef",2025-08-27
7913,"rice, tomato, oil, milk",2024-07-09
7914,"tomato, butter, salt, milk",2025-05-21
7915,"orange, eggs, cheese, yogurt",2024-04-21
7916,"sugar, cereal, orange, yogurt, banana, milk",2025-11-10
7917,"beef, salt, orange, potato",2024-01-14
7918,"pasta, cereal, beef, butter, bread, tomato",2025-05-01
7919,"cheese, salt",2025-05-06
7920,"onion, apple, oil",2025-08-09
7921,"cereal, onion",2025-01-10
7922,"potato, banana, rice",2024-02-17
7923,"orange, onion, apple, cereal, salt",2024-12-02
7924,"oil, tomato, orange, cheese",2024-09-06
7925,"butter, milk",2024-04-22
7926,"orange, tomato, salt",2024-06-12
7927,"butter, eggs, sugar",2025-01-06
7928,"cereal, tomato, oil, chicken",2024-05-13
7929,"cheese, rice, beef, salt, cereal",2024-06-05
7930,"salt, beef, pasta",2024-04-08
7931,"potato, beef, yogurt, rice, bread, orange",2025-10-25
7932,"orange, butter, oil, pasta",2025-01-02
7933,"yogurt, cheese, cereal, milk",2024-05-12
7934,"bread, sugar",2024-11-03
7935,"orange, eggs, onion, oil, bread, cheese",2025-04-10
7936,"orange, chicken",2024-07-30
7937,"cheese, tomato, rice, cereal, onion",2024-05-06
7938,"onion, oil, eggs, rice, orange",2025-03-17
7939,"chicken, milk, oil, rice, butter, beef",2025-07-26
7940,"potato, banana, tomato, cereal, cheese",2024-05-10
7941,"butter, potato, salt, sugar, rice, tomato",2025-05-25
7942,"yogurt, butter",2024-11-30
7943,"sugar, salt, tomato",2024-09-10
7944,"cereal, oil, milk, orange, tomato",2024-10-18
7945,"rice, banana, eggs, cheese, beef, yogurt",2024-02-02
7946,"salt, oil, apple",2024-04-12
7947,"salt, bread, pasta",2024-11-01
7948,"banana, apple, yogurt, milk, pasta",2024-03-06
7949,"rice, milk, cheese",2025-05-10
7950,"beef, potato, cereal, cheese",2025-06-20
7951,"pasta, milk",2024-04-26
7952,"beef, bread, oil, chicken",2024-07-01
7953,"bread, butter, eggs",2024-05-16
7954,"cheese, eggs, yogurt, chicken, beef, rice",2025-08-16
7955,"rice, beef",2025-05-15
7956,"milk, butter, orange, potato",2024-02-04
7957,"butter, tomato, chicken, salt, cereal, eggs",2025-10-22
7958,"apple, tomato, cereal, beef",2025-06-07
7959,"beef, oil, rice, sugar, salt",2025-08-12
7960,"onion, pasta, sugar, rice",2024-07-16
7961,"potato, salt, apple, beef",2025-11-28
7962,"salt, sugar",2024-09-26
7963,"tomato, onion, rice, apple, pasta",2024-02-11
7964,"salt, chicken, eggs, butter",2025-03-18
7965,"sugar, butter, banana",2025-01-16
7966,"cheese, apple",2024-10-04
7967,"oil, onion, cereal, milk",2025-07-03
7968,"chicken, apple, onion",2025-09-17
7969,"cheese, butter, yogurt",2024-07-20
7970,"pasta, milk, sugar",2025-09-03
7971,"cheese, orange, yogurt",2025-04-06
7972,"cheese, sugar, onion, butter",2024-11-28
7973,"orange, milk",2024-05-01
7974,"sugar, banana, onion",2025-12-10
7975,"beef, oil",2024-11-24
7976,"salt, oil, tomato, potato, sugar, onion",2024-05-17
7977,"onion, tomato, pasta, cheese, yogurt",2024-09-28
7978,"rice, pasta, onion, chicken, beef",2024-01-19
7979,"beef, salt, oil",2024-04-20
7980,"apple, milk, eggs",2024-07-28
7981,"tomato, salt",2024-11-07
7982,"cereal, beef, milk, tomato, potato, orange",2025-12-10
7983,"eggs, onion, milk, cheese, rice",2025-01-17
7984,"sugar, orange, potato",2024-07-01
7985,"beef, cheese, pasta",2024-07-22
7986,"cereal, sugar, oil, butter",2025-10-26
7987,"bread, cereal, onion",2024-02-18
7988,"yogurt, onion, butter, cereal, chicken",2025-07-27
7989,"chicken, salt, tomato",2025-01-25
7990,"oil, salt, pasta, apple",2025-09-26
7991,"cheese, beef, apple",2024-07-06
7992,"orange, cheese, rice, butter, banana, onion",2025-01-18
7993,"bread, tomato, salt, rice, butter, orange",2025-05-22
7994,"orange, milk, eggs, cheese, tomato",2025-06-25
7995,"yogurt, bread, cereal, sugar, milk",2024-03-09
7996,"salt, cereal, cheese, orange, rice, eggs",2024-01-08
7997,"rice, sugar, pasta, tomato",2024-10-13
7998,"salt, chicken, oil, cereal, rice, bread",2025-06-26
7999,"apple, tomato, potato",2024-04-21
8000,"pasta, oil, sugar, beef",2025-06-24
8001,"rice, beef, salt",2024-01-17
8002,"apple, yogurt, rice, oil, bread, milk",2025-01-26
8003,"tomato, beef",2024-11-26
8004,"butter, oil, beef, milk, rice, eggs",2025-12-31
8005,"butter, potato, salt, milk",2024-08-31
8006,"chicken, apple, cereal, beef",2025-01-13
8007,"chicken, cereal, yogurt, bread, apple",2025-07-07
8008,"salt, beef, orange, sugar, cereal",2025-10-17
8009,"tomato, salt, rice, onion, yogurt, cereal",2024-05-07
8010,"bread, eggs, salt, milk",2024-04-27
8011,"tomato, milk",2024-11-05
8012,"rice, onion",2025-11-08
8013,"chicken, pasta",2024-04-10
8014,"beef, tomato",2025-04-19
8015,"yogurt, butter, orange, beef",2024-04-14
8016,"sugar, yogurt",2025-06-06
8017,"oil, chicken, milk, eggs, cereal, bread",2024-09-16
8018,"oil, salt, potato",2025-10-15
8019,"tomato, eggs, salt, oil, orange, butter",2024-06-28
8020,"milk, butter, oil",2024-06-17
8021,"bread, salt, apple, chicken, onion, orange",2025-02-17
8022,"pasta, onion, cereal",2024-07-07
8023,"butter, oil, onion, apple, yogurt, sugar",2024-04-16
8024,"potato, orange, tomato, sugar",2024-07-12
8025,"yogurt, beef, cereal",2025-05-09
8026,"milk, eggs, cereal, butter, cheese, orange",2025-03-03
8027,"cheese, pasta, potato",2024-03-13
8028,"chicken, beef, tomato, cereal, eggs, oil",2025-04-01
8029,"orange, oil, tomato, beef, salt, chicken",2025-08-05
8030,"beef, onion, butter, cheese, salt, rice",2024-10-02
8031,"sugar, potato, cereal, pasta, salt, cheese",2024-12-22
8032,"tomato, banana, rice",2025-04-19
8033,"onion, orange",2025-02-28
8034,"onion, oil, beef",2024-01-01
8035,"tomato, apple, onion",2025-03-09
8036,"eggs, sugar, chicken, cereal, tomato, potato",2025-10-22
8037,"chicken, tomato, cereal, salt, yogurt",2025-10-20
8038,"onion, eggs",2024-03-27
8039,"cereal, banana, oil",2024-07-20
8040,"chicken, milk, tomato, rice",2024-03-17
8041,"beef, cereal, apple",2025-11-29
8042,"cheese, salt, milk",2025-07-21
8043,"orange, oil, bread, potato, milk",2025-12-11
8044,"beef, tomato, banana, salt, eggs, butter",2024-10-28
8045,"beef, banana, butter, pasta, salt",2024-05-22
8046,"yogurt, oil, cheese",2025-02-22
8047,"beef, cheese",2025-05-21
8048,"yogurt, potato, banana, onion",2025-02-19
8049,"milk, oil, chicken",2025-07-24
8050,"oil, apple, sugar, onion, cereal",2024-07-26
8051,"banana, potato, bread, salt, cereal",2025-06-07
8052,"oil, potato, cereal",2024-09-08
8053,"butter, apple, potato, banana",2024-07-08
8054,"chicken, banana",2025-08-28
8055,"bread, milk, salt, cheese",2024-11-18
8056,"milk, butter, beef, rice, cheese",2025-10-20
8057,"pasta, banana, tomato",2025-01-08
8058,"cereal, salt",2024-02-24
8059,"potato, cereal, oil, apple, pasta",2025-06-02
8060,"oil, eggs, yogurt",2025-12-12
8061,"cereal, chicken, bread, tomato, salt, eggs",2025-03-16
8062,"bread, oil, cheese",2025-06-08
8063,"yogurt, apple, chicken, beef, bread",2025-11-01
8064,"bread, milk, onion, eggs, butter",2025-04-20
8065,"banana, cheese, pasta, onion, potato, oil",2024-08-29
8066,"yogurt, rice, onion, beef",2025-05-21
8067,"rice, salt, butter, potato, banana",2025-05-26
8068,"orange, milk",2024-01-31
8069,"oil, onion, butter, sugar",2024-07-09
8070,"orange, tomato, rice, banana, cheese, apple",2024-04-16
8071,"orange, rice, beef, apple, bread, yogurt",2025-08-22
8072,"beef, salt, sugar, milk, banana",2025-08-10
8073,"apple, milk, salt, banana",2025-12-28
8074,"rice, beef, cereal, yogurt",2025-05-31
8075,"butter, tomato, orange, yogurt",2025-03-29
8076,"cheese, beef, orange, salt, potato, chicken",2025-06-06
8077,"onion, oil, yogurt, potato",2025-03-03
8078,"bread, rice, banana, yogurt, beef",2024-03-20
8079,"apple, oil, yogurt, tomato, chicken, eggs",2024-06-04
8080,"chicken, banana, orange, oil, pasta, tomato",2025-06-20
8081,"potato, milk",2025-05-31
8082,"onion, eggs, pasta, rice",2024-02-19
8083,"salt, apple, yogurt",2025-12-13
8084,"milk, sugar, orange",2024-08-15
8085,"tomato, yogurt, bread, rice",2024-12-14
8086,"onion, bread, pasta, sugar, rice, butter",2025-06-27
8087,"cereal, salt, pasta, yogurt, onion, milk",2024-03-02
8088,"rice, bread",2024-12-09
8089,"cheese, chicken, sugar, potato, salt, pasta",2025-06-29
8090,"tomato, pasta, cheese",2025-05-06
8091,"banana, rice, butter",2024-09-05
8092,"rice, chicken, sugar, yogurt",2024-08-08
8093,"yogurt, onion",2024-02-14
8094,"beef, potato, pasta, chicken",2025-12-30
8095,"banana, eggs, salt, potato, butter, chicken",2025-08-05
8096,"orange, bread, tomato",2025-07-21
8097,"salt, cheese, chicken, potato",2025-12-17
8098,"tomato, oil, eggs",2024-08-13
8099,"onion, pasta",2024-01-23
8100,"yogurt, apple, eggs",2024-12-06
8101,"sugar, chicken, tomato, onion, cereal, pasta",2024-11-27
8102,"cereal, rice, tomato, pasta",2024-01-18
8103,"potato, salt",2025-10-07
8104,"pasta, yogurt, beef, potato, onion",2024-12-18
8105,"onion, eggs, oil, tomato, pasta, yogurt",2025-02-15
8106,"orange, potato",2024-11-08
8107,"oil, yogurt, potato, cheese, eggs, cereal",2024-05-05
8108,"chicken, potato, eggs, milk",2025-08-13
8109,"cheese, sugar",2025-11-28
8110,"beef, bread, cereal, eggs",2024-02-28
8111,"rice, eggs, apple",2024-11-27
8112,"bread, chicken, eggs, pasta, salt",2024-10-12
8113,"bread, potato",2024-09-16
8114,"potato, cheese, tomato, salt",2024-09-07
8115,"butter, yogurt, rice, sugar, pasta",2025-02-14
8116,"pasta, yogurt, beef",2025-12-09
8117,"banana, beef, chicken",2025-03-08
8118,"tomato, onion",2024-12-21
8119,"butter, tomato, sugar",2025-12-01
8120,"milk, sugar, pasta, orange, yogurt, butter",2025-01-17
8121,"potato, onion, apple",2025-04-03
8122,"milk, rice, eggs, beef",2025-06-12
8123,"rice, onion, banana, yogurt",2024-01-20
8124,"onion, butter, eggs, yogurt, tomato",2024-09-26
8125,"butter, chicken, bread",2025-06-01
8126,"rice, banana, onion, cheese, bread",2024-10-09
8127,"salt, orange, onion",2025-06-12
8128,"banana, cheese, orange, pasta",2024-08-24
8129,"yogurt, beef, pasta, cheese, rice, potato",2025-03-06
8130,"salt, milk, eggs, oil, sugar",2024-07-01
8131,"apple, bread, cereal",2025-06-25
8132,"oil, pasta, onion, milk, orange, banana",2025-04-26
8133,"orange, potato, yogurt, butter, chicken, rice",2025-07-05
8134,"eggs, rice, milk",2025-03-13
8135,"oil, cereal, yogurt, sugar",2024-06-03
8136,"eggs, bread, milk, rice, tomato, cereal",2025-02-21
8137,"cereal, pasta, milk, orange, potato, rice",2025-06-14
8138,"oil, bread",2025-09-16
8139,"onion, yogurt, butter, salt, bread, eggs",2024-03-28
8140,"oil, rice, apple, beef",2025-05-27
8141,"butter, apple, chicken, salt",2024-12-13
8142,"apple, pasta",2025-08-02
8143,"sugar, beef, butter, tomato, banana",2024-12-31
8144,"potato, cheese",2024-04-02
8145,"rice, chicken, potato, apple, orange, pasta",2024-05-14
8146,"banana, onion, oil",2024-08-28
8147,"cheese, banana",2025-02-08
8148,"sugar, cheese, orange, bread, salt",2024-01-22
8149,"oil, rice, bread, cheese, orange, salt",2024-08-05
8150,"rice, oil",2025-08-02
8151,"bread, tomato, cheese",2025-07-06
8152,"sugar, orange",2025-05-06
8153,"apple, bread, orange, chicken",2024-04-11
8154,"eggs, bread, sugar, orange, tomato, cereal",2025-05-20
8155,"oil, salt, orange, beef, onion, eggs",2024-04-17
8156,"potato, onion, sugar, apple, tomato, milk",2024-05-04
8157,"yogurt, cereal, bread, potato",2025-10-10
8158,"potato, cereal",2024-04-23
8159,"pasta, beef, milk, rice, potato, tomato",2025-07-13
8160,"tomato, banana, eggs, cheese, yogurt",2025-03-29
8161,"eggs, oil",2024-10-17
8162,"chicken, tomato",2025-06-01
8163,"potato, onion, salt, chicken, sugar, milk",2025-01-15
8164,"rice, sugar, onion",2024-07-18
8165,"cereal, apple, yogurt",2024-08-15
8166,"chicken, cheese, apple, oil, pasta, milk",2024-10-05
8167,"banana, chicken",2025-03-13
8168,"banana, chicken, salt, yogurt, sugar",2024-03-19
8169,"apple, milk, salt, beef",2025-07-03
8170,"bread, apple, pasta, orange",2025-11-03
8171,"onion, eggs, apple, oil, bread",2025-11-29
8172,"onion, banana, milk, oil, pasta, tomato",2025-04-30
8173,"rice, potato, beef, eggs",2025-02-16
8174,"chicken, oil, potato",2025-04-19
8175,"milk, chicken",2025-02-22
8176,"sugar, tomato, cheese, potato, banana",2025-03-21
8177,"yogurt, tomato, cereal, cheese, oil, eggs",2024-02-08
8178,"sugar, cheese, rice, orange, potato",2024-02-10
8179,"pasta, cereal, cheese, chicken, salt, apple",2024-03-04
8180,"potato, chicken, pasta",2024-10-14
8181,"eggs, onion",2024-03-13
8182,"bread, orange",2025-02-14
8183,"beef, yogurt, onion, oil, cereal",2024-07-07
8184,"yogurt, bread",2024-06-30
8185,"salt, sugar, rice, chicken, bread, onion",2024-11-06
8186,"pasta, cereal",2024-01-28
8187,"sugar, oil, onion, milk",2025-06-27
8188,"milk, chicken, cereal, potato",2024-09-02
8189,"chicken, eggs, rice",2024-02-03
8190,"eggs, rice, butter, onion",2025-04-27
8191,"oil, cheese",2025-06-05
8192,"orange, beef",2025-02-28
8193,"sugar, yogurt",2024-05-04
8194,"yogurt, milk, cereal",2025-07-23
8195,"eggs, cheese",2025-05-08
8196,"sugar, orange",2025-07-06
8197,"onion, eggs, salt, chicken, sugar, banana",2025-10-09
8198,"pasta, orange, rice, banana, milk",2025-12-08
8199,"oil, pasta, milk, butter",2024-07-06
8200,"salt, cereal, potato, eggs",2024-12-27
8201,"apple, banana, bread",2025-08-04
8202,"bread, rice, potato, cereal, sugar",2025-08-20
8203,"eggs, potato, cereal",2025-11-09
8204,"sugar, yogurt",2024-06-25
8205,"milk, sugar, apple, eggs",2024-03-19
8206,"cheese, rice, butter, banana",2024-06-30
8207,"eggs, butter",2025-03-31
8208,"salt, eggs",2024-02-05
8209,"apple, sugar, pasta",2024-11-30
8210,"salt, potato, bread",2024-07-12
8211,"apple, cereal",2025-03-22
8212,"chicken, salt, tomato",2025-03-16
8213,"banana, cereal, orange, chicken, pasta, bread",2024-03-31
8214,"onion, salt, chicken, eggs, cereal, oil",2024-02-12
8215,"butter, apple, orange, onion, sugar",2024-01-30
8216,"salt, rice, banana, sugar",2024-02-16
8217,"rice, cereal",2025-07-03
8218,"milk, pasta, apple",2024-10-28
8219,"rice, pasta",2024-06-23
8220,"bread, butter",2024-10-04
8221,"yogurt, pasta, apple, cereal",2025-10-20
8222,"yogurt, cheese, bread",2025-07-28
8223,"oil, apple, cheese",2024-08-31
8224,"oil, eggs, apple, onion",2024-10-19
8225,"yogurt, chicken",2024-04-16
8226,"sugar, beef, yogurt",2025-09-19
8227,"beef, onion",2024-10-21
8228,"orange, salt",2024-12-16
8229,"onion, beef, butter",2025-10-24
8230,"yogurt, beef",2025-01-31
8231,"bread, orange, eggs, beef, pasta",2025-08-02
8232,"potato, onion, milk, cereal, yogurt, apple",2025-01-28
8233,"pasta, chicken, bread, cheese",2025-11-25
8234,"cheese, apple, pasta, potato, banana",2025-07-27
8235,"bread, sugar",2024-09-09
8236,"cheese, apple, onion",2024-03-10
8237,"cheese, oil, milk, tomato, beef, bread",2025-04-15
8238,"yogurt, butter, bread, pasta, oil, salt",2025-05-03
8239,"yogurt, onion, rice, potato, cheese",2024-04-28
8240,"potato, eggs, salt, onion, sugar, banana",2024-11-03
8241,"cheese, onion, yogurt, apple, sugar, milk",2025-01-25
8242,"beef, bread, milk, eggs",2024-08-25
8243,"salt, pasta, rice, orange",2025-09-17
8244,"bread, cereal, sugar, yogurt, potato, beef",2024-07-04
8245,"onion, yogurt",2024-07-18
8246,"butter, cereal, orange",2025-04-29
8247,"banana, oil, milk",2025-05-31
8248,"orange, milk",2025-01-14
8249,"cereal, milk, onion, pasta, cheese",2025-11-16
8250,"milk, tomato, beef, banana, sugar, salt",2024-03-13
8251,"sugar, cereal, rice, salt, chicken",2024-06-17
8252,"chicken, sugar",2025-12-31
8253,"salt, chicken, potato, orange",2025-06-24
8254,"eggs, banana, pasta, bread, yogurt, milk",2025-05-17
8255,"milk, beef, pasta",2025-09-12
8256,"onion, sugar, oil, milk, pasta, bread",2025-02-09
8257,"salt, oil, cheese, orange, apple",2024-01-18
8258,"chicken, yogurt, rice, milk, orange",2025-06-08
8259,"beef, salt, banana, chicken, bread",2024-03-22
8260,"orange, sugar",2025-04-29
8261,"sugar, salt",2025-05-23
8262,"tomato, rice, bread, milk, chicken",2024-07-25
8263,"butter, pasta",2024-08-27
8264,"butter, bread",2024-04-13
8265,"apple, butter, banana, beef, oil",2024-11-07
8266,"rice, orange, cereal",2024-12-14
8267,"onion, cheese, apple",2024-06-25
8268,"cereal, butter, potato",2024-06-16
8269,"potato, apple, banana",2025-07-16
8270,"orange, banana",2024-04-09
8271,"eggs, milk, banana",2025-10-13
8272,"chicken, rice, cereal",2025-10-09
8273,"milk, tomato, banana, orange, pasta",2024-02-15
8274,"beef, banana, cereal, cheese",2024-05-26
8275,"chicken, salt, oil",2024-11-12
8276,"butter, rice",2024-11-16
8277,"cereal, beef, tomato, apple, sugar, pasta",2024-01-28
8278,"onion, bread",2025-02-20
8279,"bread, sugar, cheese, onion, eggs, chicken",2024-09-08
8280,"tomato, sugar, yogurt",2024-12-06
8281,"onion, cereal, rice, milk, bread, tomato",2025-08-02
8282,"pasta, apple, beef",2025-06-06
8283,"eggs, pasta, chicken, milk, cereal, onion",2024-10-30
8284,"chicken, cereal, yogurt, beef, onion",2024-04-21
8285,"eggs, potato, tomato, salt",2025-10-15
8286,"eggs, banana",2025-07-18
8287,"tomato, onion, apple",2024-08-10
8288,"sugar, potato, banana, apple, cheese, bread",2024-10-23
8289,"cereal, milk, oil, beef, yogurt, chicken",2025-01-14
8290,"cheese, salt, orange, chicken",2025-10-24
8291,"pasta, tomato",2024-09-24
8292,"sugar, oil, salt",2024-04-03
8293,"oil, butter, salt",2025-02-13
8294,"chicken, beef, butter, oil, cheese, onion",2026-01-01
8295,"oil, sugar, banana",2024-09-03
8296,"chicken, potato, pasta",2025-12-31
8297,"butter, onion, oil",2024-03-06
8298,"apple, salt, butter, orange, onion, oil",2024-08-30
8299,"chicken, eggs, oil, salt",2024-07-14
8300,"oil, eggs, pasta",2025-06-23
8301,"cereal, tomato, salt, yogurt, orange",2024-03-08
8302,"eggs, pasta",2024-10-07
8303,"banana, cereal, orange, yogurt",2025-05-18
8304,"pasta, milk, oil",2025-03-12
8305,"cereal, pasta, yogurt",2024-09-15
8306,"bread, orange, rice",2025-04-13
8307,"cheese, chicken, onion, bread, banana",2024-11-15
8308,"eggs, chicken, sugar",2024-12-19
8309,"beef, oil, apple, tomato",2024-11-12
8310,"pasta, bread",2025-12-14
8311,"banana, salt, rice, chicken, beef",2024-08-01
8312,"banana, potato, beef, rice",2024-12-12
8313,"onion, orange, pasta, potato, milk, chicken",2025-03-24
8314,"orange, butter, sugar, apple, onion, chicken",2025-10-14
8315,"sugar, salt",2024-07-26
8316,"orange, banana, milk",2025-03-17
8317,"banana, onion, orange, tomato, milk, butter",2025-08-06
8318,"butter, milk, apple",2025-10-24
8319,"sugar, cheese",2025-06-04
8320,"bread, cereal, chicken, butter, potato",2024-03-10
8321,"yogurt, apple, beef",2025-07-15
8322,"sugar, potato, apple, yogurt, pasta, salt",2025-11-12
8323,"sugar, cheese, apple, rice, milk",2025-05-13
8324,"cheese, oil, milk",2025-06-11
8325,"rice, beef, milk, bread",2024-04-04
8326,"pasta, rice, bread, yogurt, onion",2025-01-20
8327,"apple, beef",2025-03-23
8328,"banana, cereal, oil, butter",2024-05-19
8329,"chicken, eggs",2024-05-30
8330,"beef, salt, butter, apple",2024-05-17
8331,"sugar, onion, banana, cheese",2025-06-24
8332,"onion, yogurt, tomato, cereal, sugar, milk",2025-12-07
8333,"sugar, beef, tomato, cereal, butter",2025-12-28
8334,"chicken, butter, orange, beef, cereal",2024-04-03
8335,"salt, banana, butter, eggs",2025-05-07
8336,"chicken, milk, tomato, pasta",2024-01-01
8337,"salt, onion, bread, potato",2024-01-05
8338,"sugar, cheese, butter, eggs",2024-12-23
8339,"salt, milk, beef",2025-06-24
8340,"butter, milk, potato",2025-09-16
8341,"sugar, apple",2024-04-25
8342,"milk, bread, salt, butter, apple",2024-08-11
8343,"eggs, bread, apple, sugar, salt",2025-10-24
8344,"bread, milk, yogurt, beef, cheese, chicken",2025-02-21
8345,"yogurt, onion, eggs, milk",2025-07-14
8346,"apple, bread, potato, yogurt, tomato, orange",2024-06-04
8347,"apple, cereal, rice, oil",2024-06-14
8348,"apple, sugar, yogurt",2024-03-31
8349,"banana, pasta, cheese, cereal",2024-09-30
8350,"rice, beef",2024-09-01
8351,"onion, salt",2024-01-09
8352,"eggs, tomato, potato, butter",2024-05-30
8353,"orange, rice, potato, onion, oil",2024-10-10
8354,"yogurt, milk, banana",2024-11-11
8355,"pasta, apple, salt, sugar, oil, milk",2025-12-13
8356,"oil, cheese, salt, tomato, milk",2025-08-30
8357,"milk, cereal, sugar, orange, apple",2025-02-19
8358,"apple, banana, onion, rice, beef",2025-02-19
8359,"milk, tomato",2025-08-26
8360,"salt, orange, apple",2024-12-05
8361,"sugar, bread",2025-04-01
8362,"banana, rice, chicken",2024-01-17
8363,"chicken, onion, salt",2024-08-26
8364,"salt, yogurt, rice, potato, cheese",2025-01-27
8365,"orange, butter",2025-08-08
8366,"oil, chicken, milk, cheese",2024-12-17
8367,"salt, pasta, cereal, chicken, banana",2025-12-01
8368,"apple, pasta, orange, oil, cheese",2025-08-19
8369,"orange, potato, yogurt, butter, sugar, milk",2025-04-18
8370,"beef, banana, cereal, bread, tomato",2024-12-25
8371,"oil, apple, pasta",2025-08-25
8372,"apple, eggs",2025-05-31
8373,"bread, butter, beef, apple, milk",2024-03-10
8374,"pasta, sugar, oil, banana",2025-10-08
8375,"potato, beef, yogurt, cereal",2024-07-29
8376,"pasta, potato, sugar",2024-07-19
8377,"milk, beef, orange, apple, cereal, onion",2025-03-29
8378,"tomato, salt",2024-11-06
8379,"banana, salt, bread, apple, potato, yogurt",2024-05-09
8380,"beef, potato, orange, cheese, rice",2025-02-28
8381,"onion, milk, pasta, cereal, sugar, apple",2024-03-31
8382,"onion, banana, oil",2024-04-26
8383,"milk, onion, butter, salt",2024-07-19
8384,"apple, cheese, onion, potato, oil",2025-05-26
8385,"cheese, salt, orange, rice",2025-09-09
8386,"eggs, apple",2024-05-06
8387,"rice, beef",2024-12-14
8388,"tomato, cheese, beef, rice",2024-11-03
8389,"orange, rice",2024-03-11
8390,"beef, sugar, cereal",2024-01-15
8391,"beef, oil, rice",2024-10-04
8392,"rice, butter, salt",2025-06-10
8393,"eggs, potato",2025-09-25
8394,"rice, milk, apple, potato, beef, cheese",2024-03-01
8395,"orange, apple, milk, banana, cereal",2025-01-31
8396,"butter, beef, pasta, tomato, salt, chicken",2025-07-19
8397,"cheese, chicken, bread, tomato",2025-02-05
8398,"rice, onion, eggs",2025-12-07
8399,"onion, banana, cereal, salt, chicken",2025-03-07
8400,"beef, milk, cereal, eggs, butter, banana",2025-04-13
8401,"tomato, cheese, chicken",2025-05-24
8402,"tomato, oil",2025-01-04
8403,"milk, rice, cereal",2026-01-01
8404,"tomato, apple, bread, yogurt, sugar",2024-06-27
8405,"beef, banana",2025-04-17
8406,"apple, cereal, cheese, sugar, rice, eggs",2025-02-14
8407,"cheese, onion, eggs",2024-12-23
8408,"banana, potato, milk, onion, butter",2024-05-25
8409,"yogurt, oil, tomato, cheese, milk, pasta",2024-08-23
8410,"cheese, eggs",2024-02-21
8411,"eggs, yogurt, rice, milk, pasta",2025-10-21
8412,"bread, cheese, potato, milk, beef",2025-02-25
8413,"bread, yogurt, sugar, butter, orange",2024-04-29
8414,"pasta, apple, rice",2025-08-31
8415,"yogurt, potato, orange, cheese",2024-10-16
8416,"potato, beef",2025-10-28
8417,"bread, pasta, chicken, oil, cereal, cheese",2024-04-11
8418,"tomato, cereal, rice, cheese, apple",2025-07-02
8419,"butter, pasta, cereal, oil",2024-08-18
8420,"sugar, butter, apple, eggs, potato",2025-08-26
8421,"yogurt, butter, apple, chicken, tomato, salt",2025-06-12
8422,"tomato, beef, cheese",2025-03-25
8423,"salt, potato, pasta, cereal, milk",2024-11-10
8424,"potato, tomato, rice, apple, orange",2025-10-28
8425,"oil, cereal, orange",2025-06-29
8426,"onion, banana, yogurt",2024-12-23
8427,"milk, apple, orange, eggs, rice, butter",2024-08-19
8428,"salt, oil, beef",2024-10-25
8429,"cheese, bread, salt",2024-10-02
8430,"oil, butter, rice",2024-05-17
8431,"onion, banana, salt, apple, chicken, eggs",2024-03-06
8432,"banana, salt, milk",2024-02-26
8433,"pasta, rice, banana",2025-04-25
8434,"apple, cheese, pasta, salt, butter",2025-06-02
8435,"orange, chicken",2025-06-19
8436,"sugar, chicken",2024-01-26
8437,"potato, salt, cheese, banana",2025-06-26
8438,"butter, orange",2025-08-27
8439,"apple, tomato, onion",2025-06-15
8440,"potato, milk, beef",2025-07-05
8441,"eggs, tomato",2025-09-16
8442,"butter, bread, milk, potato",2024-04-21
8443,"salt, orange, apple, tomato",2024-03-25
8444,"milk, bread, salt, cereal, sugar",2025-09-14
8445,"eggs, cereal, apple, milk, onion, sugar",2024-12-07
8446,"butter, milk, eggs, bread, cheese",2024-09-26
8447,"apple, cereal, eggs, salt, rice",2025-09-04
8448,"beef, sugar, cheese, cereal, banana, orange",2025-10-30
8449,"rice, potato, tomato",2024-01-04
8450,"bread, yogurt, beef, onion, pasta, orange",2025-01-27
8451,"butter, cereal, sugar, tomato, rice",2025-01-30
8452,"banana, orange, sugar, oil, milk",2024-04-21
8453,"potato, cheese, milk, sugar, apple, oil",2025-10-26
8454,"orange, onion, potato, pasta, oil, milk",2024-09-10
8455,"butter, onion, tomato",2025-07-09
8456,"apple, eggs",2024-02-21
8457,"salt, apple, orange, potato",2024-03-17
8458,"yogurt, salt, sugar, tomato, rice",2025-05-11
8459,"beef, banana, pasta, eggs, cereal, cheese",2024-05-30
8460,"tomato, orange, butter, banana",2024-11-19
8461,"butter, cheese, salt, pasta",2025-05-14
8462,"onion, tomato, apple",2025-02-14
8463,"beef, chicken, milk, eggs, yogurt, bread",2025-11-26
8464,"salt, tomato",2025-03-19
8465,"potato, butter, pasta, beef, salt, cereal",2024-11-17
8466,"onion, cereal",2025-03-29
8467,"orange, oil",2024-06-14
8468,"beef, butter, sugar, orange",2025-02-10
8469,"sugar, onion, yogurt, apple, bread, potato",2024-07-15
8470,"salt, onion, tomato",2025-06-05
8471,"orange, sugar",2024-07-21
8472,"sugar, banana",2025-12-17
8473,"tomato, beef, rice, onion",2025-02-05
8474,"milk, eggs, bread, oil",2025-09-23
8475,"onion, chicken, sugar, orange, cheese, salt",2025-12-10
8476,"salt, cereal, banana, beef, eggs, rice",2025-02-15
8477,"pasta, potato",2025-05-13
8478,"oil, chicken, beef",2024-04-28
8479,"cereal, rice, chicken, banana",2025-10-13
8480,"salt, rice, milk, oil, bread",2025-12-07
8481,"potato, banana, butter",2024-12-26
8482,"potato, rice, cheese, milk, banana",2025-05-21
8483,"rice, oil",2025-03-11
8484,"onion, apple, bread, rice, pasta, cheese",2024-04-07
8485,"bread, cheese",2024-09-22
8486,"cereal, milk",2024-01-16
8487,"onion, rice, yogurt, cheese, butter, bread",2024-10-12
8488,"banana, onion, apple, cheese, beef",2025-04-01
8489,"chicken, butter, bread, banana, onion, eggs",2024-06-01
8490,"pasta, butter, salt, milk, apple, cereal",2025-12-19
8491,"apple, eggs, yogurt, oil, cereal, tomato",2025-09-29
8492,"eggs, yogurt, bread, milk, cheese, tomato",2025-10-13
8493,"yogurt, butter, rice",2025-10-08
8494,"onion, orange, cheese, tomato, oil",2025-03-14
8495,"onion, yogurt, banana, cereal, bread, apple",2024-10-28
8496,"tomato, sugar, milk, butter, apple",2025-09-29
8497,"banana, pasta, yogurt",2025-05-31
8498,"apple, potato",2024-03-03
8499,"potato, tomato, salt",2026-01-01
8500,"sugar, butter, oil, apple",2025-03-24
8501,"sugar, oil, beef, onion, rice",2025-11-14
8502,"chicken, eggs, milk, potato",2025-05-07
8503,"pasta, tomato, cereal, rice, orange",2024-08-10
8504,"pasta, butter, orange, apple, potato, sugar",2025-12-02
8505,"pasta, potato, banana, eggs",2025-05-31
8506,"butter, banana, tomato, orange, cereal, potato",2025-10-26
8507,"apple, tomato, butter, sugar",2024-08-27
8508,"eggs, bread, rice",2024-11-08
8509,"bread, chicken, rice, sugar, yogurt",2025-03-06
8510,"oil, orange, tomato, bread, milk, chicken",2025-05-18
8511,"pasta, salt, potato, onion, apple",2025-07-10
8512,"tomato, banana, cereal, oil, apple",2024-04-25
8513,"oil, sugar, beef, potato",2024-03-30
8514,"potato, tomato, salt, beef, banana",2025-07-24
8515,"apple, cereal, potato, chicken",2025-12-18
8516,"bread, salt, banana, cheese, rice",2025-07-08
8517,"eggs, onion, oil, bread, orange",2024-11-10
8518,"rice, butter, onion, banana, chicken",2024-05-22
8519,"oil, cheese, eggs",2025-06-10
8520,"cheese, banana",2025-07-25
8521,"cheese, pasta, beef, salt, potato",2025-05-02
8522,"oil, butter",2025-03-09
8523,"eggs, cereal, bread, rice",2025-07-07
8524,"butter, orange, pasta, apple, beef",2025-08-23
8525,"butter, rice, apple, potato, banana, eggs",2025-05-21
8526,"tomato, yogurt",2025-10-12
8527,"yogurt, rice, orange",2024-11-18
8528,"beef, yogurt",2025-11-03
8529,"bread, butter, rice, oil",2024-03-20
8530,"bread, apple, cereal, banana, tomato, eggs",2024-10-28
8531,"potato, banana, milk",2024-07-02
8532,"tomato, butter, cereal",2025-11-30
8533,"eggs, yogurt, potato, oil, orange",2024-06-20
8534,"pasta, rice, yogurt, milk, sugar, beef",2024-08-24
8535,"pasta, oil",2025-03-19
8536,"potato, banana, sugar, butter",2024-07-04
8537,"oil, apple, orange, cereal",2024-10-05
8538,"tomato, apple, rice, beef",2025-10-30
8539,"milk, eggs",2025-08-24
8540,"pasta, beef, cheese",2024-08-31
8541,"milk, oil, banana, onion, sugar, pasta",2025-04-04
8542,"rice, sugar, orange, chicken, salt, oil",2024-06-29
8543,"onion, chicken, milk, pasta, cheese, beef",2025-06-09
8544,"onion, banana, tomato, eggs, rice",2025-06-09
8545,"milk, banana, potato, yogurt",2024-06-04
8546,"oil, butter, pasta, bread",2024-05-13
8547,"banana, apple, oil, potato, pasta",2025-11-20
8548,"potato, orange",2024-02-23
8549,"pasta, chicken",2024-07-31
8550,"orange, salt, rice, pasta, butter",2024-12-18
8551,"onion, eggs, pasta, chicken, apple, oil",2025-12-12
8552,"oil, cheese",2024-09-02
8553,"orange, beef, oil, eggs, tomato, yogurt",2025-02-22
8554,"bread, pasta, apple, oil",2025-11-26
8555,"butter, bread, milk",2025-05-13
8556,"orange, tomato, beef",2025-10-19
8557,"cereal, chicken, salt, oil",2025-10-30
8558,"oil, sugar, beef, potato",2025-10-29
8559,"eggs, oil, cheese",2025-03-11
8560,"eggs, beef, tomato, banana",2025-06-23
8561,"bread, cereal",2025-06-25
8562,"salt, yogurt",2025-09-10
8563,"orange, butter, banana, tomato",2024-05-24
8564,"potato, cheese, beef, onion",2024-04-28
8565,"onion, eggs, oil",2025-10-08
8566,"orange, salt, tomato, milk",2025-11-19
8567,"banana, bread, cheese, oil, beef",2024-09-15
8568,"orange, cereal, bread, yogurt, eggs, tomato",2024-07-27
8569,"eggs, pasta, chicken, oil, cheese",2025-02-07
8570,"banana, pasta, sugar, tomato",2024-04-15
8571,"chicken, salt, tomato",2025-10-12
8572,"orange, yogurt, cheese, eggs, oil, salt",2025-01-13
8573,"oil, cereal, sugar, eggs, banana",2025-12-26
8574,"cereal, tomato, oil, beef, eggs",2025-04-11
8575,"banana, eggs",2025-12-10
8576,"bread, onion, orange, pasta, eggs, oil",2025-03-17
8577,"butter, orange, tomato",2025-11-12
8578,"banana, cheese",2025-01-24
8579,"chicken, apple, potato, bread",2024-05-06
8580,"apple, sugar",2025-04-28
8581,"salt, beef, tomato, banana, sugar, potato",2025-06-14
8582,"potato, eggs, pasta",2024-10-27
8583,"yogurt, eggs, chicken, butter, bread",2024-08-26
8584,"cheese, potato, yogurt, milk, bread, salt",2025-10-24
8585,"eggs, orange, apple, sugar, potato",2024-04-24
8586,"onion, cereal",2024-09-14
8587,"salt, onion, cheese",2024-08-29
8588,"oil, beef, yogurt, banana",2024-05-05
8589,"milk, eggs, beef",2025-02-13
8590,"orange, cheese",2025-09-30
8591,"pasta, cheese, yogurt, rice, milk",2025-09-08
8592,"cereal, pasta, beef, eggs, salt, cheese",2025-02-02
8593,"butter, bread",2025-05-13
8594,"potato, chicken, cheese, apple, oil",2024-12-05
8595,"tomato, pasta",2025-07-07
8596,"cereal, apple, milk, sugar",2024-05-22
8597,"banana, chicken, sugar",2024-09-22
8598,"potato, yogurt, salt, bread, cereal, butter",2024-06-13
8599,"orange, salt, tomato",2024-10-20
8600,"potato, beef",2024-09-10
8601,"onion, potato, chicken, orange, beef, milk",2024-05-08
8602,"chicken, salt, yogurt, bread",2024-11-10
8603,"salt, tomato",2024-05-05
8604,"cereal, yogurt, orange, tomato, apple",2025-06-15
8605,"milk, orange, cheese",2024-04-30
8606,"banana, rice, pasta, onion, tomato, beef",2024-01-17
8607,"bread, tomato, onion",2024-11-30
8608,"sugar, salt, bread, banana, orange, chicken",2025-12-08
8609,"milk, cereal, pasta, apple, onion",2024-05-15
8610,"sugar, beef, orange",2024-03-21
8611,"cheese, salt, sugar",2024-03-15
8612,"pasta, oil",2025-11-03
8613,"banana, bread, pasta, tomato",2025-06-24
8614,"salt, sugar",2025-01-25
8615,"eggs, milk, apple, bread, onion, chicken",2024-11-14
8616,"salt, rice, potato",2025-07-21
8617,"cereal, chicken, salt, potato",2025-06-17
8618,"salt, tomato, beef",2025-04-19
8619,"sugar, salt, onion, cheese",2025-06-27
8620,"bread, beef",2024-09-22
8621,"eggs, cheese",2025-11-10
8622,"butter, cereal, apple, orange, pasta, eggs",2024-05-29
8623,"yogurt, pasta, salt, tomato, butter, potato",2025-08-27
8624,"apple, tomato",2024-08-17
8625,"tomato, banana, cheese, onion, rice",2024-02-04
8626,"sugar, cheese",2024-11-15
8627,"cheese, oil",2024-09-10
8628,"potato, beef",2025-06-17
8629,"banana, yogurt, onion",2024-08-26
8630,"sugar, potato, oil, pasta",2024-05-09
8631,"tomato, potato, onion, butter, pasta",2024-12-02
8632,"cereal, chicken, eggs",2024-05-19
8633,"yogurt, eggs, banana, cheese",2025-01-18
8634,"potato, eggs, rice, beef",2024-06-04
8635,"chicken, apple",2024-12-03
8636,"sugar, oil, butter, cereal, potato",2025-05-07
8637,"tomato, potato, cheese, sugar, milk, onion",2024-02-11
8638,"eggs, sugar",2024-07-04
8639,"banana, cheese, butter, apple, tomato, milk",2025-05-23
8640,"pasta, bread, banana, chicken, yogurt",2025-08-15
8641,"bread, rice, yogurt, sugar, apple",2024-06-10
8642,"butter, cereal, rice, banana",2025-05-29
8643,"banana, salt, yogurt",2025-11-19
8644,"apple, bread, cereal",2025-05-29
8645,"potato, chicken, salt, cheese",2025-06-01
8646,"sugar, cheese, potato, yogurt, eggs",2025-11-04
8647,"yogurt, sugar, orange, potato, milk, pasta",2025-10-21
8648,"tomato, yogurt, eggs, pasta",2025-07-22
8649,"potato, apple, yogurt, beef",2024-09-05
8650,"potato, eggs",2024-10-25
8651,"butter, cereal, potato, apple",2025-09-09
8652,"oil, tomato, apple, chicken, cereal, bread",2024-11-14
8653,"beef, milk, orange",2024-03-31
8654,"potato, banana",2024-12-08
8655,"potato, oil, tomato, yogurt, sugar",2025-04-10
8656,"salt, milk, onion, cheese, tomato",2025-09-29
8657,"salt, bread, potato",2024-09-11
8658,"bread, tomato",2025-05-19
8659,"apple, rice",2024-04-14
8660,"oil, potato",2024-01-21
8661,"beef, rice, salt, yogurt, sugar",2024-05-30
8662,"yogurt, apple",2024-06-09
8663,"sugar, yogurt, rice, salt",2024-05-10
8664,"onion, bread, oil, pasta",2025-06-11
8665,"beef, eggs, sugar, yogurt, potato",2025-09-15
8666,"apple, cheese, pasta, orange, butter",2024-03-05
8667,"rice, potato, apple, butter",2025-12-31
8668,"milk, chicken, cereal, banana",2024-06-04
8669,"yogurt, bread",2025-10-21
8670,"apple, pasta, yogurt, orange",2024-03-28
8671,"rice, onion, apple, bread",2024-05-05
8672,"pasta, oil, beef, milk, banana",2024-03-03
8673,"orange, beef, banana, oil",2025-09-06
8674,"butter, cheese, chicken",2025-11-12
8675,"oil, yogurt, bread",2025-08-03
8676,"beef, orange, sugar",2025-03-27
8677,"pasta, eggs",2025-03-11
8678,"cheese, milk",2024-03-04
8679,"rice, orange, oil, onion, salt, potato",2025-05-24
8680,"rice, oil, chicken",2025-05-18
8681,"orange, cereal, apple, cheese, milk, eggs",2024-04-25
8682,"oil, pasta, beef",2024-11-13
8683,"tomato, apple, cheese, orange, milk, rice",2025-01-13
8684,"milk, onion, sugar, orange",2025-09-20
8685,"salt, cheese, oil, tomato, orange, apple",2025-05-30
8686,"pasta, beef, tomato",2025-04-03
8687,"oil, yogurt, rice, cereal",2024-10-23
8688,"tomato, cheese, rice, oil, cereal",2024-05-07
8689,"yogurt, potato, pasta, milk, sugar",2025-09-30
8690,"bread, cereal, milk",2025-07-08
8691,"bread, salt, eggs, orange, beef",2025-06-11
8692,"chicken, bread, banana, sugar",2025-03-10
8693,"potato, cereal, rice, bread, eggs, sugar",2024-09-26
8694,"cereal, chicken, onion",2025-08-31
8695,"cheese, yogurt, oil",2025-05-31
8696,"pasta, banana, cheese",2025-01-27
8697,"apple, potato, chicken, milk, banana, beef",2024-04-20
8698,"sugar, eggs, apple",2024-07-17
8699,"sugar, milk",2024-09-30
8700,"cheese, orange, beef, eggs",2024-06-03
8701,"chicken, eggs, cereal, orange",2025-01-07
8702,"beef, oil",2024-06-08
8703,"sugar, tomato",2025-08-08
8704,"chicken, pasta, banana, bread",2024-06-04
8705,"sugar, oil, orange",2024-05-24
8706,"yogurt, apple, cheese, potato",2025-08-15
8707,"beef, rice",2024-04-13
8708,"eggs, milk, banana",2025-07-02
8709,"banana, milk, potato",2025-03-01
8710,"bread, tomato, butter",2024-02-24
8711,"tomato, oil, beef, milk, cereal, banana",2025-08-18
8712,"tomato, bread, cheese, potato, milk",2025-09-06
8713,"milk, pasta, apple, rice, eggs",2025-08-11
8714,"pasta, rice, orange, salt, yogurt, banana",2025-04-02
8715,"chicken, rice, salt, oil, butter",2024-07-26
8716,"sugar, beef, salt, eggs, banana",2025-10-27
8717,"butter, eggs, beef, pasta, apple, chicken",2024-04-10
8718,"tomato, pasta",2024-08-17
8719,"cheese, salt, milk, yogurt, butter, chicken",2024-06-21
8720,"milk, eggs, apple, salt, orange, oil",2025-01-29
8721,"eggs, potato, beef, butter",2025-07-13
8722,"eggs, yogurt, potato, rice",2025-05-27
8723,"sugar, apple, onion, cereal",2024-06-27
8724,"apple, yogurt, cereal",2024-05-11
8725,"cereal, butter",2025-09-01
8726,"sugar, milk",2025-07-06
8727,"chicken, cereal, salt, yogurt, rice, pasta",2025-06-16
8728,"oil, potato, butter, pasta, yogurt, chicken",2025-02-27
8729,"butter, orange, cereal, oil, chicken",2025-12-15
8730,"chicken, cereal, rice, sugar",2025-08-09
8731,"banana, apple, milk, yogurt, salt, tomato",2025-02-03
8732,"apple, tomato, salt, beef",2024-03-11
8733,"rice, beef, pasta, tomato, cereal, chicken",2025-07-20
8734,"pasta, onion",2025-12-04
8735,"onion, cheese, pasta, rice, milk, beef",2025-05-22
8736,"beef, sugar, salt, banana",2024-09-04
8737,"oil, eggs, chicken, milk",2025-03-28
8738,"beef, chicken, milk, oil, orange",2025-10-02
8739,"chicken, milk, cereal, pasta",2025-03-19
8740,"potato, banana, rice",2025-05-26
8741,"sugar, salt, cheese, bread",2024-11-03
8742,"beef, eggs, yogurt, milk",2024-05-16
8743,"sugar, pasta",2024-03-01
8744,"chicken, salt, cereal, yogurt, oil",2025-04-17
8745,"orange, milk",2025-09-17
8746,"bread, rice, butter, yogurt, salt, tomato",2024-09-21
8747,"chicken, yogurt, cereal, butter, rice",2025-08-02
8748,"rice, butter, onion, oil, potato",2025-05-29
8749,"butter, salt, rice, chicken, yogurt",2024-06-09
8750,"beef, bread, rice, potato",2025-07-29
8751,"cereal, cheese, apple, onion, milk",2024-12-16
8752,"cheese, onion, salt",2025-07-19
8753,"butter, pasta, chicken, sugar",2024-06-11
8754,"rice, eggs, sugar, yogurt",2024-12-20
8755,"butter, oil, pasta",2024-10-27
8756,"butter, potato",2024-03-04
8757,"cheese, eggs, oil, banana, bread",2024-10-20
8758,"salt, banana, milk, apple, eggs",2025-09-28
8759,"butter, apple, banana, yogurt, oil",2024-12-20
8760,"sugar, banana",2025-12-11
8761,"oil, eggs",2024-06-24
8762,"cheese, sugar, eggs, orange, bread, salt",2024-03-09
8763,"cheese, apple, salt, potato, yogurt, onion",2025-05-13
8764,"pasta, sugar, cereal",2024-05-02
8765,"butter, bread, pasta, beef",2025-03-20
8766,"chicken, salt, rice, bread",2025-10-03
8767,"salt, beef, tomato, apple, yogurt",2024-01-03
8768,"cereal, cheese, onion, orange, milk, chicken",2025-07-31
8769,"rice, bread",2025-01-03
8770,"eggs, sugar, salt, beef, pasta, tomato",2024-08-30
8771,"oil, beef",2024-04-21
8772,"cheese, cereal, orange, bread",2024-12-28
8773,"eggs, yogurt, sugar, bread, rice",2025-04-30
8774,"tomato, cereal, orange, yogurt",2024-11-13
8775,"tomato, sugar, cereal",2024-06-11
8776,"eggs, onion",2024-06-27
8777,"banana, rice, tomato, cheese, cereal, potato",2024-09-17
8778,"butter, cheese, milk, bread, eggs",2024-06-19
8779,"chicken, sugar",2025-06-16
8780,"pasta, banana, salt, tomato",2025-07-04
8781,"tomato, butter, eggs, banana, pasta",2025-04-16
8782,"banana, milk, rice, tomato",2024-12-18
8783,"potato, chicken, beef, onion, butter",2024-10-10
8784,"oil, yogurt",2024-12-25
8785,"cheese, salt, butter, beef",2025-09-17
8786,"oil, banana, eggs, salt, chicken",2025-06-20
8787,"eggs, beef, pasta",2024-08-28
8788,"sugar, onion, oil",2024-04-19
8789,"orange, bread, milk",2025-06-10
8790,"cheese, yogurt, beef, salt, rice",2024-03-06
8791,"orange, butter",2025-05-05
8792,"salt, beef",2024-09-17
8793,"oil, banana, beef, potato",2024-12-06
8794,"milk, orange",2024-07-06
8795,"bread, beef, pasta, chicken",2024-04-22
8796,"tomato, pasta, orange, sugar, salt, rice",2025-06-15
8797,"apple, banana, cheese, salt, onion",2025-03-23
8798,"cheese, chicken",2025-09-24
8799,"oil, onion, rice",2025-05-04
8800,"yogurt, milk, pasta, oil, cereal, butter",2024-06-04
8801,"yogurt, cereal",2025-04-29
8802,"cheese, pasta, yogurt, orange",2025-11-10
8803,"milk, potato",2024-07-13
8804,"oil, rice, cereal, butter",2025-05-22
8805,"sugar, rice, apple, tomato, cereal",2024-03-10
8806,"butter, apple",2025-06-11
8807,"chicken, butter, banana",2025-02-27
8808,"beef, sugar, salt",2024-07-24
8809,"cereal, banana, apple, cheese",2025-02-05
8810,"tomato, milk",2024-04-14
8811,"apple, milk, tomato, sugar",2025-12-06
8812,"sugar, pasta, cereal, beef, oil, onion",2024-07-01
8813,"salt, potato, cereal, milk, orange, banana",2024-06-10
8814,"butter, apple, beef",2024-12-28
8815,"milk, apple",2025-11-26
8816,"yogurt, chicken, onion, cereal, cheese, orange",2024-11-27
8817,"yogurt, milk",2025-12-10
8818,"cereal, yogurt, pasta, rice",2025-11-07
8819,"milk, tomato, butter, chicken",2025-01-23
8820,"apple, sugar, bread, oil, beef",2024-05-23
8821,"beef, tomato, oil, pasta",2024-02-03
8822,"chicken, yogurt, banana, beef, apple, cheese",2025-03-23
8823,"oil, yogurt",2024-05-26
8824,"bread, butter",2025-01-30
8825,"pasta, eggs",2024-12-02
8826,"cheese, onion",2024-05-04
8827,"beef, yogurt",2025-03-30
8828,"bread, eggs, pasta",2025-09-26
8829,"rice, cereal, apple, bread, butter",2024-03-29
8830,"eggs, cheese, chicken, oil",2025-05-15
8831,"potato, orange, onion, milk",2024-11-27
8832,"milk, bread, sugar",2024-03-20
8833,"milk, butter",2024-06-16
8834,"potato, orange",2024-07-09
8835,"cereal, beef",2025-07-15
8836,"pasta, butter, chicken, oil, apple, orange",2024-12-13
8837,"oil, potato, banana",2025-05-25
8838,"onion, yogurt, cheese, pasta, orange",2025-09-10
8839,"eggs, tomato, rice, orange",2024-01-25
8840,"beef, cheese, bread, milk, oil, chicken",2024-01-22
8841,"chicken, butter",2024-06-26
8842,"apple, beef, butter",2025-11-05
8843,"tomato, oil, cereal, sugar, butter",2024-11-09
8844,"cereal, salt, tomato, butter",2025-07-07
8845,"eggs, sugar, pasta, yogurt, salt",2025-10-04
8846,"potato, beef, chicken, orange, oil, onion",2025-03-26
8847,"beef, bread, oil, yogurt",2025-02-02
8848,"potato, beef",2024-08-17
8849,"eggs, yogurt",2024-05-25
8850,"onion, tomato, butter, eggs",2024-01-19
8851,"rice, sugar",2024-08-22
8852,"yogurt, cheese",2025-01-29
8853,"salt, potato",2025-10-09
8854,"orange, onion",2024-07-21
8855,"rice, chicken, milk",2024-02-12
8856,"pasta, orange",2025-08-18
8857,"banana, cheese",2025-02-12
8858,"milk, onion, beef, chicken",2025-05-13
8859,"chicken, apple, banana, rice, bread, oil",2024-09-07
8860,"orange, banana, eggs",2025-02-22
8861,"eggs, salt, pasta, yogurt, orange, apple",2025-10-13
8862,"eggs, pasta, butter",2024-11-30
8863,"cheese, eggs, potato, milk, apple",2024-06-23
8864,"chicken, oil, potato",2024-08-09
8865,"apple, banana, milk, cheese",2024-11-25
8866,"onion, sugar",2025-08-01
8867,"milk, cereal, rice, tomato, onion",2025-02-04
8868,"potato, cheese, cereal, onion",2024-07-22
8869,"apple, butter, cheese",2025-06-03
8870,"rice, beef",2024-04-27
8871,"chicken, bread, banana, sugar",2025-06-07
8872,"beef, yogurt, bread",2025-10-08
8873,"chicken, onion, orange",2025-07-23
8874,"salt, beef, cereal, pasta",2024-02-22
8875,"potato, chicken, oil, orange",2024-03-01
8876,"chicken, cheese, butter, oil",2024-10-07
8877,"bread, pasta, salt, yogurt, butter, banana",2024-10-09
8878,"cereal, salt, tomato, eggs, apple, milk",2024-11-25
8879,"orange, pasta, milk",2025-05-22
8880,"eggs, butter, oil",2024-05-09
8881,"orange, rice, onion, eggs, beef, bread",2024-09-22
8882,"cheese, bread",2025-07-26
8883,"orange, potato, rice, salt, apple",2025-10-31
8884,"tomato, cheese, apple, sugar, chicken",2025-07-22
8885,"apple, eggs, butter, milk, sugar",2024-05-09
8886,"milk, cheese, bread, sugar, beef, tomato",2024-07-30
8887,"cheese, yogurt, banana, rice",2025-10-30
8888,"butter, tomato",2024-09-09
8889,"milk, cheese, sugar, bread, beef",2024-04-23
8890,"potato, cereal, beef",2024-05-04
8891,"apple, pasta, oil, tomato",2024-07-31
8892,"bread, apple, potato, yogurt",2025-04-11
8893,"oil, bread, chicken",2024-06-08
8894,"banana, onion",2025-09-06
8895,"apple, milk, yogurt, chicken, onion",2025-02-10
8896,"oil, butter, chicken, potato, beef",2025-12-17
8897,"orange, apple, salt, eggs",2024-11-26
8898,"onion, tomato, beef, potato, cereal",2025-04-04
8899,"sugar, banana, cereal",2025-01-15
8900,"onion, tomato",2024-08-10
8901,"beef, potato, oil, bread",2024-02-22
8902,"cereal, rice, beef, apple",2025-07-03
8903,"rice, tomato, apple",2025-05-27
8904,"oil, potato, sugar, pasta",2025-04-29
8905,"eggs, milk, beef, potato, rice, cereal",2025-03-20
8906,"rice, salt, chicken",2025-05-24
8907,"milk, rice, oil, yogurt, bread, eggs",2025-11-03
8908,"rice, beef, potato",2025-07-24
8909,"milk, orange, pasta, bread, eggs",2025-09-23
8910,"sugar, oil, milk, chicken",2024-03-07
8911,"oil, cereal, rice, apple, tomato",2024-09-22
8912,"onion, milk",2025-07-18
8913,"orange, chicken",2024-12-23
8914,"chicken, yogurt",2025-01-20
8915,"apple, yogurt, butter, orange, eggs, salt",2025-06-09
8916,"eggs, tomato, apple, cheese",2024-02-20
8917,"apple, bread, yogurt",2024-07-17
8918,"cereal, salt, beef",2025-09-26
8919,"apple, yogurt, sugar",2025-01-24
8920,"cereal, bread, rice, pasta, orange",2025-07-06
8921,"potato, milk, cheese, pasta, apple, chicken",2024-04-19
8922,"cereal, sugar, tomato, cheese",2024-07-17
8923,"cereal, oil",2024-07-11
8924,"rice, salt",2024-08-24
8925,"butter, apple, onion, cheese, orange",2025-03-27
8926,"salt, chicken, butter",2025-02-23
8927,"salt, butter, yogurt, potato, oil, rice",2025-01-06
8928,"chicken, rice, onion, yogurt, pasta, oil",2025-12-25
8929,"potato, beef, onion, eggs, banana",2025-01-30
8930,"orange, salt, apple, banana, yogurt, cheese",2024-03-18
8931,"potato, onion, banana, yogurt, eggs, sugar",2025-06-24
8932,"pasta, butter, potato, yogurt, cheese, salt",2024-10-25
8933,"rice, banana",2024-11-20
8934,"oil, orange, milk, butter",2024-11-17
8935,"eggs, bread, sugar, milk, banana",2025-11-24
8936,"sugar, bread, salt, beef, oil",2024-05-01
8937,"eggs, cheese, yogurt, cereal, pasta, apple",2024-11-08
8938,"banana, potato, oil, sugar",2025-01-14
8939,"apple, salt",2024-11-28
8940,"yogurt, chicken, rice",2024-09-19
8941,"oil, pasta, banana",2025-08-19
8942,"potato, cereal",2024-07-09
8943,"eggs, butter",2025-02-14
8944,"banana, yogurt, apple, chicken, onion, beef",2025-12-10
8945,"oil, bread, sugar",2024-03-13
8946,"banana, pasta, milk",2024-04-21
8947,"cheese, tomato, salt",2024-05-24
8948,"cereal, pasta, onion, sugar",2025-07-15
8949,"onion, apple",2024-11-29
8950,"orange, potato",2025-08-26
8951,"apple, potato, cheese, onion",2024-02-01
8952,"tomato, beef, onion",2025-09-27
8953,"apple, potato, cheese",2024-04-18
8954,"oil, potato, milk, eggs, bread",2024-04-18
8955,"cereal, bread",2024-05-02
8956,"orange, apple, pasta, rice",2025-05-15
8957,"oil, rice, banana, orange, eggs",2025-04-01
8958,"butter, milk, sugar, beef, chicken, tomato",2024-10-09
8959,"cheese, milk, tomato, potato, sugar",2025-03-28
8960,"butter, oil, yogurt, sugar, salt, onion",2025-01-13
8961,"sugar, beef, yogurt",2024-11-08
8962,"onion, beef, cereal, salt, eggs",2024-04-11
8963,"eggs, pasta, orange, cheese, beef, yogurt",2025-03-30
8964,"tomato, pasta, onion, sugar, orange",2025-03-29
8965,"milk, pasta, bread",2025-10-24
8966,"bread, apple, banana",2024-12-21
8967,"orange, sugar, yogurt, oil",2025-01-31
8968,"cereal, apple, onion, potato",2024-04-01
8969,"milk, rice, orange, onion",2025-04-14
8970,"orange, chicken, rice",2024-01-18
8971,"eggs, salt, chicken",2025-04-29
8972,"yogurt, pasta",2025-09-19
8973,"cheese, banana",2024-03-20
8974,"milk, banana, chicken, cheese, potato, oil",2025-06-15
8975,"cheese, tomato, apple, rice, chicken, beef",2025-03-08
8976,"butter, milk, bread, chicken",2024-12-15
8977,"beef, butter, tomato",2025-05-04
8978,"bread, salt, tomato, chicken, cereal, sugar",2024-02-08
8979,"rice, beef",2025-07-16
8980,"rice, eggs, apple, salt",2025-02-03
8981,"milk, apple, chicken, banana, onion",2024-07-09
8982,"potato, pasta, milk",2024-08-27
8983,"apple, milk, pasta",2025-05-26
8984,"apple, tomato, cereal, sugar, potato",2025-09-17
8985,"apple, oil, pasta, butter",2024-12-19
8986,"eggs, chicken, milk, oil",2025-12-18
8987,"pasta, rice, onion, apple, beef, butter",2024-08-19
8988,"yogurt, onion, cereal, rice",2025-03-02
8989,"milk, onion",2025-12-23
8990,"butter, pasta, bread, cereal, milk",2025-03-14
8991,"onion, eggs",2025-04-23
8992,"butter, salt, cereal",2024-02-15
8993,"chicken, milk, potato, banana, cheese",2024-03-27
8994,"chicken, pasta, beef, apple",2025-10-17
8995,"butter, eggs, cheese, onion, rice",2025-01-05
8996,"rice, salt, orange, cheese, tomato, milk",2025-07-23
8997,"oil, salt, yogurt, butter",2024-04-28
8998,"rice, onion, banana, milk, beef, butter",2025-03-15
8999,"sugar, bread, onion, tomato",2025-05-20
9000,"pasta, bread",2024-01-21
9001,"orange, yogurt",2024-12-31
9002,"banana, rice, chicken",2025-01-19
9003,"sugar, butter, onion",2025-07-31
9004,"oil, apple, bread, butter, cheese, cereal",2025-11-16
9005,"chicken, pasta, butter, salt, rice",2024-05-27
9006,"orange, cheese, bread, eggs",2025-06-30
9007,"butter, banana, eggs, onion, sugar",2025-12-08
9008,"tomato, rice",2024-10-18
9009,"orange, onion, rice, milk",2024-04-01
9010,"cereal, eggs, banana, potato",2024-01-05
9011,"pasta, onion, cereal",2024-10-25
9012,"pasta, banana, potato, tomato, bread, chicken",2024-10-30
9013,"eggs, yogurt, apple, pasta",2024-12-06
9014,"eggs, tomato, cereal, bread, orange, rice",2025-05-09
9015,"bread, rice, banana, sugar, milk, oil",2025-02-23
9016,"oil, bread, tomato, chicken, yogurt, sugar",2025-07-08
9017,"cereal, apple, bread, potato",2025-08-01
9018,"onion, apple, potato, butter, yogurt",2025-09-22
9019,"apple, banana, rice, tomato",2024-06-18
9020,"banana, butter, cereal, salt, onion",2024-08-14
9021,"sugar, rice, pasta, cheese, orange",2024-12-24
9022,"orange, sugar, bread, oil",2025-02-13
9023,"beef, milk, bread",2025-06-19
9024,"cheese, milk, chicken",2024-11-07
9025,"cheese, beef, bread",2024-04-28
9026,"oil, tomato, eggs, potato, apple",2024-08-23
9027,"potato, rice",2025-01-17
9028,"salt, eggs, yogurt",2025-03-31
9029,"pasta, cheese, chicken, onion",2024-05-17
9030,"pasta, salt, onion, oil, butter, orange",2025-07-08
9031,"butter, eggs, sugar, potato",2025-04-15
9032,"apple, bread, salt, eggs, rice, pasta",2024-10-05
9033,"beef, tomato, chicken, butter, oil",2024-06-16
9034,"banana, oil, onion, sugar",2024-07-05
9035,"onion, chicken, cheese, eggs",2024-10-02
9036,"banana, apple",2024-08-01
9037,"butter, beef, bread, chicken",2024-08-23
9038,"tomato, bread, milk, pasta, yogurt",2024-01-25
9039,"yogurt, beef, potato, bread, milk",2025-07-04
9040,"orange, milk",2025-06-01
9041,"milk, potato, cheese, sugar",2024-10-15
9042,"chicken, oil, salt, yogurt",2025-12-04
9043,"oil, cheese, potato, cereal",2024-10-17
9044,"bread, salt, yogurt, potato, cheese, oil",2024-09-19
9045,"potato, bread",2025-04-13
9046,"apple, tomato, eggs, cheese, salt, chicken",2025-06-17
9047,"potato, onion, beef",2025-12-20
9048,"orange, banana, oil",2024-06-13
9049,"banana, rice, orange, milk, butter",2025-10-06
9050,"orange, tomato, yogurt, banana, onion, apple",2024-06-02
9051,"oil, tomato, beef, orange",2024-08-07
9052,"pasta, onion",2025-03-05
9053,"oil, tomato",2025-10-30
9054,"banana, bread, beef",2025-01-01
9055,"rice, pasta",2024-09-10
9056,"tomato, banana, orange",2024-11-26
9057,"potato, oil",2024-10-17
9058,"cheese, chicken",2025-08-13
9059,"onion, salt, beef",2025-03-18
9060,"rice, pasta, banana",2025-05-22
9061,"apple, butter, eggs, yogurt, banana",2024-01-02
9062,"apple, rice, onion",2024-12-11
9063,"yogurt, orange, bread, apple",2025-02-06
9064,"chicken, oil, yogurt, rice",2025-01-01
9065,"cereal, rice, banana, orange",2025-03-01
9066,"butter, oil",2025-06-28
9067,"tomato, oil, butter",2025-03-08
9068,"cheese, beef, banana",2025-12-19
9069,"butter, apple, bread, onion, yogurt, banana",2025-09-17
9070,"salt, tomato, butter, bread",2024-05-30
9071,"eggs, pasta",2025-05-18
9072,"potato, apple, banana",2025-03-15
9073,"eggs, tomato, butter, sugar",2025-01-20
9074,"salt, pasta, yogurt, oil",2024-05-26
9075,"milk, bread, banana, tomato, apple",2025-11-29
9076,"cheese, bread",2024-03-12
9077,"oil, tomato",2025-04-02
9078,"milk, yogurt",2024-08-24
9079,"pasta, banana, tomato, eggs, beef, salt",2024-10-11
9080,"salt, yogurt, milk",2025-05-13
9081,"eggs, oil",2025-08-29
9082,"onion, tomato, beef, cheese, milk, orange",2025-12-29
9083,"bread, tomato",2025-12-02
9084,"eggs, yogurt, chicken, beef, butter",2024-04-19
9085,"chicken, bread",2024-02-13
9086,"orange, rice",2024-02-02
9087,"butter, yogurt, cereal, pasta",2025-03-01
9088,"cheese, beef, rice",2024-08-02
9089,"tomato, onion, yogurt, beef, oil, bread",2025-08-08
9090,"pasta, salt",2024-02-19
9091,"tomato, banana",2024-12-14
9092,"cheese, oil, onion",2025-02-05
9093,"onion, milk, eggs, salt, potato",2025-03-04
9094,"rice, beef",2025-08-07
9095,"chicken, cheese",2024-04-08
9096,"butter, potato, milk, rice, pasta, apple",2025-10-25
9097,"tomato, onion, oil, banana, pasta, rice",2025-05-29
9098,"chicken, cheese, potato",2024-03-01
9099,"pasta, potato, beef",2025-01-11
9100,"sugar, milk, cheese",2024-10-22
9101,"beef, banana, milk",2024-04-25
9102,"yogurt, eggs, oil, potato",2024-08-28
9103,"sugar, yogurt, potato, banana, apple, tomato",2024-10-14
9104,"pasta, apple",2025-12-19
9105,"beef, potato, rice",2025-10-04
9106,"rice, salt",2025-09-22
9107,"salt, chicken, pasta, rice",2024-11-03
9108,"cheese, eggs, chicken, bread",2024-07-09
9109,"oil, onion, apple, eggs, beef",2025-12-18
9110,"rice, oil, apple",2025-08-07
9111,"apple, banana, pasta, butter, cereal",2024-02-20
9112,"bread, orange, sugar, potato, yogurt, salt",2025-08-30
9113,"apple, pasta",2025-11-06
9114,"onion, orange, rice",2024-01-30
9115,"pasta, apple",2024-07-20
9116,"salt, chicken, butter, rice",2024-03-03
9117,"banana, beef, rice",2025-12-30
9118,"bread, onion",2025-01-11
9119,"chicken, cheese",2024-11-16
9120,"apple, oil",2024-01-09
9121,"cereal, bread",2024-10-17
9122,"yogurt, onion, oil, sugar, banana, cheese",2024-09-18
9123,"beef, oil, banana, eggs",2025-02-20
9124,"salt, beef",2025-03-11
9125,"onion, butter, beef, apple, bread, tomato",2024-06-30
9126,"orange, beef, butter, salt, tomato",2024-07-28
9127,"butter, cheese, potato, oil, pasta, milk",2025-02-19
9128,"rice, orange",2024-03-28
9129,"apple, bread, cheese, sugar, yogurt, rice",2025-10-19
9130,"rice, yogurt",2025-02-22
9131,"apple, bread, rice, cheese, sugar",2024-11-07
9132,"orange, sugar, pasta, eggs, bread, banana",2025-11-15
9133,"potato, eggs",2024-07-12
9134,"milk, apple, pasta, butter",2024-02-29
9135,"sugar, pasta",2025-01-27
9136,"bread, onion, beef",2024-09-05
9137,"chicken, oil, beef, sugar, potato, butter",2025-01-23
9138,"rice, oil, yogurt, tomato, banana",2024-04-07
9139,"cereal, apple",2024-04-19
9140,"cheese, potato",2025-04-18
9141,"eggs, apple, butter",2024-04-17
9142,"butter, banana, chicken",2025-03-22
9143,"apple, cereal, pasta, eggs",2025-03-25
9144,"tomato, yogurt, oil",2024-08-24
9145,"sugar, eggs, onion, orange, milk",2024-02-15
9146,"eggs, pasta, butter, beef, oil, sugar",2025-04-30
9147,"eggs, apple, yogurt, orange",2024-02-18
9148,"orange, beef",2024-09-15
9149,"cheese, butter, onion, bread, salt",2025-03-11
9150,"sugar, rice, potato, butter, eggs",2025-03-28
9151,"eggs, pasta, banana, cheese",2025-02-20
9152,"eggs, potato, cereal, cheese, yogurt, oil",2024-09-12
9153,"potato, cereal, onion, orange, tomato, cheese",2025-01-06
9154,"chicken, beef, sugar, cheese",2024-12-24
9155,"chicken, yogurt, cheese",2024-06-26
9156,"milk, salt, bread, oil, butter, rice",2024-11-18
9157,"butter, tomato, potato",2024-11-30
9158,"sugar, cereal",2025-11-12
9159,"cereal, chicken, eggs, sugar, apple",2024-09-20
9160,"salt, apple, bread, yogurt, cheese",2025-11-04
9161,"rice, yogurt, milk",2024-10-21
9162,"oil, salt, beef",2025-05-25
9163,"cereal, sugar, orange, pasta, cheese, salt",2024-04-25
9164,"yogurt, chicken",2025-11-04
9165,"milk, sugar, chicken, beef, cheese",2024-12-16
9166,"cereal, butter, sugar, eggs",2024-04-05
9167,"sugar, salt, rice, pasta",2024-11-17
9168,"potato, eggs",2024-04-01
9169,"pasta, beef, tomato",2025-07-25
9170,"orange, rice",2024-12-15
9171,"pasta, onion, orange, rice, milk",2024-04-05
9172,"bread, beef",2025-10-27
9173,"yogurt, pasta, salt",2024-12-29
9174,"cheese, eggs, chicken",2025-01-22
9175,"milk, butter",2025-06-23
9176,"beef, pasta",2024-03-03
9177,"banana, cheese, beef",2024-07-25
9178,"cheese, beef",2025-05-22
9179,"cheese, onion, beef",2025-01-17
9180,"milk, salt",2024-05-20
9181,"potato, orange, butter, milk, salt",2025-02-11
9182,"apple, onion, cereal, eggs",2024-03-17
9183,"potato, orange, beef, eggs, sugar",2024-04-10
9184,"apple, beef, chicken",2025-10-29
9185,"milk, salt, tomato, butter",2024-08-28
9186,"yogurt, oil, bread, beef, rice",2025-12-26
9187,"butter, orange, yogurt, cereal, sugar, milk",2025-01-12
9188,"salt, banana, rice, oil, sugar, orange",2024-01-13
9189,"milk, beef, sugar",2025-02-16
9190,"salt, orange, cereal, milk",2025-06-05
9191,"salt, bread, chicken, eggs, pasta, milk",2025-04-07
9192,"sugar, beef, banana, chicken",2025-08-12
9193,"milk, sugar, apple, cheese, rice, pasta",2025-05-08
9194,"tomato, eggs, pasta, banana, butter",2025-04-19
9195,"chicken, cereal",2025-02-08
9196,"oil, banana, rice, beef, tomato, potato",2025-10-14
9197,"pasta, eggs",2024-12-05
9198,"salt, oil, apple",2024-07-06
9199,"rice, onion, bread",2025-07-17
9200,"salt, beef, chicken, banana, eggs",2024-02-07
9201,"yogurt, salt, bread, sugar",2025-11-03
9202,"salt, tomato, eggs, beef",2024-01-18
9203,"orange, yogurt, banana",2024-12-16
9204,"onion, yogurt, pasta",2025-09-27
9205,"cheese, yogurt, milk",2025-10-19
9206,"banana, orange, chicken",2024-08-26
9207,"cheese, onion, banana, oil",2024-12-04
9208,"potato, oil, chicken, butter",2025-03-02
9209,"potato, bread",2025-08-25
9210,"milk, bread, sugar",2025-05-09
9211,"apple, chicken, butter, bread, rice",2024-11-18
9212,"sugar, pasta, orange",2025-01-12
9213,"onion, sugar, oil, salt, orange",2024-06-11
9214,"milk, banana, beef, potato, butter",2025-04-29
9215,"cheese, rice, cereal, bread, oil",2025-02-18
9216,"potato, beef, butter, milk",2025-06-18
9217,"orange, milk, rice",2025-06-08
9218,"butter, oil, chicken, sugar",2025-05-30
9219,"salt, butter, bread",2025-10-10
9220,"onion, banana",2025-11-25
9221,"rice, onion, banana, butter, salt",2025-03-06
9222,"cereal, onion, apple, orange, eggs, chicken",2025-05-28
9223,"beef, rice, yogurt",2025-01-04
9224,"bread, salt, sugar, banana, beef, rice",2024-10-23
9225,"potato, salt, bread",2025-03-12
9226,"tomato, cheese, eggs, sugar, bread",2024-05-26
9227,"orange, bread",2024-02-17
9228,"oil, apple, beef, eggs",2024-11-23
9229,"chicken, beef, rice",2025-03-13
9230,"potato, cereal, cheese, eggs, chicken",2025-02-03
9231,"banana, beef, pasta, tomato, cereal, yogurt",2024-12-06
9232,"rice, milk",2024-09-25
9233,"cheese, milk, bread, tomato, sugar, pasta",2024-06-12
9234,"tomato, banana, beef, apple, eggs, cheese",2025-07-07
9235,"banana, milk, sugar",2024-04-21
9236,"chicken, tomato, sugar",2024-10-24
9237,"cereal, eggs, pasta",2024-01-22
9238,"orange, butter, cheese",2025-02-03
9239,"orange, pasta, rice, salt",2025-05-25
9240,"oil, rice, cheese",2025-11-14
9241,"sugar, eggs, butter, apple",2025-11-19
9242,"potato, sugar, rice",2025-07-11
9243,"bread, banana",2025-06-13
9244,"chicken, eggs, milk",2025-06-06
9245,"orange, apple, tomato, butter, yogurt, banana",2024-12-06
9246,"salt, potato",2025-04-04
9247,"orange, milk",2025-03-24
9248,"salt, eggs, sugar",2025-08-11
9249,"cheese, butter, oil, beef, orange",2024-03-19
9250,"cheese, oil, eggs, pasta, sugar, milk",2025-06-12
9251,"onion, butter",2024-11-10
9252,"banana, butter, milk",2024-05-04
9253,"rice, tomato, eggs, bread, orange",2024-04-18
9254,"milk, potato, eggs, oil, tomato",2024-03-17
9255,"apple, orange, potato, bread, pasta",2024-02-12
9256,"eggs, cereal, orange",2024-01-02
9257,"banana, apple",2024-05-08
9258,"sugar, pasta, salt, butter",2024-10-07
9259,"apple, potato",2025-09-09
9260,"chicken, cereal, salt, pasta, oil, rice",2025-09-29
9261,"cereal, banana, milk, eggs, chicken",2024-11-06
9262,"pasta, beef, onion, yogurt, bread",2025-07-19
9263,"pasta, tomato, butter, onion, potato",2024-01-23
9264,"butter, salt, beef, cereal, cheese, eggs",2024-08-03
9265,"cereal, pasta",2024-07-15
9266,"milk, chicken, onion, oil, butter, cereal",2024-01-19
9267,"sugar, cereal, tomato, orange",2025-05-21
9268,"bread, salt",2025-10-10
9269,"cheese, milk",2024-01-25
9270,"salt, apple, orange, cheese, sugar",2025-09-24
9271,"banana, eggs, sugar, salt",2024-07-12
9272,"orange, banana, bread, potato, tomato, milk",2024-01-11
9273,"bread, onion, oil, salt",2025-05-13
9274,"beef, onion, cereal",2025-10-19
9275,"tomato, cheese, cereal, pasta",2025-10-08
9276,"potato, rice, apple, tomato, yogurt",2024-06-19
9277,"butter, tomato",2024-10-26
9278,"cheese, beef, eggs, yogurt",2026-01-01
9279,"banana, eggs, chicken",2025-06-15
9280,"banana, beef",2024-08-10
9281,"tomato, salt, cereal, pasta, oil, yogurt",2024-04-16
9282,"bread, rice, oil, yogurt, cheese",2024-05-05
9283,"onion, cheese, tomato",2025-04-16
9284,"potato, onion",2025-10-11
9285,"bread, salt, apple, tomato, potato, sugar",2025-01-27
9286,"banana, yogurt",2024-10-27
9287,"bread, apple, yogurt, tomato, potato, chicken",2025-11-03
9288,"eggs, salt, oil, beef, yogurt, tomato",2025-04-14
9289,"chicken, onion, banana, milk, apple, potato",2024-04-06
9290,"eggs, orange, banana, onion, rice",2024-12-23
9291,"cereal, beef",2025-12-20
9292,"potato, apple, cereal, sugar, eggs",2024-07-25
9293,"onion, apple, banana, cheese, milk, bread",2024-12-14
9294,"tomato, cheese, banana, onion, chicken, milk",2024-03-03
9295,"pasta, butter",2024-10-23
9296,"milk, apple, banana, salt, oil",2024-08-05
9297,"rice, onion, salt, cereal",2025-04-13
9298,"potato, salt, bread, milk",2024-08-08
9299,"apple, milk",2025-02-23
9300,"salt, beef, yogurt",2024-08-27
9301,"eggs, salt",2025-11-30
9302,"apple, chicken, banana, tomato, yogurt, rice",2024-04-29
9303,"pasta, yogurt",2024-05-30
9304,"apple, orange, bread, butter, beef",2024-03-29
9305,"cheese, beef, rice",2025-02-02
9306,"eggs, sugar, bread",2025-08-18
9307,"cereal, cheese, tomato, salt, bread",2024-02-24
9308,"cheese, onion, beef",2024-07-27
9309,"oil, orange, chicken, apple, banana",2025-10-29
9310,"potato, milk, orange, bread, yogurt, cheese",2025-10-04
9311,"eggs, milk, pasta, salt",2025-04-09
9312,"beef, sugar",2025-09-20
9313,"potato, rice, banana, apple",2025-10-30
9314,"eggs, tomato",2024-01-25
9315,"beef, orange, oil, milk, butter, eggs",2024-11-27
9316,"cheese, milk, potato, salt",2025-02-10
9317,"yogurt, beef, cheese, chicken, sugar, butter",2024-09-17
9318,"orange, rice, pasta, apple, milk, chicken",2024-02-17
9319,"salt, banana",2025-07-27
9320,"oil, banana, cereal, salt, onion, rice",2025-12-04
9321,"cheese, rice, tomato, potato",2025-11-01
9322,"salt, cereal, sugar, yogurt, rice",2024-10-07
9323,"banana, chicken, tomato, sugar, butter",2024-11-03
9324,"rice, orange, banana, tomato, beef, potato",2024-01-24
9325,"apple, onion, cereal, bread, oil",2024-12-17
9326,"yogurt, tomato",2025-05-19
9327,"eggs, onion, salt, potato",2025-11-22
9328,"tomato, yogurt, onion",2024-05-09
9329,"cheese, oil, yogurt, butter, bread",2024-11-30
9330,"tomato, eggs",2025-09-02
9331,"yogurt, sugar, apple, banana, butter",2024-12-21
9332,"oil, rice, sugar",2025-08-22
9333,"oil, bread, beef",2025-04-27
9334,"apple, oil",2024-11-13
9335,"salt, chicken, pasta",2025-08-05
9336,"banana, eggs, bread, cereal",2024-04-29
9337,"onion, yogurt, apple, eggs, chicken",2024-08-20
9338,"oil, milk, yogurt, cheese",2025-11-23
9339,"eggs, salt",2024-10-09
9340,"banana, bread, rice, milk",2025-06-12
9341,"sugar, potato",2025-06-19
9342,"milk, apple, beef, potato, sugar, butter",2024-04-12
9343,"eggs, bread, onion, salt, orange",2024-09-16
9344,"apple, pasta",2025-03-31
9345,"yogurt, oil, cheese",2024-04-28
9346,"butter, tomato, oil, milk, sugar, cereal",2024-07-25
9347,"pasta, butter, milk, cereal, eggs",2024-06-27
9348,"chicken, cheese, yogurt, rice, sugar",2024-08-05
9349,"chicken, yogurt",2024-07-17
9350,"tomato, apple, bread, salt, pasta",2025-02-10
9351,"tomato, oil",2025-11-09
9352,"apple, bread, tomato",2024-07-18
9353,"onion, oil",2024-02-10
9354,"sugar, bread, beef",2025-05-05
9355,"bread, salt, chicken, apple, pasta",2024-03-10
9356,"onion, orange, salt, cheese, bread, milk",2025-06-02
9357,"bread, beef, salt, tomato",2024-05-06
9358,"chicken, cheese, milk, apple",2025-12-04
9359,"chicken, butter, apple, beef",2024-12-13
9360,"cheese, salt",2024-05-04
9361,"salt, milk, eggs, rice, apple",2025-05-01
9362,"rice, chicken, potato, beef, tomato",2024-05-27
9363,"eggs, oil, yogurt, banana, beef, cheese",2025-06-04
9364,"chicken, milk, yogurt, oil, cereal, butter",2025-08-26
9365,"potato, cereal, pasta, onion, eggs, chicken",2024-03-22
9366,"milk, salt, butter",2025-01-24
9367,"oil, chicken, orange",2024-02-15
9368,"orange, tomato, apple, butter",2024-02-01
9369,"beef, oil, onion, milk",2024-10-11
9370,"apple, potato, banana, salt, beef",2024-08-27
9371,"apple, banana, beef",2024-05-13
9372,"onion, eggs, sugar",2025-09-01
9373,"yogurt, banana, onion",2025-09-03
9374,"eggs, potato, beef",2024-08-13
9375,"orange, onion, eggs, rice, milk, pasta",2025-01-15
9376,"cereal, orange, cheese",2024-11-03
9377,"oil, milk, onion, eggs, orange",2025-12-21
9378,"tomato, sugar",2025-11-17
9379,"onion, rice, cheese, pasta, banana",2025-09-02
9380,"beef, salt, apple, eggs, chicken",2025-01-21
9381,"banana, bread, cheese, tomato",2024-10-10
9382,"eggs, cereal, milk, orange",2024-06-08
9383,"eggs, yogurt, oil, pasta, cheese, apple",2024-09-14
9384,"bread, rice",2024-02-01
9385,"onion, rice, eggs, potato, tomato, beef",2025-05-09
9386,"chicken, cheese, oil, beef, orange",2024-11-06
9387,"rice, chicken, milk, orange, salt, tomato",2024-01-09
9388,"salt, yogurt",2024-11-01
9389,"oil, salt, potato",2025-06-09
9390,"banana, milk, rice, beef, sugar, tomato",2024-07-17
9391,"orange, oil",2024-02-27
9392,"cheese, oil, eggs",2025-12-06
9393,"cheese, orange, banana, cereal, bread, milk",2024-02-25
9394,"pasta, cheese, oil, tomato, rice",2025-09-07
9395,"tomato, potato, banana, onion, orange",2024-01-06
9396,"sugar, onion, rice",2024-12-12
9397,"beef, sugar",2025-07-27
9398,"butter, apple, tomato, banana",2025-08-09
9399,"butter, sugar, cheese, bread, yogurt",2024-02-22
9400,"eggs, banana, sugar",2025-02-09
9401,"milk, bread, potato, eggs, apple, banana",2025-09-09
9402,"pasta, bread, orange, butter",2025-05-24
9403,"pasta, bread, tomato, yogurt, orange, salt",2025-10-18
9404,"chicken, orange",2024-05-30
9405,"yogurt, salt, orange, milk",2025-02-04
9406,"potato, yogurt",2025-06-20
9407,"apple, oil, yogurt, potato",2025-02-27
9408,"cereal, onion, eggs, yogurt, chicken",2024-04-17
9409,"butter, bread, apple",2025-06-06
9410,"butter, apple",2024-10-23
9411,"sugar, chicken, tomato, salt, oil, eggs",2025-01-29
9412,"sugar, tomato",2025-08-31
9413,"salt, yogurt, milk, banana, pasta, tomato",2025-06-10
9414,"sugar, pasta, beef, oil",2024-12-31
9415,"butter, cheese, bread, tomato, oil",2024-07-26
9416,"orange, eggs, beef, cereal, sugar",2025-04-29
9417,"bread, apple",2025-07-30
9418,"sugar, rice",2024-11-22
9419,"tomato, onion, banana, apple, chicken, milk",2024-09-03
9420,"cereal, beef, onion, milk, tomato, oil",2024-11-23
9421,"rice, tomato, milk",2024-05-31
9422,"chicken, bread, orange, butter, apple, milk",2024-03-16
9423,"eggs, onion, beef",2024-07-12
9424,"eggs, beef",2025-04-20
9425,"yogurt, chicken",2025-02-25
9426,"onion, cereal, sugar, salt, orange",2025-05-11
9427,"salt, yogurt, cheese, eggs, butter",2025-02-03
9428,"orange, potato, sugar, oil, milk, pasta",2025-04-16
9429,"potato, banana, cereal, butter, sugar, yogurt",2025-10-04
9430,"banana, apple",2024-03-26
9431,"orange, tomato, butter, milk, apple, beef",2025-03-03
9432,"banana, cereal, tomato",2025-02-27
9433,"orange, bread, beef, banana",2024-08-26
9434,"beef, butter, apple, oil, pasta",2025-09-06
9435,"cheese, pasta, bread, onion",2024-02-15
9436,"rice, yogurt, milk, cheese, cereal, banana",2024-11-24
9437,"bread, cereal, potato, chicken, rice, sugar",2025-02-24
9438,"butter, salt, rice, banana, sugar, bread",2024-03-05
9439,"potato, salt, rice, tomato, beef",2024-01-30
9440,"yogurt, rice, sugar",2024-12-16
9441,"sugar, pasta, cereal, cheese",2024-11-01
9442,"salt, cheese, bread, onion, tomato, orange",2025-03-13
9443,"chicken, cheese, potato",2025-12-13
9444,"butter, cheese",2025-02-18
9445,"rice, salt, onion, cheese, cereal, sugar",2025-01-23
9446,"cheese, butter, yogurt, eggs",2024-02-28
9447,"banana, bread, milk, pasta, sugar, beef",2025-09-27
9448,"sugar, pasta",2025-07-13
9449,"beef, pasta, bread",2024-12-23
9450,"sugar, eggs, butter, milk, yogurt",2025-06-12
9451,"orange, banana",2025-11-15
9452,"banana, rice",2024-08-12
9453,"eggs, sugar",2025-05-23
9454,"sugar, rice, milk",2025-07-14
9455,"orange, salt, eggs, milk, rice, banana",2024-11-29
9456,"milk, pasta, eggs, tomato, banana, rice",2025-06-25
9457,"beef, salt, sugar, eggs, tomato",2025-04-30
9458,"bread, cereal, sugar, apple",2024-11-30
9459,"eggs, milk, banana, butter, potato",2024-03-26
9460,"tomato, yogurt",2024-02-25
9461,"chicken, banana, yogurt",2024-05-16
9462,"orange, cereal, banana, rice, chicken",2024-01-12
9463,"milk, butter, potato",2024-01-12
9464,"sugar, yogurt",2024-09-28
9465,"banana, eggs",2025-04-18
9466,"yogurt, eggs, bread, oil, apple, orange",2025-04-19
9467,"yogurt, onion, oil",2025-07-10
9468,"oil, salt, chicken, cheese, sugar, beef",2024-05-22
9469,"salt, oil, orange, rice, tomato, onion",2024-08-26
9470,"orange, beef, tomato",2025-01-16
9471,"bread, sugar, orange",2024-05-27
9472,"cereal, orange",2025-04-12
9473,"orange, pasta",2024-10-12
9474,"cheese, potato, tomato, banana",2025-09-08
9475,"banana, sugar, salt, rice, onion, pasta",2024-05-18
9476,"beef, apple, bread, orange, cheese, rice",2025-08-22
9477,"onion, sugar",2025-07-11
9478,"milk, apple, oil",2024-01-31
9479,"bread, eggs, sugar, cereal, milk, salt",2025-04-04
9480,"yogurt, cereal, sugar",2025-03-01
9481,"pasta, salt, beef, rice",2024-07-30
9482,"cereal, potato, salt",2025-03-30
9483,"sugar, cereal, apple, rice, cheese, banana",2025-03-21
9484,"sugar, rice, tomato, eggs",2024-10-14
9485,"beef, butter, yogurt, bread, potato",2025-11-29
9486,"sugar, rice, beef, yogurt",2024-09-27
9487,"apple, potato, bread",2025-11-22
9488,"chicken, onion, cheese, rice, bread",2025-11-13
9489,"chicken, beef, yogurt, salt, sugar, milk",2025-12-09
9490,"chicken, butter, eggs, pasta, salt, cereal",2024-01-09
9491,"cereal, salt",2024-10-19
9492,"yogurt, bread",2024-10-08
9493,"banana, chicken, salt, potato, rice",2024-08-04
9494,"orange, cheese, apple, sugar, potato",2025-09-25
9495,"bread, tomato, apple, banana, oil",2024-01-16
9496,"oil, banana, yogurt",2025-05-24
9497,"pasta, onion, eggs",2025-04-17
9498,"sugar, yogurt, butter, onion, beef, oil",2025-09-27
9499,"chicken, pasta",2024-10-07
9500,"cheese, tomato, rice",2024-05-12
9501,"banana, yogurt, sugar, tomato, pasta",2024-09-08
9502,"cheese, yogurt, eggs, milk",2024-03-09
9503,"yogurt, salt, eggs",2025-08-16
9504,"potato, butter, oil, milk",2025-10-08
9505,"yogurt, onion, oil, rice",2024-11-27
9506,"oil, banana",2025-01-14
9507,"milk, banana, oil, potato",2024-10-15
9508,"eggs, potato, banana",2025-06-11
9509,"salt, yogurt",2025-04-26
9510,"beef, orange, cheese, rice, eggs",2025-07-29
9511,"tomato, banana, orange, apple, cereal, sugar",2024-05-20
9512,"milk, apple, banana, rice, tomato",2024-03-07
9513,"eggs, yogurt, chicken, cheese",2024-10-20
9514,"oil, cheese, orange",2024-04-18
9515,"orange, cheese, banana",2024-04-05
9516,"cheese, pasta, bread, yogurt",2025-03-17
9517,"cheese, yogurt",2024-11-09
9518,"cereal, tomato, oil, bread, chicken",2024-06-28
9519,"cheese, onion",2024-01-10
9520,"rice, chicken, butter",2025-02-02
9521,"salt, tomato, pasta",2025-10-04
9522,"orange, salt, cheese, tomato, oil, eggs",2024-05-25
9523,"chicken, oil, cheese, potato, salt",2024-02-03
9524,"tomato, banana",2024-10-09
9525,"chicken, milk, cheese, tomato",2024-02-02
9526,"tomato, potato, butter, salt, pasta",2025-10-14
9527,"chicken, apple",2025-11-06
9528,"yogurt, pasta, banana, chicken",2024-08-06
9529,"bread, butter, potato, sugar, eggs",2025-03-16
9530,"pasta, salt",2024-05-02
9531,"rice, oil, cheese",2025-07-04
9532,"banana, butter, rice, chicken, milk, orange",2025-11-25
9533,"milk, banana, cheese, chicken",2025-08-19
9534,"chicken, tomato, yogurt, rice, beef, banana",2025-08-26
9535,"eggs, cereal, potato, pasta, salt, onion",2024-11-06
9536,"yogurt, oil",2025-12-08
9537,"yogurt, milk, apple, orange, bread, cereal",2024-07-23
9538,"chicken, potato, cereal, orange, milk, salt",2025-04-27
9539,"onion, banana, beef, eggs, bread",2024-06-26
9540,"pasta, salt, bread, apple, banana",2024-09-09
9541,"apple, onion",2025-03-08
9542,"potato, beef, bread, butter, cheese",2024-03-22
9543,"apple, yogurt, butter, salt, milk, orange",2025-08-13
9544,"potato, cheese, sugar, orange, yogurt",2024-01-27
9545,"cereal, cheese, banana, apple, milk, bread",2025-09-10
9546,"salt, milk, onion, yogurt, apple",2024-12-15
9547,"chicken, cereal, onion, bread, apple",2024-06-10
9548,"eggs, potato, cereal, oil, orange",2024-09-21
9549,"banana, chicken, rice, sugar, oil, salt",2025-08-05
9550,"butter, eggs, orange, banana, yogurt, apple",2025-02-13
9551,"sugar, beef",2024-02-25
9552,"pasta, yogurt, beef, potato, eggs",2025-02-21
9553,"pasta, beef, butter",2025-11-22
9554,"cheese, chicken, oil",2024-09-17
9555,"beef, apple, orange, eggs",2025-04-21
9556,"apple, butter, chicken, cheese, milk, potato",2024-08-27
9557,"yogurt, salt, cereal, tomato, sugar, potato",2025-02-22
9558,"pasta, beef, bread, apple, sugar",2024-02-17
9559,"orange, cheese, milk",2024-11-19
9560,"salt, apple, milk, cheese, tomato",2024-09-23
9561,"cheese, tomato, onion, pasta",2025-08-27
9562,"eggs, orange, beef, chicken, cheese, banana",2025-07-15
9563,"yogurt, bread, apple",2024-01-12
9564,"milk, potato, onion, chicken",2025-04-30
9565,"beef, salt, chicken, oil",2024-09-27
9566,"beef, onion, sugar, banana, apple, chicken",2025-05-26
9567,"butter, tomato, beef",2025-04-12
9568,"orange, tomato, cereal, chicken",2024-05-24
9569,"oil, tomato",2025-12-14
9570,"orange, chicken, tomato, cheese",2025-02-18
9571,"oil, apple, banana, rice, pasta",2024-06-28
9572,"sugar, cheese, oil, cereal, bread, orange",2025-06-27
9573,"pasta, orange, milk",2025-04-11
9574,"oil, eggs, beef, rice, chicken",2024-02-19
9575,"apple, banana, butter, eggs, yogurt",2025-12-04
9576,"potato, orange, sugar, cheese, chicken",2025-02-18
9577,"rice, beef, orange, eggs, chicken, banana",2025-05-24
9578,"apple, onion, bread, cereal, orange",2024-03-26
9579,"salt, oil",2024-08-31
9580,"bread, banana, potato, apple, tomato",2024-02-23
9581,"butter, yogurt, eggs, cheese, potato",2025-09-08
9582,"apple, sugar",2024-01-27
9583,"eggs, potato, chicken",2025-03-09
9584,"oil, salt, pasta, sugar, rice, potato",2024-08-18
9585,"banana, butter",2025-07-29
9586,"beef, cereal, sugar, salt, potato, apple",2025-08-08
9587,"salt, oil",2024-06-08
9588,"rice, eggs, chicken, cheese, cereal, banana",2025-02-06
9589,"eggs, rice, yogurt, salt",2024-05-15
9590,"pasta, banana",2024-09-16
9591,"onion, eggs, milk",2025-06-23
9592,"butter, salt, rice, bread, banana, potato",2024-08-28
9593,"eggs, cereal",2024-01-17
9594,"tomato, bread, orange",2025-04-03
9595,"milk, cereal, beef, cheese",2025-10-25
9596,"potato, bread, apple, sugar, chicken",2024-07-05
9597,"orange, chicken, pasta, potato",2025-04-04
9598,"banana, bread",2024-09-04
9599,"cereal, tomato, potato",2025-07-06
9600,"sugar, pasta",2025-01-07
9601,"apple, rice, orange, oil, potato, cereal",2024-11-06
9602,"onion, banana, chicken, milk, butter",2025-02-21
9603,"beef, pasta, yogurt, eggs, salt",2025-03-28
9604,"cereal, beef, orange, bread, butter",2024-08-08
9605,"apple, onion, beef, salt",2025-08-04
9606,"beef, apple",2024-02-23
9607,"sugar, oil, cereal, milk, eggs",2024-06-05
9608,"apple, salt, orange, bread, onion",2025-08-05
9609,"banana, bread, eggs, onion",2025-05-16
9610,"beef, yogurt, pasta, chicken",2025-06-07
9611,"eggs, cereal, salt, yogurt",2024-05-06
9612,"tomato, apple, potato, salt, cheese, chicken",2024-11-07
9613,"cheese, potato, yogurt",2024-05-18
9614,"yogurt, potato",2025-03-21
9615,"apple, bread, cheese, rice, cereal, orange",2024-01-18
9616,"bread, onion, apple, rice",2024-11-08
9617,"rice, yogurt, orange, potato, sugar, oil",2025-09-17
9618,"onion, sugar, bread, milk",2024-11-30
9619,"bread, oil, butter, orange",2025-12-19
9620,"bread, apple, chicken, pasta, butter",2025-08-02
9621,"cheese, orange, sugar, onion, tomato, rice",2024-09-06
9622,"bread, onion",2024-08-06
9623,"sugar, milk, tomato",2025-07-24
9624,"milk, sugar, pasta, yogurt, salt",2025-09-18
9625,"onion, apple, salt, bread, chicken",2025-07-07
9626,"orange, apple, eggs, cereal, oil",2024-12-15
9627,"tomato, potato, yogurt, sugar, apple",2024-10-21
9628,"butter, chicken",2024-01-18
9629,"onion, apple, tomato",2025-02-28
9630,"cheese, onion, chicken, milk, salt, apple",2025-11-02
9631,"pasta, oil",2024-01-11
9632,"orange, oil, beef, onion",2024-09-08
9633,"rice, cheese",2024-05-27
9634,"onion, eggs, pasta",2024-12-27
9635,"bread, banana, chicken",2024-12-02
9636,"chicken, milk, banana, tomato",2024-08-20
9637,"sugar, apple, potato, eggs, chicken, rice",2025-12-22
9638,"yogurt, oil",2024-07-14
9639,"cheese, milk, orange, salt, butter, pasta",2024-07-27
9640,"eggs, milk, salt, sugar, tomato",2025-03-11
9641,"yogurt, butter, pasta, cereal, cheese, rice",2025-12-25
9642,"butter, beef, cheese",2025-05-16
9643,"apple, cheese, tomato, pasta",2024-11-13
9644,"sugar, yogurt, rice, milk, bread",2024-05-17
9645,"sugar, bread, cheese, banana, rice",2024-06-20
9646,"chicken, bread, tomato, milk, eggs, yogurt",2025-11-16
9647,"oil, bread, pasta, potato, cereal, onion",2024-02-29
9648,"oil, milk, banana, beef",2024-12-06
9649,"pasta, potato",2025-09-17
9650,"cereal, chicken, potato, oil",2025-05-25
9651,"potato, banana, milk, apple, chicken",2024-01-11
9652,"apple, pasta",2024-06-17
9653,"potato, orange, chicken",2025-06-12
9654,"eggs, pasta",2025-10-06
9655,"onion, apple, oil",2024-08-18
9656,"chicken, beef, butter, onion, cereal, salt",2024-05-30
9657,"orange, salt, butter, cheese, oil, bread",2024-09-14
9658,"eggs, salt, milk, cheese, apple",2025-06-26
9659,"tomato, onion, pasta, oil",2024-02-25
9660,"onion, oil",2025-02-24
9661,"eggs, apple, tomato, sugar, rice",2024-05-05
9662,"onion, potato",2024-04-19
9663,"tomato, banana",2024-09-15
9664,"tomato, cheese, rice",2024-02-06
9665,"pasta, onion, eggs",2025-12-15
9666,"beef, banana, orange",2024-09-21
9667,"rice, butter",2024-04-14
9668,"bread, sugar, orange, butter",2024-09-15
9669,"apple, butter, milk",2025-09-18
9670,"tomato, oil, cheese, butter, pasta",2025-12-31
9671,"banana, rice",2024-08-21
9672,"orange, onion, cereal",2025-03-04
9673,"pasta, potato, bread",2024-04-13
9674,"pasta, tomato, bread, chicken, sugar",2024-07-23
9675,"beef, orange, sugar",2025-12-04
9676,"banana, pasta",2025-01-10
9677,"tomato, oil",2024-07-16
9678,"yogurt, milk",2024-02-28
9679,"orange, yogurt",2024-09-23
9680,"onion, tomato",2024-09-12
9681,"rice, oil, cereal, beef, potato, bread",2025-08-06
9682,"bread, pasta, potato, salt",2024-08-18
9683,"apple, milk, cereal, banana, eggs",2024-06-22
9684,"rice, salt, pasta, banana, eggs",2024-05-12
9685,"orange, salt, cereal, oil, pasta",2025-07-09
9686,"oil, apple, rice, salt",2025-04-01
9687,"eggs, bread",2024-08-02
9688,"yogurt, milk, salt, onion, sugar, tomato",2024-11-10
9689,"cheese, onion, milk, rice, butter, eggs",2024-03-21
9690,"oil, tomato",2024-01-11
9691,"chicken, sugar, butter, cheese",2024-11-24
9692,"onion, apple, butter",2024-07-29
9693,"milk, yogurt, orange, chicken",2025-01-14
9694,"tomato, cereal, bread, potato, pasta",2024-09-01
9695,"oil, eggs",2024-10-15
9696,"bread, chicken, salt, orange, beef",2024-11-19
9697,"chicken, pasta, cheese",2025-03-17
9698,"oil, orange, tomato, butter",2024-07-11
9699,"chicken, oil, sugar, pasta",2025-04-18
9700,"apple, potato",2024-03-06
9701,"beef, milk",2024-03-02
9702,"banana, beef",2024-06-13
9703,"butter, apple, eggs, tomato, sugar, milk",2024-04-30
9704,"cereal, onion, oil, beef, potato",2025-11-28
9705,"orange, banana, oil, pasta, potato, butter",2025-10-11
9706,"butter, orange, chicken, eggs",2025-07-07
9707,"rice, tomato",2025-02-04
9708,"cereal, pasta, rice, onion, yogurt, tomato",2024-12-11
9709,"cheese, cereal, milk, potato, onion",2024-02-14
9710,"cereal, apple, yogurt, butter, chicken, rice",2025-04-17
9711,"milk, eggs, banana, butter",2025-12-24
9712,"oil, sugar, orange, bread",2025-05-19
9713,"cereal, rice, tomato, pasta, sugar",2025-06-19
9714,"cheese, sugar",2024-01-01
9715,"beef, bread, orange, apple",2025-04-13
9716,"rice, bread, banana",2024-07-05
9717,"milk, cereal, orange",2025-06-24
9718,"orange, cheese, salt, yogurt, potato",2024-07-16
9719,"beef, cereal, yogurt, butter",2025-02-08
9720,"onion, cereal, butter",2025-05-16
9721,"rice, onion, butter",2024-09-05
9722,"bread, potato, pasta, salt, oil",2025-09-19
9723,"potato, rice, orange, banana, eggs, bread",2024-06-26
9724,"orange, yogurt",2025-08-28
9725,"eggs, tomato, butter, potato",2025-01-26
9726,"eggs, beef, pasta, potato, cereal",2024-03-14
9727,"banana, bread",2024-03-24
9728,"milk, potato, butter",2024-12-13
9729,"chicken, banana, orange, butter, rice, salt",2025-02-05
9730,"potato, beef, salt, cheese, tomato",2024-06-24
9731,"oil, banana, cheese, sugar, bread, chicken",2024-03-30
9732,"oil, bread, beef",2024-01-04
9733,"apple, butter, cheese, rice, milk, onion",2024-02-24
9734,"rice, chicken, butter, salt, eggs, cereal",2024-02-14
9735,"apple, milk, tomato, bread, oil, orange",2024-05-21
9736,"sugar, banana, yogurt",2024-10-14
9737,"oil, orange, beef, eggs",2024-01-10
9738,"tomato, salt",2024-05-18
9739,"potato, yogurt",2024-01-24
9740,"yogurt, eggs",2025-11-07
9741,"salt, onion",2024-02-01
9742,"cereal, yogurt, bread",2024-11-28
9743,"beef, banana",2024-05-24
9744,"milk, cereal, chicken",2025-03-04
9745,"eggs, pasta",2024-02-14
9746,"yogurt, milk, rice, oil",2024-08-27
9747,"salt, potato",2025-08-18
9748,"cereal, pasta",2024-07-25
9749,"rice, sugar, salt",2024-05-09
9750,"pasta, butter",2025-11-27
9751,"milk, butter",2024-02-02
9752,"eggs, yogurt",2024-01-04
9753,"pasta, sugar, beef",2024-12-22
9754,"apple, butter, onion, potato, chicken",2024-05-04
9755,"pasta, potato, chicken, apple",2025-09-12
9756,"tomato, potato",2025-04-01
9757,"cereal, potato, apple, rice, oil",2025-11-06
9758,"milk, eggs, potato",2025-08-11
9759,"tomato, rice, sugar, milk",2024-03-27
9760,"cheese, orange",2025-05-02
9761,"salt, tomato, butter, beef, rice, banana",2025-07-15
9762,"cereal, banana, beef",2025-09-23
9763,"cereal, orange, pasta, sugar, cheese",2025-06-19
9764,"pasta, eggs",2025-04-05
9765,"tomato, onion",2024-01-08
9766,"onion, eggs",2024-03-31
9767,"pasta, banana, apple",2024-05-20
9768,"salt, cheese, bread",2025-02-15
9769,"beef, yogurt, milk",2025-04-06
9770,"orange, oil, bread, pasta, rice, banana",2026-01-01
9771,"eggs, oil, banana, potato, sugar",2025-03-22
9772,"bread, sugar, yogurt, salt, onion",2024-05-22
9773,"potato, eggs, sugar, pasta",2024-11-12
9774,"bread, cereal, sugar, tomato",2025-12-27
9775,"butter, beef, apple",2024-01-20
9776,"milk, tomato, beef, bread",2024-09-28
9777,"apple, salt, orange, pasta, oil",2025-10-31
9778,"oil, eggs, tomato, beef",2024-02-08
9779,"salt, eggs, pasta, apple, oil",2024-08-17
9780,"yogurt, orange",2025-10-16
9781,"tomato, salt",2024-05-12
9782,"sugar, onion",2025-03-04
9783,"apple, beef, yogurt",2025-01-05
9784,"beef, oil, butter",2024-05-01
9785,"oil, banana, potato, sugar, milk",2024-07-02
9786,"apple, yogurt, salt, cereal, pasta",2024-09-18
9787,"milk, oil, cheese",2024-01-25
9788,"yogurt, eggs, bread, tomato, salt, beef",2024-09-04
9789,"eggs, rice",2024-02-12
9790,"butter, beef, cheese, oil, pasta, bread",2024-09-19
9791,"oil, milk, apple, beef, orange",2024-09-20
9792,"beef, salt, eggs, rice",2025-08-14
9793,"banana, beef",2024-12-01
9794,"yogurt, apple",2024-02-09
9795,"tomato, rice, orange, salt, pasta",2025-08-06
9796,"bread, eggs, pasta, banana",2025-01-16
9797,"bread, eggs",2024-05-25
9798,"cereal, pasta, apple, sugar, orange, yogurt",2024-05-28
9799,"pasta, oil",2024-08-11
9800,"milk, salt, onion, potato, banana",2025-07-24
9801,"milk, orange",2024-09-29
9802,"pasta, salt, banana, sugar, apple, cereal",2025-09-19
9803,"orange, apple, rice",2024-03-02
9804,"bread, sugar",2024-09-27
9805,"pasta, sugar, tomato, rice",2024-01-17
9806,"chicken, orange, beef, bread, eggs",2025-10-18
9807,"cereal, potato, chicken",2025-10-11
9808,"banana, tomato, potato, oil",2025-10-26
9809,"salt, cheese",2025-09-02
9810,"apple, tomato, beef, cereal, chicken, orange",2024-08-02
9811,"oil, rice, yogurt, potato, beef, tomato",2025-02-04
9812,"salt, oil, beef, tomato, pasta, onion",2025-09-09
9813,"milk, pasta",2025-05-25
9814,"tomato, banana",2025-06-01
9815,"beef, milk, cereal",2025-04-16
9816,"orange, cereal, potato, butter, yogurt",2025-08-17
9817,"sugar, yogurt, chicken, tomato, salt, rice",2024-04-05
9818,"sugar, oil, cheese, milk, butter, beef",2024-03-07
9819,"pasta, oil, rice, yogurt, onion",2025-07-23
9820,"potato, chicken, rice, bread, banana, sugar",2024-07-07
9821,"cheese, eggs, salt, yogurt, sugar",2025-08-16
9822,"sugar, beef, yogurt",2024-05-15
9823,"eggs, orange, bread, tomato, butter, cereal",2025-08-27
9824,"eggs, apple, rice, oil",2025-08-24
9825,"onion, tomato, yogurt, butter, beef, oil",2024-12-17
9826,"pasta, cereal",2024-04-13
9827,"eggs, cereal, rice, potato",2025-01-23
9828,"eggs, tomato, banana, pasta, beef, butter",2024-11-16
9829,"yogurt, sugar",2025-05-01
9830,"milk, pasta",2024-03-19
9831,"cereal, butter",2025-11-13
9832,"sugar, butter, apple, bread",2025-07-26
9833,"orange, chicken, cheese, onion",2025-01-03
9834,"cheese, eggs, milk, rice",2024-10-22
9835,"onion, salt",2024-08-02
9836,"banana, beef, cheese, cereal, eggs, tomato",2025-09-11
9837,"cereal, tomato, cheese",2024-07-30
9838,"salt, banana, tomato, orange, cereal",2025-01-12
9839,"rice, bread, yogurt",2024-07-19
9840,"beef, eggs, bread, salt, cereal, yogurt",2025-12-13
9841,"apple, rice, cheese, milk, bread",2025-06-14
9842,"beef, bread, milk, cereal, eggs, potato",2024-08-01
9843,"oil, eggs, beef, pasta, potato, banana",2025-01-15
9844,"potato, banana, eggs, butter, onion, rice",2025-06-23
9845,"salt, milk, bread, beef, onion",2024-12-23
9846,"beef, cereal, banana, oil, bread",2024-08-18
9847,"potato, salt, yogurt, oil",2024-03-11
9848,"rice, salt, beef, banana, orange, pasta",2024-07-02
9849,"beef, banana, butter, salt, tomato, onion",2025-05-10
9850,"beef, eggs, bread, rice",2024-09-30
9851,"rice, milk, yogurt",2024-03-13
9852,"apple, banana, butter, eggs, oil, onion",2025-12-05
9853,"cereal, rice, potato, tomato, banana, butter",2025-10-23
9854,"butter, orange, beef, salt, tomato",2025-04-26
9855,"bread, salt, eggs, cheese, butter, cereal",2025-06-24
9856,"chicken, banana, yogurt, milk, orange, oil",2025-12-29
9857,"cereal, milk, pasta, tomato, cheese",2024-12-22
9858,"milk, bread, rice, banana, oil, cheese",2025-02-17
9859,"salt, eggs, sugar, pasta, milk",2025-02-18
9860,"butter, orange, chicken, pasta",2025-11-22
9861,"potato, banana, oil, apple, tomato",2025-05-15
9862,"banana, yogurt, butter, onion",2024-02-08
9863,"cereal, apple, oil, yogurt",2025-10-23
9864,"tomato, eggs, rice, orange, apple, milk",2024-03-24
9865,"rice, chicken, milk",2024-03-14
9866,"potato, bread",2024-08-27
9867,"apple, cereal, oil",2025-06-30
9868,"cheese, oil",2025-02-18
9869,"yogurt, butter, banana, cereal, tomato, sugar",2024-05-09
9870,"tomato, cereal",2025-11-10
9871,"butter, onion, pasta, cheese, eggs, apple",2025-06-23
9872,"pasta, butter, beef, onion, orange",2024-10-04
9873,"potato, cereal, onion, milk, tomato",2024-04-19
9874,"sugar, tomato, oil",2025-12-14
9875,"apple, banana, potato",2025-02-12
9876,"orange, oil, eggs",2024-04-30
9877,"butter, cereal, onion, bread",2024-01-25
9878,"bread, tomato, pasta, yogurt, eggs",2025-11-21
9879,"yogurt, chicken, salt",2024-10-26
9880,"chicken, apple, potato",2024-03-21
9881,"potato, milk, sugar, orange",2025-01-22
9882,"eggs, sugar, onion, apple, banana",2025-11-29
9883,"oil, butter, yogurt, cereal, bread, orange",2025-01-10
9884,"pasta, milk",2025-01-12
9885,"pasta, tomato, yogurt, salt, sugar",2025-08-12
9886,"oil, beef",2024-05-07
9887,"onion, apple, potato, eggs, chicken, yogurt",2025-12-31
9888,"chicken, milk, butter, pasta",2025-11-15
9889,"orange, pasta, milk, banana, rice, salt",2025-07-29
9890,"tomato, chicken",2025-03-27
9891,"milk, beef, apple",2024-12-31
9892,"tomato, orange, apple",2025-11-18
9893,"eggs, bread",2024-01-31
9894,"milk, banana, butter, tomato",2025-09-07
9895,"orange, chicken, cheese, milk",2024-10-11
9896,"orange, chicken, banana, butter, onion, salt",2024-10-24
9897,"tomato, chicken",2025-03-27
9898,"onion, sugar, potato, cereal, chicken, orange",2025-09-16
9899,"rice, milk, banana, cheese, salt, sugar",2024-07-25
9900,"chicken, onion, cereal, milk, apple, salt",2025-02-08
9901,"apple, chicken, cereal, banana, yogurt",2025-12-16
9902,"onion, apple",2025-07-05
9903,"rice, cheese",2024-12-06
9904,"apple, milk, pasta, tomato, bread, potato",2025-07-20
9905,"oil, apple, salt, potato, onion, rice",2024-06-12
9906,"oil, chicken",2024-06-02
9907,"potato, butter, tomato, eggs",2024-02-15
9908,"eggs, yogurt, beef",2025-08-07
9909,"oil, potato, eggs, milk, cheese, bread",2025-07-14
9910,"banana, tomato, sugar",2025-02-06
9911,"potato, apple, milk, sugar, salt, cheese",2024-09-12
9912,"sugar, banana, rice, butter, oil, salt",2024-11-28
9913,"yogurt, rice, potato",2025-12-03
9914,"onion, sugar, potato, pasta, milk",2024-01-01
9915,"salt, pasta, yogurt, potato",2025-04-24
9916,"apple, chicken, orange",2025-08-13
9917,"salt, onion, rice",2025-01-08
9918,"rice, cereal, milk, apple, salt",2025-04-29
9919,"potato, cereal, butter, milk, sugar",2024-01-29
9920,"butter, banana, orange, tomato, rice",2024-11-27
9921,"orange, bread, beef",2024-01-25
9922,"tomato, salt, eggs",2025-09-18
9923,"tomato, yogurt, chicken, salt, cereal, sugar",2025-03-21
9924,"tomato, butter, potato, orange, onion",2025-04-01
9925,"cheese, apple, eggs, bread, beef",2024-05-03
9926,"banana, apple",2025-08-02
9927,"salt, rice, oil, bread, banana, cereal",2025-06-25
9928,"rice, sugar, salt, milk, beef",2025-05-25
9929,"beef, tomato, cheese, yogurt",2024-09-09
9930,"beef, milk",2025-03-30
9931,"cereal, beef, pasta",2025-03-15
9932,"potato, chicken, milk",2024-04-20
9933,"bread, cereal",2025-02-12
9934,"banana, oil",2024-11-01
9935,"pasta, onion, eggs, oil, bread, salt",2025-04-06
9936,"bread, rice, orange, beef, apple",2025-07-17
9937,"beef, tomato",2024-01-07
9938,"sugar, chicken, orange, onion, rice",2025-08-30
9939,"bread, oil, orange, salt",2024-05-07
9940,"sugar, milk, oil, onion, cheese",2024-07-17
9941,"yogurt, banana, sugar",2024-03-03
9942,"yogurt, cereal",2024-08-30
9943,"salt, butter, oil, tomato, milk",2025-02-03
9944,"sugar, cheese, rice",2024-08-02
9945,"beef, milk, rice, apple, banana",2024-01-09
9946,"salt, cereal, bread, pasta, sugar",2024-06-19
9947,"chicken, potato, banana, apple, orange, salt",2024-12-08
9948,"butter, banana",2025-03-19
9949,"onion, chicken",2025-07-02
9950,"onion, pasta, chicken, banana",2024-06-21
9951,"cheese, tomato",2024-02-15
9952,"milk, eggs, pasta, bread",2024-05-28
9953,"oil, beef, banana, cereal, rice",2025-05-20
9954,"banana, milk, cereal, tomato",2025-04-12
9955,"onion, rice, pasta, cheese",2025-08-07
9956,"pasta, onion",2024-03-25
9957,"chicken, rice, banana, cheese, butter, beef",2025-02-16
9958,"rice, eggs, potato",2024-09-04
9959,"apple, oil, rice, orange, butter, salt",2025-11-23
9960,"onion, yogurt, chicken, tomato, banana",2024-01-30
9961,"banana, sugar, yogurt, potato, rice",2025-12-22
9962,"potato, cereal, yogurt, sugar, banana, salt",2024-07-13
9963,"banana, yogurt, sugar",2024-01-03
9964,"onion, sugar, cereal, pasta, butter, beef",2024-06-04
9965,"orange, bread, rice, salt",2025-04-19
9966,"chicken, bread, milk, eggs",2025-08-31
9967,"butter, oil, eggs, bread",2024-09-26
9968,"oil, sugar, eggs",2024-12-11
9969,"eggs, rice, orange, salt, chicken, oil",2024-08-04
9970,"beef, potato, pasta, onion",2024-05-02
9971,"apple, butter, tomato",2025-06-24
9972,"banana, cheese",2024-08-26
9973,"chicken, yogurt, sugar",2025-04-04
9974,"potato, butter, milk, apple",2025-07-24
9975,"yogurt, chicken, banana, salt",2025-05-25
9976,"potato, yogurt",2024-11-16
9977,"orange, yogurt, beef, butter, bread",2024-09-28
9978,"rice, cereal, beef, banana",2024-11-09
9979,"milk, tomato, bread",2024-02-23
9980,"beef, yogurt, onion, rice, salt, cereal",2025-09-24
9981,"cereal, cheese, oil",2024-12-26
9982,"orange, oil, milk, apple, sugar, cereal",2025-04-13
9983,"butter, eggs, tomato, cheese",2024-03-27
9984,"milk, cheese",2024-08-09
9985,"butter, tomato, potato",2024-05-16
9986,"eggs, sugar, chicken, banana",2025-08-27
9987,"chicken, apple, orange, butter",2025-07-19
9988,"milk, cereal, onion, chicken",2025-11-05
9989,"beef, orange, pasta, banana, cheese, onion",2025-06-06
9990,"yogurt, chicken, salt",2024-08-31
9991,"eggs, banana, apple, milk, cereal, salt",2024-05-23
9992,"potato, butter, orange, onion",2025-10-29
9993,"onion, rice, cereal, beef, chicken",2024-05-24
9994,"rice, salt",2025-08-03
9995,"banana, bread, chicken",2024-02-14
9996,"banana, bread, orange, potato, eggs, pasta",2024-10-20
9997,"cheese, bread",2025-12-13
9998,"eggs, salt",2025-04-01
9999,"bread, oil, salt, sugar",2025-01-07
10000,"oil, potato, salt, butter",2024-01-25
